total_amount,high_risk_items_count,checkout_duration_seconds,is_new_shipping_address,account_age_days,is_fraud
1232.1879017554552,1,70.62240044853705,0,130.60708926282263,0
235.12668667639258,1,228.53581998642304,1,218.72924121970985,0
436.33708208038814,0,398.3215265298451,0,7.414221550899485,0
405.23248081363,0,93.30170846929033,0,31.00607276722524,0
618.6915280764977,0,606.1621165989297,0,13.988906986293449,0
352.50353961492806,0,296.54212737520817,1,237.57289438696782,0
1712.0276080627452,0,240.56421995296333,0,29.072587561093673,0
176.53415732671377,0,262.57726761048053,1,82.85464148411448,0
465.89190789218856,1,329.04551414765695,0,103.10184414904792,0
690.3081026162768,0,113.42688737386392,0,129.07520787663978,0
665.6364296879036,1,224.319897687732,0,16.68490892585115,0
1178.0352579347496,0,83.57725318181915,0,250.0,0
242.24031197917938,1,40.83460857740752,1,55.10866903262315,0
820.8591427142123,0,332.4404890917583,1,250.0,0
128.5017239783493,1,110.71181882212832,1,11.901759536984503,0
664.5129081372719,1,163.7673705127718,1,99.1919471426601,0
335.44857387202137,0,416.8851051116408,0,52.700355467648464,0
2447.9826811705134,1,79.66657114530936,0,1.7818104668200336,1
2617.9025502373547,1,106.81965707639672,1,101.25960147186912,0
466.20161795464014,0,413.7334523123004,0,18.15676742368037,0
1643.5456169865647,1,15.745240276745385,1,11.975083545354188,1
1443.6352240958504,0,75.6434646942399,1,170.9812704028336,0
2056.523597245298,0,330.9702050171066,0,25.987010348376195,0
1175.3401284798435,1,22.012724523110492,1,59.437290815277166,1
641.4469845919936,0,218.5329359535577,1,138.95711250141105,0
1898.2864769286184,2,85.34865203719308,0,25.863329556076952,1
355.35507148957305,0,76.55454553810492,1,8.400269421902207,0
1960.4334650974977,0,281.5494704693738,0,30.570771818438892,0
660.1166787764308,1,457.8811892779542,0,112.36331025218617,0
40.0,0,961.7436247497433,0,84.62237131570905,0
371.8894100484294,0,142.85668798085194,0,187.2389479878698,0
76.38856742603717,1,616.0373597264655,0,7.491103756463949,0
663.6794414753358,0,1186.6038870400819,0,87.61271918303494,0
1046.7535260440227,0,509.7914795923593,0,61.35415209160592,0
207.3174516451913,1,165.29945028151377,0,17.293218443358914,0
733.0683566702644,0,203.66065092956902,1,101.79956173834312,0
166.78653733845826,1,181.67401454338744,1,13.96406460620735,0
633.2106414574034,1,85.87732146399611,0,250.0,0
2465.2298835933707,1,17.981110916424505,0,226.9630444617136,0
631.5704415741923,0,1116.7768430544893,0,7.949051262867223,0
1207.8179660589965,0,110.96365621564453,0,250.0,0
1391.6145175356396,1,215.08757939336977,0,250.0,0
1077.9558393213208,0,54.208014219380935,1,80.98294966685039,0
61.05535366757752,0,274.5676242009735,0,126.28069275138556,0
1918.1082694367797,2,28.226593430498607,0,2.4301328138733123,1
862.5045037138219,0,230.15510229984588,0,43.51432005469122,0
113.42550084964537,0,600.1394518362016,1,47.4772008567226,0
3544.463609251779,1,109.36633388921715,0,6.153053150536417,0
138.80183467721952,0,102.83705197533037,0,59.72623278081643,0
651.0624991663813,2,298.8867812130642,0,125.97905800411792,0
1119.3188257319393,1,392.88771727547095,0,250.0,0
928.6417483278525,1,409.1562095825277,0,44.36669502559717,0
228.59448836879693,0,158.44547876604855,0,182.34581629225184,0
1685.390034105044,0,63.98505555842176,0,43.281295424163694,0
131.59646876056127,0,888.6854509997687,0,2.666830554589473,0
814.4124748077963,0,631.0704246710856,0,82.33775731898571,0
418.73949251567643,0,75.14433770094836,1,135.36993715470336,0
2261.0124983575365,4,78.5208828371332,1,29.00798306505456,1
276.4787658882395,1,670.3966214292155,0,16.20528025628336,0
719.8713431468673,0,175.858913806511,1,44.90726736257474,0
830.6536851092145,1,251.09834864097854,0,10.698931955660132,0
374.9496210341395,1,627.6280527433623,0,1.8591062329819446,0
184.0073272102231,1,76.52121481736219,0,100.00693956658577,0
320.6064975661269,1,145.5990780446641,0,54.08991839039539,0
2822.768507234051,0,98.13088191226369,0,60.65150711305788,0
154.37175226217227,0,687.9190058843982,0,10.361474955214565,0
504.2755157318779,0,218.18916953763915,0,127.82820016700472,0
3860.1614172578584,1,100.09698913101697,0,1.2944510345015692,1
1068.3095072074182,0,217.84406997371977,0,133.31262157687763,0
119.94719648833882,0,286.15238118634255,0,113.55096846698343,0
194.17550604590073,0,304.14615816785755,1,28.08943339959153,0
467.85610919894174,0,325.0057564226094,0,75.1837667019406,0
929.7870357277577,0,733.8605958061089,0,186.8478320772263,0
232.0615790623703,0,136.00442416868967,1,166.60636912496796,0
593.5178634588086,0,420.1958751982559,0,11.463209234825166,0
370.09598441790445,0,164.70500738625958,0,125.74724734193013,0
404.6674635331887,1,100.0743987845082,1,9.45069535611456,0
151.85513768735518,0,168.60171847260864,0,250.0,0
684.2122569225287,1,93.97321582831736,0,110.14896006958777,0
456.6547900627818,0,121.64925323987138,0,1.3964612592546806,0
707.1686768433318,1,531.1434447238576,0,20.91367328218119,0
725.4389500801508,0,383.57276815787014,0,117.83154496481835,0
393.63249689102395,0,52.47578215220382,0,250.0,0
454.6751218227434,0,217.71610266131998,0,38.05454148296592,0
1502.3534845991683,0,452.3487316612204,0,50.63223573171156,0
652.9973968521889,1,160.53090142638408,0,3.794429327832935,0
753.8595364944644,1,47.37614898397778,0,19.991038363488197,0
62.52490181032199,1,352.7163832990133,0,105.83395637914408,0
147.09737091254647,0,326.6305179320741,0,49.607988246168034,0
1538.3645696960166,4,80.11713564452558,0,69.1209386644695,0
213.58825336043313,0,128.61132550215342,1,250.0,0
948.4946887114833,0,401.6316099939913,0,21.76485381107798,0
381.5553146063459,0,248.6119911298903,0,250.0,0
522.7430257475513,0,1059.9573103642615,0,73.78361355877695,0
244.93867018367453,0,235.4420296351861,0,7.638612881386316,0
469.5947580390425,0,101.98748735015346,1,250.0,0
1081.011663904088,0,1068.3966578381473,0,57.763368054225026,0
446.3184016464102,1,104.98953987851085,0,58.8231846068114,0
369.94117546586574,0,144.52349710285807,0,120.41978196989268,0
1302.161817804961,0,146.3999980557515,0,29.461782855231636,0
632.7269628405471,0,79.06090029959171,0,8.935265393188336,0
1088.6130750951172,0,146.37564741774676,0,142.26824929171616,0
540.3279858081823,0,78.01798166052464,0,55.043048362932254,0
497.1639198406063,0,221.12550566552184,0,161.34041417073115,0
423.9345593666867,0,163.52793100850928,0,250.0,0
1566.2805385649165,0,317.28993588486253,1,17.53474168542562,0
1847.817797150575,1,171.21120301838477,1,38.67951781977258,0
844.4162230334308,2,50.56283932773883,1,68.46298663759825,0
720.1917446929308,1,80.08151219617508,0,79.15411196427151,0
1975.7625945207017,0,283.35693314882894,0,4.693506306074531,0
559.0335036760807,0,76.83521791389119,0,224.18433096262913,0
1977.2800195020268,0,296.793314758624,0,11.178130021706568,0
4222.063418169446,0,62.55339468695988,0,103.03814076551481,0
355.46195334965745,1,55.68376589404,0,90.59430170887782,0
263.9687235820336,0,69.20008599925404,0,60.92548911774082,0
478.311616848648,1,25.12104957503603,0,98.02610763339763,0
315.82200304935344,1,81.12189415717437,0,80.6320049466071,0
75.61362206887719,0,232.92471495497549,0,89.99180419493686,0
1013.315891005877,0,442.61173186542743,0,105.7220537802239,0
384.4946020309332,1,655.2389895182246,0,82.6077657329441,0
94.20225149888107,0,590.4634296525119,0,8.727407767670927,0
1508.3449743047681,0,206.74624912779325,1,62.778508888463676,0
440.08782273915824,0,370.7000341166319,0,125.8049187307305,1
696.9859802445585,0,321.51771185610323,0,64.35667850095,0
480.19423116537587,1,264.37574970678264,0,48.5275581207555,0
645.6442699482725,0,79.94892100133788,0,154.0540343009762,0
274.48802427425017,0,147.66162345680394,0,153.543548084047,0
1064.0792020001943,0,295.0182519659131,0,58.00663304691505,0
576.5330354930686,0,97.55777742648216,1,18.943832423508255,0
182.7923094805618,1,99.85049025453321,0,44.59823039706015,0
499.0492297296291,0,49.34990866145171,0,80.39806831735842,0
895.0683349622982,2,312.64345174255004,1,15.92487725801472,0
94.47065241102223,0,1034.1420744206378,0,10.800539337700549,0
166.65410818743612,1,110.12401926439533,0,57.7589734646615,0
89.62710369239589,0,78.21019792804707,0,236.97680182481497,0
1074.099993784782,2,45.35054596104375,0,17.1074583522812,1
119.88680074091891,1,258.5752740434135,0,20.931799013714617,0
98.58138347621713,0,291.01600875614804,1,2.549713385946788,0
1101.9678621437986,0,149.7032882424701,0,45.366408982900616,0
2057.2648932861603,1,399.6104387013733,0,30.244061651836216,0
354.2107076075161,0,374.33820049362174,0,250.0,0
95.52631839185929,0,261.12348264550894,1,140.33926428245073,0
186.0984205764091,1,265.32156009498664,0,20.977710754566996,0
199.43230481612764,0,190.03451100862105,0,183.20626542257176,0
112.68954346734208,1,185.809688157237,0,137.22098008651108,0
355.18616423420985,0,135.0291061056826,0,46.921521986013204,0
135.60398394588586,1,264.2674148650224,1,51.58496070255349,0
1909.0739102082175,0,21.302204154956215,0,99.89810499418874,0
216.36400580380942,1,167.12614055098084,0,4.565545036307644,0
131.49744676134543,1,261.1574705211833,0,250.0,0
776.2617633390407,1,338.7952508453091,0,193.33074896033037,0
959.7486246157383,1,95.37215943597519,1,72.68068460968016,0
540.5514362562348,1,251.28882315371487,1,76.79754511940848,0
1817.1411267472563,1,129.04313414768293,1,214.3913779961303,0
211.90184855991376,1,223.94863885427486,0,28.18792048397103,0
135.05030894482374,0,287.937250638847,1,7.6724708859277975,0
918.109683679877,0,302.1482897392175,0,22.767995692925645,0
299.71516282307863,0,888.3700711106837,0,82.68922446175846,0
324.1170612254444,1,396.3285885758339,0,173.30586620333133,0
338.96755982056516,0,330.7431120527694,0,104.87936780833786,0
692.3340606743615,1,786.4262733949898,1,112.98443922859525,0
772.673891504545,1,244.45033853841807,0,149.44685109943808,0
201.9770930905261,1,185.06746407154066,1,7.06262292885172,0
527.087552052349,1,148.1356238835562,0,250.0,0
435.68106094469925,2,400.1815355977305,0,229.1605296171853,0
174.02962230444112,0,311.0080850662178,0,56.554008595387025,0
3721.16497401783,0,13.190695484289355,1,8.0527556147562,1
806.4118957875478,0,167.56747506555806,0,7.400830654813965,0
2014.6872374868367,0,185.31110960227548,0,9.76834101587856,0
124.25552642136725,0,558.9991517976769,0,204.2271990237593,0
1675.8159404380524,2,177.09347673392483,0,17.01883562878803,0
1844.2548179178038,1,176.16082288338905,0,7.000488900546832,1
2007.7934218730518,0,148.42533404974202,1,250.0,0
241.39310512982334,0,199.01864079507564,0,201.94961895911746,0
386.3427969316355,2,212.2234150798048,0,104.92549658311768,0
423.23316172405214,0,552.692586585196,0,61.83427551079098,0
1949.738231694379,0,302.7064050211382,0,64.33854085650097,0
1228.3972523002524,2,94.68126706485059,0,83.56711983330557,0
212.84383108344167,0,238.51657627298005,1,19.893110259982233,0
2284.141287916729,0,61.91700351987537,0,250.0,0
200.79453167283347,2,126.54161052215005,1,45.93281901814859,0
162.91540092714573,1,209.803101397275,0,76.88285764668682,0
459.23202770833745,0,82.04732045387385,0,18.766901112542158,0
238.11447202048254,1,179.94396704978402,0,184.02216411851,0
447.41207438186063,1,188.83229272202684,0,95.93550205816662,0
262.8769020747268,0,64.78136394192501,1,43.13966597225537,0
464.6829089477386,2,291.06619130927805,1,174.78665415905093,0
1450.6176006163562,0,205.78746500942958,0,54.16345001878616,0
260.12821641497925,1,136.37811906807,0,142.1524794447902,0
444.59463390867563,1,462.5368985920967,0,20.256771525590104,0
846.5398268564873,1,207.71699311534957,0,150.61569933182864,0
2174.6526556108934,1,373.93201674990246,0,62.31535060463531,1
374.32883558696193,0,105.62355105713415,1,32.65706854550113,0
135.6571106221594,0,431.48131016795446,0,117.01406132790157,0
216.2376857183988,1,269.11086387381806,0,42.99393765334807,0
1010.6662755951506,0,262.37731310288734,0,2.1580161258294908,0
496.0421960173822,0,129.288445838508,0,250.0,0
427.3826480845298,2,300.0874542918526,0,10.328892891272009,0
339.15316978692215,2,76.206362484524,0,135.15256279138194,0
279.6387141645353,0,53.7823009984921,0,14.620842099813077,0
246.96393357546987,1,931.0531992704716,0,138.3366556121622,0
386.05266280732155,0,41.30230555667651,0,42.38840018934366,0
113.78967342606643,1,114.80935600223175,0,250.0,0
279.3215311675152,1,132.8431150426727,0,168.08214683459911,0
330.2770939321168,0,299.45837596664467,0,142.94476801245685,0
691.9743868581646,0,146.7796863178085,0,47.2738383391638,0
109.79746946614607,0,164.08019800322282,0,250.0,0
1104.406086496501,0,127.08124803174047,0,72.56608509865586,0
132.16661023500424,0,347.2712201166987,0,3.4721656696220364,0
698.0803855627042,0,230.63610352275302,0,206.93814620868017,0
2036.765452257477,0,169.37544770693725,0,39.41006572814244,0
1104.7997471959063,2,426.6993483224452,0,51.751948181207084,0
253.21220353138887,0,793.8805666408767,1,89.93080870386656,0
1905.3082637639684,3,59.97154986220181,1,20.46278286508989,1
9004.562552700389,1,64.8678531938389,0,181.3572454291672,0
424.14102660803445,2,225.81478605366664,0,26.15590451193275,0
1916.3576528308658,0,152.79519867212807,0,67.30797424691491,0
947.3383508721796,2,115.13148388705095,0,208.903774057341,0
353.4033239958075,1,160.68932790613945,1,40.277226274999286,0
355.7032927996876,0,76.02810756729082,0,23.500018893862627,0
41.39690461988064,1,194.45551107052722,0,68.8491561765486,0
725.141726548036,0,181.13093563159813,0,250.0,0
316.4873125148632,0,290.25754797048006,0,250.0,0
73.81417032431237,0,97.02648910895539,0,214.26880170714466,0
3054.959347421613,2,54.115580335468884,1,1.8819389861396743,1
1614.4954540689369,2,172.56060973912855,1,5.765943538783854,0
628.1945348938218,0,216.26948935266105,0,74.32713953164404,0
69.20491193981648,1,35.43550077815549,0,13.959239107188177,0
125.21016063304414,0,107.75042121535222,0,23.14785988508471,0
230.9259436809406,0,265.995308096259,1,40.19904186315582,0
449.13689485332816,0,172.2342682357625,0,34.851968800322645,0
1337.3764216522964,1,221.42337871132577,0,250.0,0
1396.275376974251,1,366.9561332218405,0,31.14887292912034,0
363.4566835255036,0,89.27609370203659,1,57.29509835889428,0
615.1016241937605,0,101.64134881392259,1,73.6317254029545,0
483.25390379304497,0,311.80708738468155,0,123.00684519217177,0
142.166476621802,0,60.98153625530292,0,20.94277011645016,0
1629.5999682183551,0,340.25014554393914,0,113.91894024164068,0
530.0492028601413,0,153.59298272610266,0,250.0,0
101.52652138957966,0,248.93232369218578,0,84.58995543913136,0
665.9896925868326,0,129.50161340416687,0,164.36181942531448,0
50.102145736330655,1,72.03549290583621,0,23.645099124693697,0
710.538277644526,1,171.33700380330689,0,76.45181634325749,0
231.1881240247537,1,391.3758037384674,0,109.86382152012621,0
90.37578221282561,0,128.68157163423157,0,97.40087102941487,0
513.6767051033094,1,108.49527951173468,1,89.53123112977404,0
1553.739126938233,1,281.43676148305826,0,108.83620666991024,0
1062.4083528552915,1,238.54622231852082,0,92.8235676239428,0
255.3243141954314,2,247.01955446463728,0,18.994967335486205,0
1956.6152522447805,1,74.27233657670845,0,121.78732613873547,0
1218.05842418169,0,135.60570715147813,0,22.99035593196048,0
294.6974599847392,0,61.41398063009369,0,222.09683143183577,0
1226.7445193487438,2,18.72537445888278,0,11.814365571381868,1
1595.8809928102023,1,161.18627754120504,0,100.80216334448313,0
433.584541440476,1,339.1284198358967,0,68.71075379660255,0
102.2148615853318,0,63.61934221749489,0,125.91126098122805,0
1882.4826597692374,0,971.5097992440172,0,52.250681398670494,0
5226.993759714941,0,56.58922242890553,1,16.32062872394239,1
497.39799242559684,1,124.08719872109894,0,154.272268757775,0
157.93062621200315,1,98.64542112025596,0,40.56959215650417,0
577.998270211845,1,264.40455569320625,0,104.30281334008586,0
176.28436056491998,0,185.55890204142705,0,3.6559827442400388,0
261.1631743751963,1,151.8704136726344,0,4.603711804114589,0
2162.9884102666283,0,133.36334598828603,1,60.432048771727594,0
306.4337769517354,0,126.81705217985314,0,25.52000250841367,0
409.0140507868198,0,200.87412882151185,0,87.85223333734164,0
3823.5298782373147,0,445.8680054991019,1,133.50942610868424,0
345.44342100362167,1,124.0952994656577,0,5.702861945259512,0
292.8835052257683,2,1025.770010863035,0,64.10703591599379,0
198.87420224453587,0,256.4919239890582,1,161.9735764313398,0
236.62201939423923,1,409.2868371413149,0,48.29385991431491,0
215.73507377460302,1,43.855078955134,1,25.71405179485287,0
1356.8382466707415,0,393.0260398066891,1,200.31572422825033,0
3421.7021817117793,1,201.92355575209527,0,6.486286705245316,0
75.3798555386876,1,637.1820578146572,0,166.47887252992297,0
105.06928458370335,0,615.1750324068386,1,102.21499655667428,0
348.7069658482409,0,263.18278159631313,0,100.49320678698552,0
216.95075420289777,1,1978.7886919152556,0,60.467954896351756,0
212.06922307164837,2,808.0286768936871,0,123.71854294211124,0
99.69652254080682,1,73.29699189721967,0,25.734981233757782,0
2249.385960688199,0,105.62257289468923,0,5.310139866586597,0
727.776679108678,0,309.45063323658206,1,108.945291474543,0
1012.9913492148787,1,38.65041749960425,0,42.06676018958021,0
1575.5067034943565,3,85.42404808869573,0,5.1300833645733475,1
7665.751954949318,1,145.93442595062353,1,6.6251725827734855,1
819.8114364166581,1,99.52593625476415,1,250.0,0
1688.141463174899,1,278.0364677410196,0,39.40500396225484,0
2190.9204461077447,1,174.18789245654696,0,250.0,0
1078.7144226412347,0,247.87368469858757,0,120.28428375060474,0
224.4310343318603,0,352.4344582774876,1,52.465130037391916,0
345.46933557240266,0,23.59865802027393,0,124.22733572987413,0
2697.20227801592,0,139.9563363692455,0,42.62886769375427,0
1444.8984026812839,1,193.15766714087704,0,0.1985009515497393,0
1148.0463362145038,0,343.11259814962244,0,157.24153023578617,0
198.15571008106957,0,679.4801289345446,0,87.62868306810475,0
452.500299743422,1,734.0864861034245,1,154.72982234038676,0
118.75349445524876,1,212.74727899974323,0,15.099937486270536,0
279.17224623830543,0,85.22510587823652,0,81.53982993838105,0
315.9654402001428,0,329.63102955773826,0,27.226025365402606,0
1162.284871832031,2,193.7882238041731,1,31.56836242469479,0
260.46517329762946,0,52.1815925360018,0,250.0,0
446.05974180225024,3,97.30847870758494,0,250.0,0
351.07295474058674,0,47.01855780997734,1,96.81003989647799,0
670.6379901868825,1,168.98107049490773,0,24.655952690707057,0
1042.6863807859577,0,300.36387011339883,0,250.0,0
42.917358344879325,0,154.67841872500748,0,165.26372543400277,0
495.283607052411,0,106.8258580879808,0,119.6839131392126,0
562.3625483718856,1,563.9910890609461,0,249.5908973537167,0
247.9330334049265,1,309.7491935109201,0,94.85631257854115,0
117.44417692041495,2,910.4008724223679,0,208.5820607965231,0
3298.5916574974585,5,177.9371322867865,1,12.041193670964832,1
725.1113097027784,0,324.72422267627115,0,250.0,0
821.9396457785382,0,198.33938690909227,0,96.69584729073506,0
266.4175131370412,1,308.3629177151005,1,231.04113114016877,0
242.1558794216795,0,217.96727156403838,0,3.2669248485213234,0
405.38471979339084,0,143.0685452153007,0,27.24818053194503,0
432.4580603306247,0,144.30989691180014,0,250.0,0
347.5564943614707,1,140.8721687881743,0,250.0,0
2509.8737762468904,1,91.41806993601638,1,98.9964611811608,0
665.9922146929828,1,316.5220932443797,1,66.7056946910382,0
1323.5628351267371,0,141.06648809153378,1,212.71316404806518,0
725.3527992873951,0,207.74136405091252,0,25.706452653263828,0
71.49250313628386,1,218.32351096127286,1,48.56897828903644,0
466.09904858654807,0,87.53288762303366,0,26.824395012279652,0
1558.3552254793508,2,55.201284677412445,1,92.22688228984062,0
62.17761864176134,0,724.3389522959209,0,39.79905459880238,0
1244.420116337933,1,202.18451808554417,0,30.55060140078641,0
1187.2667032303848,0,240.12719224986284,0,102.76398301932481,0
444.08856218203647,0,159.0344844993883,0,19.92230354720768,0
181.77572251250118,1,227.38172366117183,0,20.488174674358245,0
271.1426013681188,0,288.3199729412384,0,15.465847676043238,0
388.82662538490274,0,175.88636188920506,0,178.18425490415598,0
76.11618656043277,1,47.79848691990711,0,17.389458019400085,0
278.9868156613073,0,262.0978997497835,0,196.70030264775232,0
451.48103485024666,0,103.92706625457903,0,64.83537947366631,0
646.6728870296164,0,129.52486662237462,0,150.76220349177743,0
331.7313358098667,1,285.2903361094386,0,159.65149047918302,0
155.19937148150817,0,868.6913234899062,1,7.313719846516952,0
1630.0074147409289,0,63.645432850383855,1,53.334918065931205,0
269.41497086387045,0,134.80061916439485,1,25.241680022363933,0
398.8075645112084,0,171.96188173058283,0,250.0,0
95.12280697185484,0,669.0268541550148,0,22.27049259003038,0
336.1218905294894,2,149.9479707807199,0,79.484380476285,0
959.954043805518,1,183.19015124005958,1,27.21085109232085,0
857.466296824921,0,148.7184546468169,1,200.06401259434043,0
747.9429372484236,0,59.15578314737175,0,23.16885019474749,0
865.403094586383,0,66.35189398395877,1,8.763620817994587,0
197.2935933000717,0,146.3055744736807,0,250.0,0
2864.3628602093854,0,24.503924995236872,1,117.47264195558627,0
40.0,0,186.5854332043148,1,136.5852420526049,0
861.1715345635869,0,311.4335752629405,0,132.4139287819934,0
639.8607257792452,0,55.03510735108343,1,229.0905531763697,0
593.1941580938133,1,175.89664545486016,0,34.4961732790531,0
70.60392425925585,0,179.64038725131113,0,46.1789963661134,0
439.7921430504466,1,648.2702401175947,0,36.05429941301644,0
1190.39438146963,0,80.27782952394018,1,11.019524214280082,0
49.36803367537524,1,350.1041248098366,0,18.007443137438944,0
275.6437399188088,1,195.70904338431302,0,34.86447322607976,0
267.2931566613098,0,145.41706908843148,1,129.04638081393608,0
1265.261059103968,1,412.5856955002979,0,206.60480034837698,0
512.1702655504333,0,296.3188655340624,0,10.903774910639767,0
1105.970660966621,0,229.18876210838025,1,24.461750360752916,0
3548.4701306276106,0,337.28587003691234,0,28.58378820071702,0
797.6446243201922,0,122.26790514604866,0,17.46685887165866,0
1754.8684402005438,1,2095.9794428564396,0,14.68867897743756,0
458.05925568556546,2,326.6213218899982,0,35.538974827533444,0
78.1814273885618,0,436.3307805352827,0,7.472080799227503,0
1928.4579620671263,0,91.63047928969002,0,250.0,0
367.9907563611473,1,88.12042779537909,0,139.136178218053,0
103.27912056440141,1,72.2088508524551,0,13.94824950813533,0
228.21045887031033,0,165.2320585648193,0,46.042696390510166,0
110.73905119764127,0,44.942522299493255,0,67.02063426715101,0
1002.2138724566058,0,278.021500480438,0,65.99251430465173,0
451.40102403210983,1,126.0413754407306,1,86.51670448577994,0
277.0665855930191,1,72.5812558951229,0,121.8582453169976,0
432.79527688134715,0,139.91305194168564,1,96.5062189892883,0
291.60902274557435,0,399.76959330705773,0,120.38864775757348,0
1192.7291908146549,0,302.62202978522384,0,158.05608961718858,0
398.0441565632695,0,122.29134347604908,0,185.57362663465526,0
127.33969557095887,0,214.70673794226596,1,85.10094746603932,0
208.8156954645876,1,51.3484672092817,0,46.09656735474098,0
690.938487727998,1,241.71372748103576,0,250.0,0
71.29763240255879,0,651.8866410835317,0,174.81985668023268,0
378.06760186538213,1,134.5044443368774,0,112.51202655740876,0
608.6347446394564,0,281.5009305801781,1,13.59914879923391,0
671.0732315361766,0,232.6704238096333,1,4.1042416569954865,0
531.3082939593438,1,206.72848124685018,0,250.0,0
391.97595847267763,0,737.4741959060424,0,250.0,0
163.2329611354647,0,159.00358827016035,0,71.01252574487535,0
5442.460032027834,1,197.61348123459777,0,16.732691815157413,0
151.40970832493264,0,283.83359396058364,0,89.9812731552986,0
1931.276444854073,1,578.2357114279251,1,82.71637844411529,0
437.56698290818684,1,233.4267884765172,0,122.95969971193337,0
1117.0060160766004,0,117.32274965115201,0,81.98610149602683,0
452.23605078911385,1,394.8660518227016,0,250.0,0
551.3743940834833,1,274.1771586231073,0,60.39112713659555,0
575.1336976012844,0,703.2998506876575,1,68.91780172440582,0
166.48620851853414,0,137.1652993117527,0,114.17770133715624,0
49.15901322238048,1,169.44088760656587,0,64.64909799881775,0
718.2063512318676,1,338.01726529142906,0,250.0,0
731.0236515164811,0,1075.2534014987955,1,105.57575221761918,0
1972.5529229887322,0,586.9637030036514,0,93.58973681587418,0
100.55431762664442,2,71.42823080793448,0,33.37391172613274,0
1958.2790327237633,1,182.60032386138766,0,114.11674125290315,0
442.2227373552899,3,325.6696993566541,0,250.0,0
502.5239539637047,2,248.428769454357,1,116.9424788648284,0
3010.278379043329,1,75.9699356162543,1,250.0,0
1053.3541558887523,1,167.35217778827263,1,109.13145146230242,0
449.1375475248477,1,302.2279401266895,0,66.18368358676199,0
163.290400911692,1,579.2236163157226,0,102.342087728143,0
266.3658968984978,2,110.12883308289615,0,250.0,0
376.18520535464796,2,188.0747457296452,0,250.0,0
1283.41164699153,3,495.9979537107551,1,14.713261025954397,0
484.3640017492895,1,605.3926808464101,0,250.0,0
1311.6848264818727,1,58.51440487381459,0,7.834031063535527,1
3486.501743122265,0,299.6351709946025,0,34.267097985526156,0
258.24800010569516,1,930.7026141602582,0,250.0,0
280.9919923968962,0,131.6229943174782,0,104.11134964611678,0
1601.3029183299027,1,310.97522775232414,1,125.61734775511697,0
931.9844296818486,1,420.5751855656274,0,131.811620377176,0
515.2609997977261,1,463.74371878467156,0,218.57024596967312,0
917.1074177095219,0,173.8914783397766,0,85.72669416313414,0
1227.1546211540892,1,427.502629730891,0,49.17868104745853,0
631.1350131378941,0,57.86558510582825,1,40.28557760745257,0
8567.91021030383,3,101.65621643122518,1,23.545681537701483,1
123.34282002553883,1,134.18000985538316,0,88.44061813247257,0
172.82240662391308,0,351.86231711530786,0,58.30875955994319,0
1760.071676660586,0,192.01482565148586,0,195.11150696338674,0
550.083292806092,0,136.6162916471763,1,69.70745036322755,0
2018.483436997529,1,49.33157865648405,1,0.6526095749320515,1
144.8178227032728,0,253.5892555068585,0,8.554692390499644,0
94.07752611553863,2,95.8792423493116,0,73.6326264733841,0
197.7488053615057,1,83.5225304429068,0,182.4721297569637,0
810.7690207895095,0,68.67096315277183,0,250.0,0
731.0336784281623,0,209.23044209755165,0,134.01000370765559,0
77.42724419217328,0,312.60014639448985,0,33.80470493671789,0
152.22372187313005,3,92.38516397082242,0,250.0,0
294.9148291670131,2,56.97768690146172,0,26.790331889427847,0
50.85800420532695,0,405.5740440327805,0,31.41445016801008,0
921.3856232644403,0,411.2885600870487,0,72.84558586415969,0
684.3354292470809,1,193.93270903619037,0,250.0,0
1242.1256280119635,0,331.4061969369075,0,21.69289374057434,0
3351.2585767911346,1,12.962481268001593,0,12.7393768538728,1
93.38393541672767,0,594.7734569110929,0,247.38644583199394,0
120.59253357314779,0,1335.8324196192518,0,171.9707563674887,0
94.20119727643221,0,126.38389110061117,0,10.015916336914513,0
276.4781439271597,0,29.118266415096862,0,5.906192007874841,0
235.56094238338113,0,288.2548698241944,0,250.0,0
372.9993182282756,0,554.8731621964075,0,5.098914204802609,0
661.1434905784106,0,123.67865540652336,1,174.11088588608993,0
778.7386564149043,0,60.33519840888215,0,21.457610972476697,0
241.34167978080293,0,217.19049714892256,0,81.20276140229518,0
126.00166914227312,1,113.2928351512388,0,189.03874927373386,0
346.339805393207,0,140.1986714675795,0,120.14813655721389,0
1010.6701389801328,0,514.6386465341935,0,1.194016271559229,0
1649.9097699992747,0,363.35041621344084,0,93.52903972580042,0
1299.2920101810864,0,147.71689722798126,0,1.9221448061237996,0
942.1773126830765,1,64.91968849503976,0,250.0,0
323.99314547962985,1,1021.6687100703537,0,168.18383845319192,0
293.53442873552297,1,308.70683972514524,0,6.95251197021094,0
422.10830462370893,1,91.28490198730589,0,250.0,0
1825.7023293074667,1,152.30216544001104,0,64.18230718446702,0
4406.695906331613,1,96.27882150371462,0,250.0,0
58.13790630497582,1,82.95374066256834,0,142.9760893169792,0
123.97673504978562,0,314.93106737783467,1,250.0,0
188.3722989962241,0,196.98739156206884,0,79.7538146418754,0
180.26936014631292,0,163.2828369943342,0,110.10320033229102,0
605.5659367920694,0,400.0327941455116,0,3.906004220978537,0
780.3020542020962,0,191.18147587754484,0,3.9205711641325705,0
804.3421015291785,1,142.59076523223135,1,122.23006031092575,0
779.1709398984002,0,145.15815755026216,1,118.2586291384608,0
249.1721835210589,1,146.92107382130902,0,146.60693699490136,0
264.1486227568625,1,128.97115860354978,0,10.162235698286883,0
333.8856794445046,1,346.0502148189561,0,28.093530865541066,0
444.00321164447087,0,319.9274914638109,0,13.030168725405987,0
187.0716160813222,0,52.684997721693584,0,75.57072542636033,0
239.05449689430776,0,632.674014941264,0,102.05520170441856,0
362.5743756495472,0,501.263685003823,0,31.634499017100776,0
1294.4710457431315,0,1001.7972467348065,0,250.0,0
571.8239858100577,0,299.3078969815744,0,55.45053744888939,0
118.91040735084965,1,188.74417489525771,0,82.83939203520622,0
1152.6423705311324,1,109.18175632251213,1,1.7263736894465735,0
2663.9585959646474,0,178.43438825759304,0,37.14930006304319,0
352.0233179441898,0,63.92427533527323,0,201.9066724235693,0
630.0698645636284,0,334.68825688984475,0,241.45521400146802,0
766.1850671703024,0,746.8668873676959,0,8.247763073629718,0
2127.732741680211,0,239.26759015187235,0,7.3416343652444755,0
720.8159802195554,2,653.8555450566871,0,15.372335385959234,0
349.7680444218693,1,212.5766617868746,1,58.240509323803714,0
805.205900773458,0,180.25204181866187,1,250.0,0
266.8078900738624,0,148.98046510522695,0,2.010583471016011,0
830.7619348933966,0,194.98750509516046,0,48.95776186989445,0
466.3224260443355,0,151.50951005582579,0,8.487671560299175,0
2240.5286987164536,2,30.348865882681665,1,24.525345626996607,1
196.071169135897,0,354.87159337129646,0,179.68768510390146,0
930.4274423283523,0,81.2127412536742,0,88.89322193285446,0
199.19381114095253,2,787.5763769227812,0,113.54558246288119,0
363.3805822224794,1,109.01595226011916,0,132.43931836608158,0
456.29785729484513,0,206.00258921905942,0,40.34343145816646,0
4947.433183896436,0,1189.148643438727,0,27.626943384655636,0
432.0326762914707,2,99.86794828645084,0,132.31571917539875,0
554.4149877704997,0,176.48117098920576,0,67.02801138262149,0
486.73394563816845,0,587.2759184578347,0,62.72483082277344,0
557.554952891698,2,98.04110190173895,0,70.78997934087343,0
203.29296736575913,0,360.832518171408,0,109.8230001139942,0
394.6937124365398,0,177.19113735628454,0,196.8487290669079,0
190.846145170718,0,502.35199617340794,0,118.56699646491013,0
1219.9295403481742,2,75.8468747459146,1,0.09117567000521395,1
162.98668356623872,0,481.6996838994689,0,7.443017898445165,0
1513.4260613160836,2,180.300455462072,1,18.854845656543016,0
98.84526634839176,0,197.4241084498337,0,84.04268964982224,0
1410.6936398367434,0,857.4695356775884,0,62.617197543049116,0
111.30425271041068,0,143.40999102423774,1,7.464742995059227,0
127.44342241717668,0,451.2816752522566,0,250.0,0
325.26839974208485,0,306.7149117175447,0,50.6552039717245,0
223.2309216514433,2,113.4966254544981,0,98.26349960630913,0
216.70459387650695,2,869.9594819183316,0,9.027127912408215,0
355.7744202366739,0,436.5026212480269,0,77.2872704995669,0
1362.2934548128285,1,209.41757043227753,0,129.70468646550157,0
322.62507304092514,0,45.778660415689146,0,47.61102218371743,0
397.846911574813,0,92.71143347224356,0,44.31973600772267,0
103.50108965255984,0,310.9947865292222,0,86.76612153993571,0
287.3449397484887,0,30.004382784515922,0,22.458542479965526,0
120.73330565023714,0,221.61544185113598,0,56.584923448215726,0
224.99105292183162,1,628.5875387907496,1,132.04073574352157,0
1255.6859185038397,1,62.86692009970539,0,119.81270036397119,0
691.0505485844062,0,117.47328888059447,0,160.83279302575215,0
168.5572200728766,2,298.13456370571043,0,14.446034676487155,0
2039.5327490925742,0,648.0838612736702,0,33.51490143560544,0
53.744291561529316,0,414.8899147183374,0,79.50534981004135,0
643.148894111576,0,183.8875000114401,1,129.40099695811503,0
213.39118228040138,0,1006.3871452894869,0,58.30639283469788,0
571.2622428666514,0,1313.831798954516,0,145.00248681841032,0
855.4695539214254,0,7.4433023693016,1,14.729469709260567,1
254.19753672478063,0,100.69793648732745,0,39.08567794697107,0
167.00157955160054,1,1764.568610358053,0,250.0,0
1549.3499663086934,0,62.159627356531935,0,30.593340546982816,0
132.53851338196048,0,117.25493437640364,0,115.18775729791962,0
79.7244231407698,0,286.89094230858836,1,84.34061823930492,0
210.43056199552672,0,139.638566933511,0,127.57285025053682,0
1427.9279483792686,0,564.762983545551,0,96.39589253923985,0
117.37203438726345,0,99.42873496960355,0,23.793312217123297,0
255.93115017988123,1,129.79138333870642,0,4.648571194414849,0
497.1828963416742,0,141.07878511922004,0,20.651454153073797,0
478.29329165602815,0,855.8371303185852,0,18.897054148682052,0
3273.6618270996946,0,16.97668922475612,1,28.741599073942645,1
465.64581825885784,1,350.0299023767608,0,113.31279480695571,0
141.47549595328513,0,490.1687805615682,0,92.88388239420335,0
115.03661819749757,0,144.0248079326741,0,44.659868984348925,0
324.9104067187254,0,231.00677545429318,0,22.329490116507454,0
488.8060498026971,0,317.2133612930144,0,184.9756576693701,0
41.33069210763552,1,197.4974891005647,1,250.0,0
337.2964187596848,0,266.8908454187399,0,24.596024449705205,0
660.8861209822761,1,209.85711597477444,0,79.16042609150156,0
905.7446193609384,1,94.65378819563789,0,249.78091962865804,0
312.1061447945805,1,154.88211353483544,0,65.60563821050715,0
240.60753466370147,0,395.22075118877166,0,36.9107812857729,0
122.44356520797905,0,99.45756113971537,0,88.67823739208345,0
953.317078468056,1,111.29645134532403,1,94.03237233711198,0
100.59848934648079,0,461.94732694226326,1,63.82051719818474,0
3473.4904492451315,1,66.39705036266012,1,27.11885494685044,1
364.4120756901528,1,87.71318763399502,0,24.05579701156278,0
48.144749366133226,0,35.65745599218279,0,27.9351593962329,0
250.64923054791814,3,35.061821289072135,1,4.366722532798425,1
191.3710857640506,0,51.81763194520566,1,4.24804904764736,1
124.35216070026804,0,352.02501734234886,0,250.0,0
218.52211536457398,0,183.21918903892447,0,113.17987618438295,0
520.8617438932968,0,391.0838257371279,0,141.1679653632894,0
511.1228940344244,1,271.7370896260157,1,250.0,0
199.59822827376777,0,150.77629088885473,1,132.5727567035191,0
276.20374707906524,1,138.39308302723558,0,57.72199067697023,0
369.02619850019954,0,676.4316035147943,1,189.4324286285682,0
473.0099512082356,0,194.7293808070853,0,32.9855877166664,0
919.8893524719348,2,167.4685000600652,0,82.00677597562206,0
323.9129147708605,1,32.68542348378265,0,37.739079192342196,0
139.71200359665772,0,162.36551464483023,0,4.269205379936487,0
1299.1120224679491,0,44.166079553848746,1,9.747280703369182,1
109.64063574393028,1,24.415886624685633,0,196.33040182584008,0
267.33853894350784,0,274.971950822176,0,250.0,0
442.33117750225614,2,277.69341535237083,1,3.327995979487923,1
235.3065587038671,1,702.4049970456086,0,20.172814204609242,0
230.26998904297432,1,71.86059778837776,0,14.972904281897506,0
507.4552431266295,0,1428.0804448119206,0,250.0,0
549.2126043504229,3,62.56653646434756,0,45.53373317058531,0
717.2505666995936,0,85.23798095806931,0,238.70945212785062,0
493.0158654375657,0,304.21264431773375,1,24.086081467594997,0
174.83888686884936,0,376.0130172471268,1,197.95029683104957,0
408.37605645482785,2,164.2130516771337,0,11.831960263027703,0
379.8988662089165,0,335.33553363343947,1,49.060231297894845,0
410.9110029189433,1,537.453876596884,0,250.0,0
160.53798011907165,1,1313.7157191325311,0,250.0,0
1021.1183259152441,0,417.0191251223014,1,56.733937588776705,0
204.99005404584335,0,279.71348755721226,1,70.34221120228986,0
1759.2118569691868,0,35.320053910208635,1,22.279440758001513,1
610.6816975244044,1,138.06303666397628,0,173.6178891108156,0
3200.7626859106936,2,78.93863469229917,1,24.67159837950118,1
414.20066699563114,0,117.50852751957366,0,5.163279085130404,0
610.3085582775888,1,592.613922810761,1,27.588243713525305,0
601.3234996463619,0,287.35319996754725,0,92.72553853772838,0
376.16239709583346,0,403.37440384930477,0,18.62943651476602,0
1968.8337292606557,1,580.6411536461152,0,5.736559020592708,0
161.2838057610055,0,1141.9701620470726,0,239.68165924892543,0
1942.5339785040273,1,346.71333588436465,1,15.296834469542745,1
74.34890097564382,0,139.37965731694192,1,48.27134607162628,0
735.6100630575507,3,638.3829348275943,0,75.46142299031128,0
193.17307524815263,0,215.81119295472473,0,43.35042710528971,0
209.98826573987836,3,158.53174109310436,0,139.52104114505937,0
1469.0232326222542,1,151.32710777159525,0,250.0,0
2658.6265777774806,2,46.333097611399104,0,10.021849211788222,1
439.2429577658071,1,273.44285162605416,0,47.132270707218396,0
401.3334277451655,1,272.61116077734084,0,20.791561795137174,0
377.7677338512232,0,62.31808514328651,0,51.898510826888064,0
113.5861335717884,0,238.84261913878217,0,29.14840311014964,0
758.701027473816,0,571.9722810386271,1,86.0449633531234,0
674.5883617477382,0,109.38841854057158,0,245.51371751381632,0
1997.5749460568084,0,170.6295745725294,0,3.5587329624639072,0
103.89243527750311,0,71.51882348582254,1,250.0,0
1364.6752564560675,1,293.7412876884878,0,74.91994794894634,0
421.6122128312596,1,51.04379478077278,0,250.0,0
1587.927373718999,0,209.72986947682222,0,70.46320019131335,0
777.7225866824193,1,160.00741329624782,0,69.52658369370587,0
619.335944355221,0,214.24295900497825,0,45.6835720526344,0
884.8069787073498,1,472.138284849435,0,77.58551823536953,0
696.1234644107831,1,366.4027086912443,0,110.36389463239993,0
2780.945991678739,0,198.16599948625262,0,164.50667010986058,0
279.11455233729134,0,56.428974674830094,1,77.74471512133081,0
776.9371147205795,0,218.38197436478265,0,61.49341170567742,0
759.0679837278585,0,126.12053022691084,0,74.93749472525442,0
297.56787196370664,2,244.5667635484042,0,67.45776414332522,0
70.15868780694659,0,256.02085538050557,0,238.5821422534999,0
78.9444620913413,0,207.59623128708176,0,40.32643492841289,0
224.74890932788293,1,178.511997002166,0,6.71495960735021,0
930.1786261936093,3,234.79191053157334,0,69.72510474897847,0
470.5517130041774,0,372.0006541117795,0,83.33144187366307,0
49.34293374213563,0,119.1097979032065,0,45.810493914813684,0
345.4923456784675,1,192.07865730731842,1,3.0501843508216036,0
971.7937242012932,0,191.98017482027785,0,118.21573202997718,0
62.30046299062437,0,294.27167172087195,0,54.92400551727661,0
199.92678968856103,1,69.4904849841509,0,140.34797711441811,0
363.1705189203835,1,99.59277889775976,1,209.98005937183652,0
1238.8804657517965,0,37.28642187451413,0,161.18043392354815,0
83.71698015341546,0,2026.150969638545,0,250.0,0
138.3435619559487,1,419.63414093020253,1,33.59425381069044,0
719.8010990306966,0,507.160238047691,0,86.22055454014095,0
849.4751818068906,0,75.93486493739178,0,43.98103908456575,0
862.630990503574,0,1146.3554237845324,0,212.61695502048218,0
411.77369044149185,1,716.7556494810306,1,250.0,0
2329.8269956244358,0,735.9413590823616,0,20.33877515170974,0
463.2593990228638,1,623.4971713659129,0,33.41267411768748,0
310.92348020722267,0,405.19422606068366,0,151.5557028243451,0
480.96446912944134,0,210.43091086085343,0,80.6436135238041,0
1786.715473659883,1,120.71231690799947,1,135.66370487157582,0
567.0965693319788,1,230.2982702701432,0,24.917342754024485,0
407.0556528651114,1,134.93035189191986,0,20.915834441837998,0
7641.486455090716,3,20.020018789195067,1,34.19236672455748,1
6379.46835337592,3,42.73016202769375,1,17.140450825406777,1
250.30057550437235,2,55.94866323950517,0,83.94731460910047,0
3614.995272563371,0,210.57652279511495,0,187.4815091801663,0
3236.162319780768,4,425.9411969684278,0,143.88827128885893,0
147.61840797922082,0,229.2924677700902,0,15.088234280161547,0
940.8306462002676,1,227.53949557789343,0,62.26635178161648,0
215.56008396264065,1,275.1961347603874,1,6.214047848676324,0
1188.4278635516466,0,544.1108322903881,0,66.85940596323019,1
954.3629488269088,0,149.9230143365013,1,250.0,0
606.4842861253754,1,121.5332219077337,1,43.52947460070254,0
1260.7259513730148,0,375.0276580890275,0,8.989694191191028,0
288.53115189892014,2,304.8629958309637,1,250.0,0
933.5208112761159,0,277.48480486449677,1,69.02882315143152,0
96.12240008619462,1,400.5648741684485,0,169.13640555115612,0
114.06099687296755,0,419.45190584463063,0,250.0,0
399.6876750710651,0,192.42592004133544,0,76.68611823298752,0
436.11609250038407,0,314.7419058348164,1,152.3004894247653,0
176.8986196866553,0,36.50555630790132,1,1.6863501091484585,0
153.89144152365924,1,47.88050683456489,0,33.03031890512847,0
100.75988951531563,0,109.6367016159805,0,33.171900665148456,0
1516.1529197417804,0,98.61129319901893,0,45.46704525313552,0
112.98991324400377,1,594.3025986388145,1,119.58575652112262,0
305.18363568230603,1,253.2858758009384,0,38.3883835390145,0
272.770132983075,0,118.2480331852628,1,14.165869589312058,0
1867.4753776772018,1,415.5733402834212,0,250.0,0
1537.1239663635704,1,218.01701320219826,0,0.2198718257002354,0
442.50263766721224,0,600.6852179686493,0,3.394826845899208,0
525.6900745139721,0,336.6642552151546,0,250.0,0
142.8765672313207,0,297.7128380073595,0,215.65005624104128,0
642.881375876372,0,33.473588406526396,0,72.02105751446047,0
137.466101548511,0,192.38110079625736,1,47.907781440978845,0
423.90162160937734,1,186.81777595042226,0,250.0,0
234.23653498983612,1,29.813900320210955,0,30.36098943328058,0
1364.029077130837,1,3600.0,0,250.0,0
298.7474759169175,0,865.4166829180812,1,132.26657657367042,0
554.9991027240417,0,113.97067112265556,1,109.06673538677153,0
56.09273701277961,2,805.004924185889,0,55.89706086641764,0
154.72569101794562,1,94.80191393254395,0,248.79665252494397,0
87.49908006978829,0,331.6273146597081,0,150.16744575236345,0
2245.9103006979763,2,27.7732226979258,1,8.66114137135072,1
160.46013221897744,0,186.19133849405648,0,180.43594516877747,0
1970.5268331265652,1,587.3932596094471,0,250.0,0
402.25398099997295,0,107.51352232141792,0,65.92194215096535,0
438.3326745839831,0,121.6862694025979,0,111.85318597025952,0
502.633213022733,1,328.57332456730296,0,27.05254999733473,0
2433.882564001286,0,25.524937213443966,0,40.49606679709051,0
81.84907847360256,1,55.16187447861803,0,134.7055119785688,0
950.6916873258971,0,93.84363959291133,0,129.5319268736033,0
418.380174412804,0,247.74003104315608,0,59.78518688768598,0
1296.0576395611647,0,75.88123673563196,0,27.507153266104087,0
162.06443438676914,0,547.1533043713965,0,154.96556162159456,0
319.81214239150853,1,74.97031148596024,0,110.63348125364489,0
1181.5586019394498,0,41.78970056594119,0,81.22591625622691,0
2081.879714239466,0,192.09576163282154,1,26.28589209268987,0
403.33467370685764,0,1055.0166249600609,0,138.32689162837002,0
262.50603558845444,0,72.14468328337395,0,39.52611845030019,0
2266.7944621407137,0,85.63363832398075,0,250.0,0
324.58745091344275,1,167.6093490204848,0,246.65883152178463,0
401.537177297782,1,752.2159879316098,0,4.199312723908681,0
992.6504122663282,0,43.12063408326468,0,72.15190688597178,0
709.7675352761271,0,134.72511184392496,0,250.0,0
111.228172752511,0,673.9296349781703,0,27.37882314176544,0
238.09702421901284,1,353.18064507515146,0,0.05210429402598899,0
40.0,0,650.6550442620036,0,36.22415352996442,0
1600.3010006885195,2,110.44277506091052,1,0.2276983406305006,1
957.6829184304803,0,223.15673816279295,0,8.529134443190518,0
129.9967916600549,1,152.14679661855507,0,250.0,0
1268.5398902384613,0,156.73841055262923,0,250.0,0
1567.4377641444962,0,267.2759495295718,0,124.15855826865842,0
2580.1995503358426,1,51.015798418472244,0,14.05441540178998,1
206.6700873450762,0,1003.2530904584307,0,84.18620962881596,0
49.76336081403589,0,290.6480819839402,0,66.13393642499528,0
1927.088557915349,0,35.18196459583088,0,121.80178099648066,0
878.0163962896916,1,458.3899602741991,0,108.99052652920558,0
787.3065187775366,1,215.80229236286175,0,77.91182208049537,0
3941.657293329029,1,218.52990956853594,0,13.848845588091397,1
655.666420483972,1,202.75769031881774,0,32.98701381229462,0
681.2053944458864,1,198.80904547239547,0,24.23231724442479,0
487.95620702057175,1,91.73396887194394,0,157.79198867135992,0
103.7522234036284,0,179.8958778102448,0,125.78342637920572,0
4388.2159384655215,0,212.58891156719477,1,35.29375768134621,0
68.8037890482442,2,82.11948416037286,1,116.52520010729079,0
801.0760964031825,1,166.77886345325157,1,223.74113838562744,0
133.82443893214602,1,102.81464301868016,0,96.45909876649004,0
375.9252567804345,1,925.128571987695,0,250.0,0
812.8125562219719,0,85.85425472570834,0,49.51997102761428,0
147.79993087815598,1,108.96858744830944,0,28.735860819183394,0
562.7543060400283,0,439.78828003340277,0,3.1179475151108904,0
412.16011568703533,0,41.22951247102402,0,232.65145744239513,0
730.9473636902056,1,218.9444357417979,0,36.992152708112854,0
215.0500951935191,0,205.03355134180276,0,113.86038662342538,0
1247.3226372460997,0,183.6706073260938,0,70.99786113470789,0
476.01684195006436,1,164.54350542524608,0,19.202771056770338,0
58.23690846239021,2,158.09425578863164,0,250.0,0
1837.0600828418117,0,81.91475549685887,0,250.0,0
423.02673986590327,1,118.78646452761706,0,54.614871879838745,0
308.4133874154984,0,179.63992269326155,0,65.25040068511419,0
207.1903847170416,0,144.91829972242581,0,86.59369870713445,0
5150.375635993054,2,149.04945158331432,1,1.9741665930423358,1
430.31377357779144,0,549.7984584559082,0,62.21445388929887,0
2164.1678106770364,3,291.51423864215906,0,250.0,0
413.52902325582437,1,135.99893444919266,1,147.42260872058955,0
236.39212408698725,0,229.43087518291097,0,62.6209687202134,0
90.83473293006702,0,159.59131438450285,0,10.371305948198675,0
317.3544484840808,0,303.08155430635657,0,29.308724751541774,0
301.7284758831625,0,633.3014452509365,1,34.270931796219095,0
250.94109982495343,2,30.995252096498838,0,85.11503081794912,0
182.24798109939573,2,362.4789713086272,0,30.71729994562737,0
410.8723934126061,0,235.10370424958904,1,175.1488992754618,0
114.95099769602712,0,89.59342175732218,0,25.311265866796035,0
69.84692312142073,0,401.6231751820908,0,157.4939948345655,0
162.16665860586104,2,184.89830287880284,0,43.58895834055422,0
1175.7983706573038,0,24.977241869123144,0,7.069480759359746,0
1335.020868987883,1,357.0040044658539,0,18.084833022870075,0
612.4226639384722,0,150.81288067888522,0,250.0,0
515.5979721419111,3,11.678480899454353,1,6.371572009630188,1
786.4004635663802,1,312.24762604342635,0,2.581441014721287,0
476.4712658540829,0,103.29491294907423,0,47.87405835759798,0
47.43990749793897,1,270.668348765344,0,19.410211516856755,0
282.82710188420435,0,154.6563895062235,0,3.2635482684056156,0
199.7060277930463,0,398.36940448866324,1,58.38809759129338,0
70.27648029041136,0,100.10785205817402,0,126.09995290574723,0
226.94133741167823,1,65.50359520110368,0,39.773808841829236,0
214.73250109027367,0,280.5974642414012,0,105.97681084848004,0
1569.1663197040812,0,142.17671140423974,0,13.580695265388101,0
340.7507561931758,0,187.12145091290452,0,250.0,0
247.25525827339007,0,154.90542194393893,1,250.0,0
1283.5570876299896,1,42.939502639592035,0,2.5853455939664247,1
127.5009545729639,0,78.52623088992445,0,98.40189358094118,0
1446.544477657609,0,57.71939491796899,1,26.684787617034146,1
769.1149111681498,0,709.965346586839,0,208.79919844953818,0
495.40458499845715,1,151.78916557135082,0,199.78691667602638,0
1539.951252435586,0,28.668749464826117,0,143.7606042192129,0
220.16362521123904,1,88.92662355658075,0,230.31427597423976,0
174.54537834712178,1,51.83033610237969,0,137.2321974005448,0
2711.7303846175796,1,209.7332446186492,0,58.55711047630551,0
634.8557444283917,1,1294.614287223597,0,43.7820575777778,0
274.7632638436149,0,549.7748530589904,0,13.722284786705933,0
85.5721347341195,0,424.91159636733965,0,39.65580275493432,0
138.74432672679598,1,631.3390253437433,0,53.933923858462634,0
867.890981554149,0,207.68683979316302,0,173.32386299469258,0
421.3018436004096,0,22.447811249478487,1,116.87412933135711,0
48.48794386541091,0,1488.7666918673174,0,250.0,0
313.37954058643567,0,649.7003366683574,0,112.31473384251198,0
133.31135847016913,1,1654.6032050396398,0,250.0,0
486.3303664351758,0,501.3929247953511,0,53.9599730113776,0
419.3531335998773,0,121.13994395251231,0,42.00942957467753,0
70.90758879204424,1,210.4558396785108,1,211.64506280872115,0
480.0245458142918,0,179.33150704695387,0,141.17294836471382,0
116.44879595639338,1,270.15522624327843,1,99.42216243931426,0
214.12687818831523,0,344.07194155682976,1,189.86562535730116,0
605.0315828989,0,312.8581813633166,0,165.10253215867903,0
1394.937283273152,0,103.88753403024673,0,98.6728275150744,0
67.95701242526745,0,335.92093338977327,0,233.01886721805494,0
385.5682039480588,1,304.8022708871705,0,155.12130400629374,0
303.0820126693482,0,454.71251242757836,0,157.6236588903584,0
237.39945628371652,0,351.7510899043361,0,250.0,0
1028.292452740132,1,401.3770476195344,1,23.551315311253983,0
1287.1172200935603,0,281.1484877245626,1,250.0,0
2541.3514927433603,3,22.253969411192998,0,21.385841426886337,1
1667.028980837036,2,92.28349188664868,0,92.70804946427438,0
972.9024298624136,0,546.7211632973847,0,250.0,0
923.2215222600089,0,108.29188685121753,0,80.73735249857569,0
861.3212283188246,6,46.28872217909597,1,7.70809904778248,1
622.1990806944605,1,311.33733415701465,1,201.5741717479825,0
386.91139183888663,1,215.48768649731304,0,150.12745352461178,0
910.1953541125142,0,211.98288222983942,0,250.0,0
2032.7950562227466,1,163.9075612328868,0,202.76201789493115,0
751.3282019425278,0,315.6862267737221,0,73.96399819578978,0
362.5184463353488,1,285.18991175863414,0,77.32261821227948,0
2203.7050986154486,4,26.289692103983377,0,10.40481037277518,1
91.4938842714437,0,152.48919686868064,0,37.074425762295576,0
446.2502775459997,0,196.2099013897696,1,13.698596424046556,0
903.9155109495189,0,291.09375874667,0,250.0,0
1287.8387311736265,4,49.215023619068255,0,32.08385371414663,1
1726.1565263196408,0,49.568817729961275,0,119.77840050291734,0
847.3429373098113,0,193.37137708633702,0,250.0,0
426.62466437030514,0,327.2397977571672,0,42.833676919245534,0
610.2795201011348,0,230.18511874286395,0,250.0,0
454.9695416796026,0,142.1314926032164,0,59.43484603510568,0
165.5482680184561,0,517.2283900336009,0,250.0,0
853.6744802269368,1,724.3020372468353,0,68.41666836801761,0
40.0,0,60.45246291527475,0,53.13507162981076,0
197.43685601827795,0,417.58505750654444,0,147.67669102623307,0
537.4140328257662,0,324.38241538895693,0,87.24518625537033,0
272.70930915088536,0,110.87935403430565,0,203.7929391137793,0
1995.9704927185348,0,182.5685790295254,0,149.8143601213152,0
507.9004797731005,1,65.33894060942015,0,88.36750831740697,0
120.15211903513186,0,302.8281263404916,0,250.0,0
1340.0372262605438,1,145.78539366340868,0,161.57734571170784,0
334.65561581774494,0,186.1278705218691,0,80.77111996790916,0
955.3901106650677,0,93.6859076094679,0,50.613038421637896,0
1009.082877678444,3,54.157632558357115,1,16.495014088329263,1
1497.6098746360603,0,197.09227991417836,0,46.41314253771858,0
839.569854224245,0,140.68815760511993,1,250.0,0
96.40066370508151,2,1671.4807575543875,0,144.8093397609467,0
707.9041397253116,1,177.9122590079363,0,2.01023516883741,0
41.76075784480611,0,320.794889148106,0,111.90886946449926,0
331.71440209584586,1,30.97022711111746,1,176.45430078371436,0
81.54539649250081,0,176.57625061487244,1,92.46310919897256,0
2715.710111615331,2,415.0483584576857,0,114.88636282850031,0
1443.109036532183,0,21.454642054081763,0,114.92667600085393,0
520.3045759884446,1,73.08528913929189,0,87.823279029583,0
81.97947990371277,0,38.39261716368118,0,31.781270804272395,0
158.38449146801798,0,104.14916142092879,0,25.446985495338495,0
187.9516608169739,1,1156.1845437854863,0,87.01670217122671,0
450.60333513757365,0,82.44581225317835,0,119.4722141604919,0
1255.0544875498852,0,194.5998391091318,0,9.633482941917103,0
308.58949813156204,0,122.08885823757365,0,250.0,0
149.95316577463956,1,128.18719276549984,0,250.0,0
288.6878343450031,1,1068.1403023690157,0,140.0566576276717,0
647.6100003643925,0,151.69603339283393,1,35.89127546037774,0
518.3584835595784,1,504.3456805914107,0,44.70507638705983,0
967.9718782796682,0,98.45949755563898,0,25.939943554809417,0
376.4087352761158,0,83.02436234337424,1,49.424843232623225,0
166.7232427858994,0,52.422391140763345,1,105.90761438200812,0
585.7920054821763,1,54.73063288801497,0,135.94156105948804,0
361.9705624534091,0,72.36920400086345,0,10.106297062876324,0
314.5658089057203,0,147.9233796132783,1,218.49071679008085,0
917.0919630686825,1,882.529101876631,0,250.0,0
442.9552115736616,0,163.92165860508285,0,160.35991397528323,0
883.9427009961926,0,72.36298583231397,0,126.27948663612123,0
120.02215737930385,0,315.68182639482114,0,138.15102222653152,0
444.2962333921847,0,225.1823978308351,0,140.60937359162176,0
205.62779642228114,2,139.43382725784545,0,220.9779896996852,0
169.50160147366913,1,133.99587868785298,0,85.3107350559176,0
3319.9780734636174,0,89.7241182449582,0,124.22873275247365,0
209.2882116942349,0,127.8709039088177,1,7.750881965846268,0
524.1668736917567,0,383.9462602858658,0,195.22681821083117,0
1072.5878088434663,0,61.52073290321412,0,7.441603574455365,0
256.1251893024098,0,154.0126389212039,0,26.816942159359876,0
454.0373465925111,1,268.06177617288955,0,27.762889937162434,0
432.02569110613956,1,585.712753042173,0,52.10761960170004,0
639.7029904173626,0,123.09806154414379,0,98.35871405780965,0
280.72847892979644,2,119.93671667477176,0,70.95970068870925,0
322.2613159918051,0,46.14928928799205,0,250.0,0
40.0,0,404.02434294213884,0,54.721883373060194,0
675.9204810855225,2,1154.9039454103613,0,250.0,0
334.5132965259942,2,166.12839413260255,1,211.02182254229427,0
2808.89909196371,1,227.58980370860124,0,63.71321885022517,0
1495.128704831177,3,56.835509766483675,1,17.0790307564592,1
417.5837067278865,1,280.296625746753,0,250.0,0
124.19153382184129,0,263.79623298231826,1,166.44596097013346,0
2534.9906487689973,0,115.67463986924285,1,77.95178291382074,0
342.94606814597023,0,146.3144814600715,1,0.6694491961100484,0
774.2725391105283,0,238.16036355102142,0,250.0,0
401.85011588421014,0,98.65077784886223,0,54.75854627272794,0
600.8630158119817,1,356.60458039864983,0,131.97996565978556,0
491.3764227063088,0,85.91340463671035,0,250.0,0
119.9546416024775,1,476.92943049077184,1,109.82505959475347,0
230.52014204473437,3,62.9567508655456,0,18.371627050399706,0
2610.6604100456348,1,317.70408950205297,0,250.0,0
575.4744851968102,2,673.1323592724495,0,194.34764231057352,0
928.4627487960183,1,371.34615792875627,0,121.65561045625022,0
217.8607420546652,0,560.203968833677,1,219.85686545690302,0
418.957335058859,0,983.5748459303059,0,196.02742570208187,0
1315.8746659711392,1,286.3270380738419,0,36.661197418683216,0
818.9980930158922,0,164.9285050115114,1,23.505348241699412,0
1714.051637614345,0,460.8965418666221,0,71.93898384021064,0
73.78116895929745,0,1043.010066916676,0,250.0,0
585.621012741159,1,117.73683084610232,0,2.718145312384938,0
8219.9117501801,0,197.1973127224273,0,167.83059967817331,0
78.95894370424594,1,325.5525369980951,1,59.809015108882086,0
363.37778556887486,0,434.7279660788454,0,63.519990490454354,0
733.224714046057,0,180.03553898088808,1,250.0,0
664.94379269351,0,55.273493077762595,0,5.52269427596503,0
92.03319083806107,1,216.2121209751656,0,67.62287375174164,0
175.68934799562385,0,43.530462856073456,0,250.0,0
363.7288863268158,0,216.49315698508283,0,2.625112880079129,0
196.08531520137063,1,978.6681274515244,0,190.5043368485682,0
577.9834617820533,3,86.5168149980061,0,41.03019745074995,0
69.96911275111063,0,66.72047095575908,0,83.20770797280488,0
309.7401083147,0,171.32090188495752,0,14.311922159605912,0
214.1716984087392,1,223.40500690334017,0,192.10037821675593,0
206.03716324432003,0,39.42835825843805,0,40.008865797747674,0
2480.227346496229,0,382.2413328081462,1,198.53454331086562,0
670.6364705476574,0,222.72244058032575,0,119.90418336154535,0
742.4044595300232,1,15.990292691594478,1,3.0481252235986505,1
323.0345910966617,0,71.44601866997861,1,250.0,0
2344.0060941418915,0,35.926592690693745,0,62.54282562017092,0
618.7621781444047,0,86.29530083198897,0,8.844145058777114,0
1424.3439196463103,0,410.28452566567853,0,26.632419667672504,0
179.73688749033153,1,270.6030058374019,0,250.0,0
979.6367138565038,2,440.3715494139076,0,197.74367078010656,0
929.4301402430592,0,151.29805905475638,0,31.458241574172273,0
790.0573224932573,0,161.81360931078328,1,142.4246694617882,0
93.88498715035001,2,259.904516617501,0,221.97108052525874,0
218.33092073197372,0,549.307740962005,1,250.0,0
267.180554550143,2,878.2103753400473,0,250.0,0
1300.8411246415178,0,375.90384127245375,0,250.0,0
268.43876397075513,2,150.926426094135,0,56.297115110411845,0
195.56225660029844,1,230.55422472247528,0,16.166172741161894,0
317.92528815824545,0,60.693118476184026,1,100.23226865291143,0
692.5848161825497,0,167.28975775787256,0,27.349975080838437,0
121.70263901838214,0,254.41994833177378,0,71.09103998636539,0
2429.456485619236,2,116.25361293638092,1,3.4548194677679165,1
1210.551739063309,0,290.46766191834814,0,65.71044541727699,0
897.2656818245073,0,71.12792333895128,0,8.468721083244818,0
748.8177033494053,0,177.51885431068996,0,38.84950781737223,0
714.4121750604984,0,111.69725521391004,0,24.965363814940407,0
666.3043310956627,4,58.89274352948205,0,81.24017170537007,0
240.96318790686598,0,404.5227579049592,0,57.12644087836648,0
145.39471035245825,1,73.40809681547937,0,9.233699988575669,0
366.5320234464619,0,55.66467237614379,0,118.57691104589146,0
102.21333874219275,1,337.177858659787,0,126.16369541699213,0
4896.125134282526,2,127.17437949314755,0,21.10033391350682,0
181.3175453387302,1,131.7835413698197,0,58.001865542783115,0
1457.9026769435754,0,249.1250181598859,0,85.02474794488822,0
719.6636497824614,1,113.61490600894683,0,250.0,0
601.0840939806969,1,67.84833891234648,1,32.71352750790862,0
907.1280407227222,1,372.9434470435907,1,17.884658250376578,0
514.845584142354,0,69.9882691403696,0,156.71740496609982,0
225.01499192808072,1,67.21753610929028,1,63.63078014349594,0
1651.1477574441412,0,299.2022716856509,0,68.44991999184161,0
364.6689045151232,2,107.67002769893303,0,6.101154187563824,0
2851.5849788372907,3,135.90932774597286,1,2.3181203926275837,1
1632.516983458648,0,39.5995456051601,0,14.201231364570683,0
515.1051397248158,0,258.69367666664516,1,159.07955903696384,0
1507.9586853196975,1,38.11165457502916,1,34.106743458267495,0
139.90774112946875,1,399.9038871267649,0,27.053392941578775,0
2170.2604996247783,0,187.09972366419228,1,103.01783590025116,0
807.0750446813597,1,47.22308766000558,0,44.95029022458625,0
218.57414919165333,1,142.4582656799323,0,57.830507805425306,0
40.0,0,162.32987980927254,0,52.56058877101325,0
157.8997655374576,1,555.51067638781,0,250.0,0
1147.5226814330372,1,355.9939771749037,1,59.31067522462897,0
381.6115480052849,1,983.3339311044623,0,250.0,0
708.7840445339732,1,595.7547667415379,0,20.657255663611735,0
311.4102108085518,0,136.4827412296065,0,90.73460524741098,0
548.7301277593149,1,369.652719142185,0,181.82315923996532,0
239.16692998686932,0,329.6235019571606,0,250.0,0
1174.7300381435614,0,162.39452116805174,1,38.514056017024544,0
432.74500933572153,0,136.09748738752847,1,250.0,0
703.0222820796821,0,488.5788676075608,0,26.944438688724894,0
352.353266189237,2,96.48431707608853,1,1.947855095865173,1
2048.0146198449343,0,118.73624137398934,1,14.957623669967468,1
1153.3183322014845,1,17.87893852798771,1,9.558264476251766,1
1032.403989229646,0,131.81261798147648,1,211.2383753691495,0
381.6853412720878,0,1119.075314577023,0,132.69148051388987,0
266.93604642788017,2,104.88697936104899,0,25.92173697379519,0
328.03578754326713,0,359.173916135043,0,123.63933393838421,0
80.4226870177141,0,70.989466997529,0,211.47494488906554,0
400.7925944956113,0,419.7017731942244,0,18.460597478912263,0
494.7608143696598,0,124.59230947736799,0,41.21259239583567,0
223.28633736073846,0,578.5746667084073,0,59.18094390615351,0
832.0492475582504,1,129.78215641015964,0,25.808610680131288,0
192.2968376583817,0,268.3851350997135,0,79.0032091471301,0
621.4435305316681,0,342.12517829328937,0,250.0,0
135.17239947365525,1,276.4790211337924,0,5.490623306834332,0
391.50186164291483,1,226.02394701373697,1,80.00016545182687,0
2004.1987207897948,1,23.562055678110188,1,13.068727388395304,1
312.3578878160573,0,147.99649268131535,0,250.0,0
1614.8767974788964,0,169.13810296195425,1,250.0,0
1295.221307047171,0,119.41467498417687,1,250.0,0
331.0863674536595,0,338.84433122787937,0,100.24631801367266,0
412.8758452519271,1,171.8008761901487,0,7.635533850373611,0
668.9667783163802,0,84.08679180548118,0,222.78726825132108,0
455.99609941623504,0,376.45276259304853,0,51.40895759155588,0
156.17333807993515,0,115.59213141927425,0,250.0,0
1026.5822186064763,1,229.67821487423072,0,37.099443615751724,0
4131.043730298526,1,130.28077698516447,1,0.18310012219129818,1
189.09363703889628,1,50.23479368222073,0,140.95625425348155,0
355.3125945827156,1,185.8383084451061,0,14.072768226627943,0
609.7140551504839,0,36.97995602078717,0,129.79579078988112,0
1682.8781321805718,2,223.36348143084794,0,202.72608883383867,0
2637.727186874191,0,135.5537834945195,0,65.92040784599347,0
1755.6964029058242,1,152.9992407513262,1,57.16310410689028,1
91.03055391654574,1,99.01555602622618,0,250.0,0
835.8245308609293,0,802.872740620347,1,250.0,0
793.6908384039323,0,193.68320492896964,0,181.5500047344653,0
761.3268618839352,0,678.0135918418168,0,1.9342182240083976,0
620.8186136905882,0,239.02833688418363,0,5.122906575529489,0
503.3102726724563,1,242.19701084372775,0,144.24573002543946,0
964.2945760270875,0,1057.4166066274704,0,13.754405146085139,0
261.0408349598041,0,98.51815807382272,0,119.88576286048442,0
48.05384168485582,1,969.7221005490305,1,63.30148175168436,0
619.1468096067981,1,99.68372450461382,0,250.0,0
217.86014607121956,1,50.933107132278586,0,76.88008444052973,0
1214.058546231439,1,100.09913368989642,1,250.0,0
1624.5880922880956,0,219.40208634617346,0,113.08447640607277,0
96.2320993375574,0,263.83996873639177,0,96.02708931783198,0
1326.9287982343433,0,727.0020751567024,0,85.55643564661052,0
492.1779559266073,1,531.2975633139087,0,145.81953888820527,0
222.84860129763985,0,197.84211612821554,0,74.26183246461915,0
1444.9279213277428,1,123.50677112471077,0,35.54140448615669,0
1174.7822714501515,3,100.54911375628416,0,47.934165499348886,0
2003.2960837576945,0,253.08353253762692,0,250.0,0
1956.3157785203089,0,338.6854479373001,0,82.51341138420842,0
2831.3672818226005,3,51.065569837091516,1,42.994237567967545,1
1313.6333435264837,0,123.08710306664989,0,110.50624154452655,0
538.9285077496312,0,62.70181873680708,0,14.594498623830757,0
689.3126894894648,0,288.5390165411761,0,14.789410494959668,0
242.99244122548913,2,48.810550687268965,1,60.838273177523256,0
333.11340845022625,1,167.6102520227526,0,124.65548214940596,0
505.8437447665501,0,68.43022270607366,0,32.36658880663434,0
232.20560097228486,2,119.01311090047976,0,55.1877754584712,0
290.67920627199896,0,118.74222173231333,1,44.0336201175885,0
241.9494843751886,3,381.2931754890538,0,92.9254910622504,0
1971.6799951678497,2,110.44023580757731,0,235.6253316526053,0
632.147620717778,0,580.418978180288,1,62.40790359263107,0
169.5738909521483,1,119.24829323545362,0,250.0,0
484.9396120265652,1,303.61900057184965,0,212.0177806374417,0
674.8481307460377,0,504.44344037217957,1,69.1704108630036,0
873.3705868101406,0,196.73445535638447,0,210.78541784598005,0
383.5904703177197,1,123.9187849912236,0,250.0,0
482.58987060654744,1,453.8731022227944,0,132.70786645045905,0
795.8800525005522,1,99.50863157610061,1,12.276904759907325,0
80.14947435406683,0,256.97346136862245,0,110.96581694797842,0
1232.1471941433588,0,73.22496628233996,1,9.811952544506545,1
124.98308097214634,3,24.60075795149759,1,132.54848373799274,0
2041.400030451335,1,481.706338671796,0,125.27385652194677,0
372.41292117284576,0,469.1676684836599,0,29.837338334214408,0
380.7110718302624,1,66.23605354535593,0,178.11671286046885,0
209.32583720822439,2,209.63408942367528,1,72.35991045055441,0
939.4585667551008,0,249.86158680627312,1,19.808072287400968,0
1084.2519244497387,1,89.76257170737783,0,43.76534708414328,0
181.7835190761044,0,472.95915805420987,0,115.36694360071864,0
497.9317146875275,0,120.8928059038379,0,22.304823037749735,0
390.4141014997388,0,555.4454372289717,0,28.895322469551743,0
654.8169602085705,0,86.7875442250844,0,164.37552131482127,0
415.51942822140836,1,128.0067034778729,0,22.400096846456144,0
534.8032207856527,0,302.7998041843103,0,55.29784555774855,0
432.31421381946285,2,354.8547717869626,1,78.9691793933603,0
2639.463375266912,0,82.61565057921493,0,27.331031263992553,0
137.23859862027496,0,194.33241776977175,1,25.482526339049258,0
443.59570720431253,0,428.1185917683852,0,137.8562542937117,0
322.67670930164127,0,47.91127890107119,1,154.4521729959881,0
1960.0780164772573,2,203.45501442539023,0,18.63950267268063,0
112.90115352556815,0,202.9820744612737,0,59.2328903509001,0
342.4584371009076,1,141.36894480950335,0,7.41187064369295,0
619.8882790811077,0,336.11517974724734,0,41.04773313211788,0
750.5162361999581,1,34.93581690279963,0,103.40658439024962,0
440.3364628033383,0,521.7533667767867,0,3.6859608515777786,0
326.5905365397296,0,229.59011743074942,0,119.98157427256551,0
389.5386944364235,0,161.69979606628942,0,52.034795499007714,0
279.23143492389903,1,107.8376369902415,0,111.78167331626514,0
2746.7182786984563,0,148.546776996706,0,32.26149336111522,0
256.9285713979775,1,136.77861826902432,1,110.02771198299621,0
2322.5423005796893,1,8.813633810653608,1,4.184210054494922,1
1538.4592711975117,1,34.578105495059006,0,14.159013251703556,1
518.2286745969589,0,1502.4805113586212,0,34.81981794033167,0
1094.542078484698,1,273.8349907195652,0,47.55800307198899,0
358.33992145591947,1,196.67077606616238,0,157.6932099547852,0
590.8611115159417,0,203.17163401100584,0,26.194219603533966,0
822.4226504334042,0,233.3837820586906,0,50.81216484174395,0
208.63885228799722,1,252.9341008632487,0,75.59064631998137,0
667.8468320525851,0,34.99641010731542,0,1.9784756890905872,0
625.5087475553391,0,368.2804615863067,1,36.16268645038585,0
847.633219009951,0,200.35467409919295,0,51.29585242230371,0
79.07779543382534,1,73.47363359330754,0,88.32954465824746,0
1891.7197227030495,0,274.89978055457783,1,127.65992551792694,0
60.01131344301356,1,286.3771538118995,1,77.48527724889928,0
609.5460401138828,1,120.75304274631722,0,56.29295243451202,0
287.6741564993483,0,173.30934644420478,1,180.8721428773943,0
1136.6125289454303,0,419.55108588716695,0,33.653060210332534,0
897.6721396628787,0,174.97463213645818,0,52.360508010395634,0
807.6067300700071,0,309.3785488849209,0,139.83382349188142,0
857.3786737456729,1,36.974081357361406,1,20.580166452890587,1
1095.0921966244548,1,143.78956837490435,0,12.916299459671814,0
2274.0505233607646,1,354.6397260504144,0,250.0,0
1037.8043003583823,0,50.38319129600229,0,104.33524885378522,0
429.87115223566906,1,88.7798589446405,0,10.467977809739311,0
319.3868071595863,0,52.752024656433974,0,54.28350498163266,0
15394.35263234867,1,52.45908671028016,1,5.357716985623685,1
195.92360446235904,1,399.8974314301389,0,9.443930011450636,0
3514.7526832418953,1,584.2060946095577,0,29.765596598340622,0
255.45807544562513,1,114.13536307344846,0,156.5172756666915,0
464.7794787959634,1,141.09853664524547,0,114.0532068664801,0
564.7653759819611,2,149.62295611666895,0,2.979591054555906,0
1388.3314805492091,0,356.2389647105132,0,96.31800606158575,0
480.30275714980377,3,175.78723582329943,0,250.0,0
1291.1507822176902,0,44.342205232125856,0,250.0,0
1369.5170993023378,1,193.3193801769634,0,94.67083701813068,0
244.90737720986579,0,960.4057070351465,0,250.0,0
865.0167788886466,0,224.87861389041262,0,80.97711903768811,0
250.31795551568757,0,337.25375114729997,1,5.898089165726561,0
1569.1200753081123,0,149.72165160818997,0,170.57171908691643,0
306.9200597237832,0,458.90213698364227,0,82.22639247183221,0
606.4711652562678,0,100.79364282928579,0,250.0,0
157.44488540431394,0,298.1703491487783,0,8.689895945296431,0
209.09438409523992,0,750.3096979833008,0,47.118652393430686,0
728.9709047968948,2,1139.8286328554907,0,139.05998422728086,0
59.54906095866472,0,154.35828671052158,0,151.33416460775328,0
3502.6223385650596,1,739.3368802705652,0,34.55589044640236,0
105.8795430207741,0,54.57687695182558,0,78.44402608554358,0
272.02597387304286,1,438.55563329972534,0,250.0,0
109.69571749509055,0,158.38466632631423,1,161.53852665023834,0
226.0091629420407,0,447.8055224088959,0,36.438831094591016,0
110.73628753991743,0,128.582382047705,0,12.811889365299415,0
376.99578110705545,0,77.05551451996197,0,1.4284413734543635,0
288.1750265766753,1,122.34412637153535,0,72.27466763961439,0
101.9203986927685,1,208.20972037213934,0,250.0,0
3189.593879339548,2,66.17439231222728,1,11.246818385894514,1
405.81029611000207,0,255.94929090122037,1,13.769581062899473,0
181.12885672162483,0,36.73786725295719,0,9.300897303850501,0
707.8741609156049,0,308.0942113487863,0,4.069368642666853,0
702.3699735268017,0,311.0864334456199,0,60.32963815418561,0
240.24519468216675,0,420.35333797297204,0,250.0,0
255.0667918058924,1,96.60854751121497,0,250.0,0
485.4382740519494,0,867.0321787575983,0,2.384949791741859,0
712.39558531752,0,78.05361885974153,0,92.88247895640302,0
294.810662114351,0,291.4626714715515,0,20.39109290817364,0
1916.1815878311863,0,59.08959000455472,0,6.735993872769475,1
658.6435742005165,0,179.62084983334415,0,127.03173756616755,0
77.18166960830877,0,340.49615502457635,0,72.83804095795676,0
105.86186780094232,1,101.4807737804242,0,209.53615514094008,0
406.0943377999581,0,55.845089982512356,1,111.446026098348,0
621.3683232909685,1,164.81008052243067,1,118.81126771992105,0
176.3815886078561,0,141.47157862464297,0,250.0,0
624.9149469499309,0,321.0383501301171,0,66.26215869074811,0
726.9559661277538,0,191.9915925266577,0,29.17265476037968,1
40.0,0,137.55040146659852,0,30.92324282691762,0
707.5342241780378,1,752.729001117225,0,48.18515104542757,0
171.50289722401234,0,65.36667749468108,0,97.42580869574448,0
223.68207366077385,1,67.46833095212178,0,66.71387764951588,1
375.0909963306964,0,400.5948230853058,0,46.251548997237364,0
228.5462200670288,0,439.63138260756386,0,26.920546108369447,0
165.7233333938774,0,270.9572118843144,1,121.84204020814494,0
425.7252597109686,1,454.8438191433565,0,101.38133059016637,0
1350.7720225718215,0,126.00520011671567,1,173.797476098014,0
1048.8200462654386,0,2155.3260586283054,0,143.1704570728962,0
144.45163127722384,2,109.76311435346614,0,115.20581298823988,0
1609.3173512363676,1,33.40981235691372,1,9.46847240685701,1
670.5708662014807,0,252.85275776904484,0,121.81488530703336,0
262.68313277318134,0,71.1332732779012,0,47.789532905977495,0
335.574668897268,1,182.11959435370136,0,191.04539178504268,0
207.5062994037678,0,224.52359437369924,1,192.11397437143276,0
167.38160849256823,0,335.8477072695537,0,26.183326839911125,0
269.291812299722,0,259.8821794498338,0,53.302211497714154,0
666.7914709307673,1,403.0186390517815,1,97.42721202788633,0
284.6230806982194,1,594.8039106292935,0,242.05073886848282,0
428.0849562426403,0,255.62090053359302,1,62.98477187666494,0
380.87523288856784,0,743.1886243523657,1,40.966179104058526,0
1476.7280186452726,0,180.86098252525866,1,132.31923792876182,0
834.1235266147295,2,156.2796494605872,0,35.54998462122921,0
1433.749677341477,1,499.11589641827993,1,55.87121244811589,0
200.83854595424506,0,81.15100659159837,0,98.605510591522,0
2195.3973012422452,2,29.223033546458634,1,1.0633045183795233,1
559.1841114833622,2,263.10309956881787,0,42.2532401205926,0
539.2131824262773,0,16.368728043897917,0,68.02218369188297,0
1116.1503767233353,0,243.19155481369364,0,9.65996060169713,0
1391.6406916031838,2,207.8178334561091,1,36.79420007698653,0
502.06668133319465,1,313.3595035156552,0,139.6082542126413,0
1338.6455744682717,0,350.0811378176659,0,100.17156358837971,0
251.31256402405572,0,268.314986904813,0,14.802674844876188,0
601.8334588648173,0,112.65632665228166,0,105.69068089844609,0
60.806812982384784,0,37.15139405700908,1,250.0,0
615.8889078508159,0,249.9973593943677,0,47.7530983329019,0
202.81412708699642,1,286.2152658659465,0,68.74148808708391,0
242.02696079872706,0,162.0805218298696,0,7.279801702331716,0
530.1332297485799,0,189.10983156131522,0,4.0483994400484535,0
701.4391920829606,1,117.50198584949729,0,126.24739211471861,0
166.26075279699378,2,242.90147030902062,0,213.62952219751023,0
230.34222888459954,0,93.38634884968224,0,148.3515733131822,0
138.2753247276541,0,355.2936598218731,1,88.36262405622458,0
407.12817649584315,0,127.57416943430435,0,250.0,0
139.9794554654984,0,445.4800958974227,1,164.57199971142697,0
285.827283459943,1,205.5270578423959,0,195.22960253133158,0
289.62736869097427,1,193.24076666769705,0,2.633173587883126,0
147.9986760927967,2,228.41572516838144,0,89.22811748488249,0
199.5085655343856,0,100.60248729189938,0,250.0,0
1051.1646634514368,1,89.74102929326797,0,133.65967206557517,0
963.6363546278745,0,33.87801424374735,1,21.705532750023593,0
262.850388649216,0,637.1656214176156,0,10.061047031939719,0
405.1522313907366,0,432.3631451392233,0,62.04350791215445,0
996.2342679010018,0,21.800463008913542,1,2.4721262971238844,1
253.51636558583002,0,164.0434290093082,1,229.03374622030208,0
70.06421482774218,0,69.04947496944612,0,184.87462044951792,0
536.9048771087624,0,277.8730002457033,0,250.0,0
571.575662557284,0,197.81365845206417,1,196.8672005782811,0
263.9593820926469,0,83.77156036287684,0,113.1836179318854,0
808.1180619882269,1,55.848341905715,1,10.874780510789558,1
234.56963628555357,0,214.47084994614767,0,45.47805376386384,0
522.1608899481629,0,148.86823270538878,0,70.34054409011367,0
40.0,0,424.79504234617326,0,250.0,0
214.59054322987427,0,490.726589972957,0,250.0,0
284.67446194543146,0,87.94140942130721,0,11.98396840586195,0
3466.8974974511552,1,17.384246266462533,1,24.79629020708937,1
784.1558675752818,0,313.0922929446288,0,88.14966860815468,0
357.2216157861482,5,107.95405194347367,1,1.5455392095808025,1
1015.3729604786578,0,983.1459416303255,0,18.511128959608197,0
181.5679704910951,1,475.3350594025635,1,90.81926763657535,0
131.99208910158242,1,131.03607374371154,0,250.0,0
188.0463497529599,0,296.1890134936487,0,74.09964572748613,0
1943.8407889395662,1,182.66209734846785,0,5.218321546756024,0
265.0207581071729,1,185.86399852792002,0,9.360993750577125,0
385.33552627911,0,207.34492522296225,0,89.54438617225422,0
1584.5033542904894,1,49.54479511338769,1,11.102078251930454,1
163.5663276620294,0,173.10215570314259,0,131.00359078025303,0
144.17417726953187,0,369.9349701936602,0,125.73115684410728,0
4629.815300215297,4,596.4954453761769,0,39.26787741837498,0
827.1036301335668,0,391.4969789374928,0,51.14592341439321,0
618.7650578840121,0,171.56295499905062,1,157.58177931393982,0
495.1448721001538,0,202.58307293756337,1,97.3997668179772,0
2477.7353665064998,0,255.01873134697058,0,136.16729369645523,0
321.3129643958782,0,197.66000246908817,0,13.901902375296567,0
2794.635399491758,2,317.1454741490914,0,250.0,0
64.58185326831803,1,160.77918683819786,0,197.6810724437496,0
231.80538018546548,0,336.8916644299195,0,235.8078859649844,0
711.5765917753997,2,389.49933563624194,0,96.58833148438312,0
756.6555697043766,0,581.1237680030902,0,250.0,0
49.71954922124331,0,528.6888729551092,1,56.358601903229015,0
951.057108793256,1,29.10738376064174,1,4.762651825720617,1
500.5631563796003,2,231.10297811488556,0,59.548506468360884,0
487.09668274144735,0,107.79143846796052,0,157.85641055269568,0
328.4258015719958,0,316.8224709482501,0,65.11401950705553,0
43.16153430423216,0,226.6177656037639,0,65.18813392341418,0
577.5836115260221,0,941.6280855110103,0,250.0,0
1041.5329923425995,0,198.98774592890467,0,55.37724099055161,0
417.16261353708296,0,124.11643856919837,0,55.009321371607115,0
2076.7533456728625,0,150.53227591537143,0,250.0,0
188.8690942601898,0,164.59824764538953,0,65.6544913270852,0
191.7237255768324,0,194.8470385961137,1,69.61609857819478,0
7946.222807255728,3,15.281467934768713,0,6.994715664503334,1
3057.749612112263,4,36.173425025518306,0,24.67971572254313,1
40.0,0,465.6521281762504,0,250.0,0
1714.1038562049912,0,295.9605119854671,0,35.47169659701795,0
349.50758720919924,0,47.001652519515915,1,54.1913173842356,0
262.00141185380755,0,654.6513915031494,0,106.73815926272613,0
309.58614332881615,1,168.35497009976655,1,76.36238086200007,0
265.42437108693474,1,305.1730421156904,0,83.08288780762074,0
776.9195560927933,0,281.90839270957883,0,250.0,0
638.434700756158,1,92.54865634905933,0,250.0,0
489.756761864526,0,53.77349430778444,0,122.72531166684513,0
150.58853681966787,2,237.79744247770594,0,178.23776093586991,0
504.6332964136133,1,56.82504720904817,0,0.10308071845244378,0
359.17729823868916,1,150.24534763138718,0,78.96260487182083,0
2755.2996287580113,0,522.2393018810692,1,22.89766408096496,0
881.8103068369246,0,965.817857873947,0,31.416291328307693,0
86.786094799898,2,133.99100128622288,0,70.95986022968226,0
1184.3779387614125,0,468.06097611037296,1,45.8272028345359,0
65.91273412244601,1,1599.9816113449795,1,26.473504271311334,0
366.5959138110548,2,155.9362101683758,0,79.65369742529816,0
734.0899154336792,1,140.1642743225032,0,24.00319504251234,0
446.53657044682495,0,83.61387747783382,0,66.80652835622422,0
773.9001564920438,1,166.44286630834264,0,82.73912176724889,0
325.38865612058436,0,111.73138146944991,1,171.9156707585273,0
95.9615544939752,0,744.630563962955,0,250.0,0
366.93255881309125,0,238.18000241216163,0,27.874877169693598,0
1116.3826300611765,1,262.188826290537,0,218.3120615319259,0
566.0644535346615,1,462.9875092974214,1,46.99469962846966,0
177.49588758734023,2,282.76048274932026,0,250.0,0
104.70187448695094,0,229.47879550566657,0,206.6611805013423,0
433.4578231783662,0,63.37235618093836,0,250.0,0
305.1400211953595,1,44.40875985396414,0,250.0,0
2541.9234413171616,0,640.4902962689176,1,21.454287320769467,0
54.1633386357757,1,751.5178221594134,0,16.336714117500414,0
4035.6204133345636,4,8.459323467149092,1,10.546009337080955,1
409.6332101800814,0,250.6309146960043,0,250.0,0
2522.8422221831966,0,90.51644688046228,0,6.189611927278739,0
754.1152100918969,2,317.75456353505547,0,55.52517545193509,0
1340.5445649472013,2,235.7969607548286,0,35.909446167561676,0
812.5308685613501,1,608.9335180481471,0,31.139957091710727,0
685.1038362498681,0,95.63782791802785,0,153.80151425881246,0
151.89264678255324,1,174.06160062476258,0,220.91596234103562,0
81.45261815508992,0,147.09791996887918,0,52.672641428895226,0
366.5061900541304,1,121.45387815402238,0,110.72552568381016,0
241.74198379560696,1,365.2800840628356,0,39.5636431668958,0
283.00006898683165,1,2291.0625765783375,1,18.843328763932046,0
645.3799805209748,1,81.34856689846407,1,79.43401191894468,0
322.78466416261256,0,174.26576290219757,1,32.034762441054,0
3738.536099363388,0,65.25668992116101,1,2.95544478790653,1
115.6980971794251,0,69.86049439885657,1,164.1424323831532,0
145.634614676817,0,112.90066799158993,0,229.3487995564965,0
434.16421412644183,0,364.8475683250464,0,123.91812728233228,0
954.9235791793083,1,125.45777587587763,0,70.57030678019798,0
5423.527710399747,0,189.5997785474446,1,57.157586435336796,0
850.7802470444726,0,718.7448570584752,0,250.0,0
232.18256599006799,0,340.2570315798002,0,86.54383568904206,0
8295.697046151203,2,152.57818213183722,1,173.7446133393087,1
678.7345846881574,0,126.64343133673914,0,4.52748738491997,0
823.8574247350234,0,160.55570190816408,0,71.97035886854017,0
328.13116260586554,0,210.42070873487137,0,250.0,1
463.4373266823263,0,120.51999911229689,0,31.189482097387092,0
872.5125336863856,2,157.2374465133002,0,20.952932035148123,1
660.0137929532051,2,248.11630668129644,0,158.52586850031952,0
174.86094024892137,2,569.4447348668773,1,177.81596098578996,0
1080.2017569023064,0,143.973469424634,1,55.526308924592165,0
360.57914215217767,1,620.3710466277406,0,45.85019531371041,0
716.4638499019375,0,241.13346014342693,0,197.25932045760567,0
53.57475888191084,1,117.43057331204595,0,81.60643583230409,0
622.8416567425526,1,527.3671172325514,0,25.161066001258288,0
1579.438919454569,0,143.57921220579826,0,38.844537178304634,0
1100.2272032359804,3,1701.49101586463,0,195.9472789082327,0
349.34397459294587,0,460.87186258228013,0,134.9829558371101,0
296.8308540243419,0,910.9717273441282,0,79.80680186640768,0
825.0778855853064,0,286.8342552045457,0,116.07634477911382,0
301.8579435203049,0,101.87492582623294,0,247.86570930791578,0
1065.293979314887,1,343.1040146849026,0,92.52781743595702,0
188.98292092515973,2,206.89603552295128,0,143.99913403586766,0
69.55984087356568,0,307.7063476574441,0,250.0,0
368.56451026551224,0,446.1961354921431,0,60.15565631833002,0
907.6975522280906,0,830.3126930015263,0,207.33201535077217,0
261.1058264557717,1,182.07145722062407,0,3.812373095672843,0
1166.8284327959375,0,600.2532651835764,0,19.65322995511332,0
1617.9830124112382,2,252.54227366054417,0,212.03540189197054,0
2731.802456302843,0,263.33894457232293,0,228.04171008464786,0
159.83938522832744,1,242.6213046001327,0,97.3785657440578,0
725.3811108590759,2,102.37995830293525,1,20.30393067827211,0
481.65794710359575,0,945.049919113926,0,18.970037228499514,0
2140.2502145365843,0,8.582131602037505,1,21.80340097484181,1
40.0,2,181.39404594060395,0,40.89439990202037,0
114.67863046692968,0,87.45354980283305,0,56.11734316894923,0
133.40060366020592,0,149.3869968004687,1,85.30532919410777,0
113.07865644210445,0,35.61318928397362,0,118.62935927385367,0
140.80097397900676,1,62.907607063087035,1,69.19670825504444,0
855.2557397781186,0,169.8445117960536,0,62.11655269195686,0
316.7138433816449,0,217.20284055115118,1,4.461873263797593,0
73.12428689521859,0,107.36710210585169,0,250.0,0
359.69822607800495,0,74.96688478368792,1,192.9255200713801,0
463.99745874045186,1,216.64950783083648,0,170.86746059394372,0
10785.91250636547,1,19.542068955476804,1,10.0861961349267,1
1794.322374895188,0,291.3900808046618,1,2.803381048031811,0
130.90010772250187,0,296.71036859467165,0,139.5981994724314,0
953.4782093939846,0,695.9240910677375,0,90.466050787676,0
696.9376957699931,0,163.58534460816972,1,51.83453741062089,0
53.80533699380403,2,392.4870703797331,0,95.7820124848443,0
1195.0137286892366,0,277.5873848558046,0,49.81631724468499,0
464.99640558866275,0,128.30561720331397,0,50.55735916404697,0
756.2840409744707,0,63.92609761709354,0,18.327657450019366,0
991.9186121649817,0,305.49751494531154,1,110.95173397077131,0
152.404894743693,1,79.77203200654606,0,141.46750205807447,0
114.52076373780834,0,58.64070367460497,0,104.74191099498921,0
1502.823879610768,0,459.80254159870833,0,32.648899434093096,0
46.34298595102853,1,243.62507255938579,0,52.488263871371736,0
871.767440484853,0,266.7820128555041,0,203.80543682614422,0
1372.858368753615,1,132.05560881603247,0,19.840740812704595,0
2020.8567509460383,0,186.4778427309333,0,111.72682397112943,0
283.3525455780094,1,57.24936845741561,0,110.71536368724526,0
303.98974419248566,0,119.87277417415804,1,32.13485186798781,0
164.97074798762762,1,191.76224989158018,0,62.540403030275996,0
643.9365740656224,0,158.90080862225955,0,1.3205182985820048,0
112.98171970947553,0,1303.649948205347,0,37.78434603138701,0
2682.6649854874295,2,250.21081780719808,0,18.248204082312057,0
299.7995058175471,0,104.18743458307955,0,137.5695474091496,0
336.6964588302726,2,239.19979585469437,0,38.67861175495533,0
517.7811025823888,3,32.50111935167816,1,13.602331278677259,1
455.45675080980413,1,206.40457272130902,0,60.22289859237975,0
1129.6488160026017,0,293.3535054117939,0,22.580821903779526,0
164.24424737196577,0,217.2099485909055,0,177.20930419054733,0
50.35066182146406,1,73.98005869351826,0,15.609641973167438,0
287.74938934692875,0,765.5278878670141,0,20.557269423717454,0
199.86607786271753,1,217.72033794832316,0,153.3163416540228,0
842.8099429968564,0,606.6684461639186,0,95.96236239493058,0
272.1205237141526,1,559.343628793956,0,250.0,0
1067.1993760448127,0,67.7856869233581,0,234.22244613061085,0
494.60480805204014,0,219.02058697668718,0,90.21415945861051,0
430.4414952339996,1,851.0400761426733,1,250.0,0
4605.596045101366,2,167.76978510007518,1,122.03836872787849,0
897.2540088430371,1,282.56591235697687,0,165.49526855681444,0
61.32497679251827,0,394.3832883770765,0,44.73228859871345,0
256.95997923151737,0,201.069777955,0,8.438892206605694,0
2019.2540632786095,0,327.73029471761066,0,1.4090199154808054,0
291.35664735781444,0,1318.4360005142578,0,31.22872757758508,0
59.19151263340253,1,679.6395075598105,0,117.12560292344904,0
673.5073799253214,1,116.37222809315077,0,250.0,0
353.74535004737237,0,214.1451773711154,0,13.984286355889564,0
431.7774535988374,0,69.90564431343023,0,153.80027045334677,0
555.9253695496751,0,166.725540762031,0,26.913480416777176,0
605.1141799372425,1,356.6776886347862,0,20.904653418792705,0
5575.02961445842,0,33.448929543607804,1,0.7700187650354405,1
250.39681166694442,0,263.9211130382127,1,33.755781010560504,0
198.37772567490842,0,281.0496947636412,0,250.0,0
928.9939759252807,0,65.2869561151448,1,82.69160604400984,0
72.67013041464595,0,177.56640448075493,0,30.35551838828823,0
372.29705524761647,1,190.65021878934877,0,121.19316096031106,0
299.53759287049274,0,395.33147107679906,0,63.915087859007485,0
259.7762186723939,1,79.61699281718484,0,57.671782775555336,0
1249.0398357931872,0,381.78011523624787,0,250.0,0
393.1277221653665,0,382.47610557719753,0,250.0,0
806.219242400852,1,412.28444479231285,0,157.24112256785145,0
390.665650603258,0,76.4876622216101,0,35.7008112552087,0
464.4311159494407,0,56.68661794000445,1,77.59486672240773,0
849.5935233514377,0,85.30009326013726,1,70.99320085293199,0
298.24441965036516,0,55.832406910588205,0,96.78474924331675,0
311.0750779659379,1,305.60998835688594,0,169.03531905016396,0
159.85151492443464,2,323.97824089835945,0,62.22917479989748,0
264.1863120877815,2,523.7430679511325,0,65.18203727265345,0
265.4531687950517,0,903.8856342570303,1,194.5895760598338,0
1714.009785738652,0,95.01000316703308,0,35.989933798451204,0
609.821081415565,1,543.3677880098196,0,100.45271354952152,0
203.07365405519477,1,77.95614082352658,1,18.180100420710694,0
5847.449726912531,0,56.497355652552294,0,3.56035868053552,0
96.43731453086231,0,104.78999811643224,0,39.65375801244634,0
400.844968480587,0,351.2318364817944,0,153.10732379791935,0
969.3117470046757,1,871.2161944734064,0,198.76815243189895,0
349.55941414276174,0,114.14598170021276,0,83.14681637423895,0
1141.4855522914995,0,150.15289183060125,0,186.03517475439878,0
443.90065658588395,0,123.44302997249078,1,55.003569702241386,0
284.73193303768585,0,266.12096681767804,0,65.86123426137492,0
527.1847834702293,0,120.69354343159924,0,103.95757498819647,0
316.0827008625503,1,439.60842627804357,1,70.00522814167874,0
292.38994456123567,1,234.84869098626862,1,250.0,0
1507.8845321573572,0,196.80064701998924,0,141.84519729492573,0
509.49131933266483,0,201.09562234823127,0,250.0,0
1324.1992805699367,0,41.1531749241965,0,135.17409226223458,0
217.75909045628504,0,465.5094625271747,0,84.13554185690249,0
477.39341282517876,0,258.0420818718796,1,59.882000753719815,0
581.5555485007206,0,136.7139873625273,0,124.97433006557263,0
2360.4881102162776,0,244.13230403645954,1,22.478373562662895,0
378.8204785411235,1,127.51950277449723,0,155.89057498734437,0
680.4272269876351,0,57.50615740886381,0,250.0,0
67.5766415150623,0,83.27351293684833,0,80.45193412579493,0
673.9807862779573,0,32.349900453694964,1,112.67416747926472,0
149.3790306118064,1,61.88895567744216,0,218.4896984101605,0
369.9039158120668,1,204.87182058854518,0,130.47298724595896,0
370.0452339025934,0,339.6343269476595,0,250.0,0
763.0062804119383,1,104.44315733519272,1,250.0,0
156.21092563168284,1,431.0097796451927,1,1.683494250362538,0
578.0693724586507,0,485.32586429655373,0,103.3749342118408,0
940.0719929202365,0,376.2287120909307,1,139.43849975837992,0
1496.6396097757083,1,385.96275013063774,0,33.3555422818348,0
403.47011930588,0,271.0749394279662,0,2.8659590254901066,0
1025.5337726253658,0,125.58768743766623,0,175.0397461808067,0
2195.68266403323,2,507.3352952558524,0,2.9643521232685166,1
79.42886333865479,1,110.79748187944152,0,24.774186318260053,0
208.6987705797404,0,174.674366160053,0,79.0664267912261,0
2514.973168605349,1,89.1963532484062,0,41.2917916500646,0
149.23270780873378,0,172.86516748379557,0,250.0,0
942.6881711920454,2,21.498752090081982,1,6.155440775246361,1
118.33588612474645,0,47.42776476973591,0,117.49989330866947,0
1323.0350534262225,0,970.2490374091207,0,214.94303579350182,0
630.3052707831895,2,183.22754258944823,0,41.303827045525395,0
343.28940144795246,0,200.15528981571964,0,202.79894945811202,0
84.84377214146538,0,77.20225971177796,0,133.5611528119796,0
361.25566133730916,0,80.48625541028832,0,107.277966833007,0
791.7045159756033,1,165.69399932791217,0,82.49632683654602,0
371.7201822526198,1,243.86627521800114,0,182.5578830931087,0
569.3661328154776,0,224.9607743699355,0,51.54571064118762,0
394.9871938903617,0,69.62031389970396,0,2.3963391493968995,0
155.1206517961279,1,148.5926748160938,0,220.84422074847078,0
2803.3166206074443,3,141.88941940981732,1,4.414068368643637,1
405.16298844913916,0,82.51951545428939,0,9.563439457330372,0
5464.749468821042,4,21.60803544969238,1,20.851403096183184,1
317.6271528345961,0,157.37593819643348,0,9.156249291810681,0
412.46584886283733,1,283.37128711188484,0,4.160716125423135,0
318.24175524916006,1,210.25719655738837,0,249.03425645726074,0
334.2617003200819,0,379.32980726885955,0,250.0,0
727.0084592964449,0,82.62959508133356,0,170.31682371360398,0
369.6215313718093,1,456.3035569985165,0,250.0,0
214.23113210952434,1,487.2644587247195,0,33.176817812950844,0
117.27279903082935,1,372.30221625436457,0,250.0,0
507.99508201242804,1,409.10108994214653,0,42.84539286878722,0
1328.2142331909838,2,76.19329002499545,0,250.0,0
836.8291909257582,0,308.2173844510714,1,250.0,0
133.67960061635895,0,215.68833873997949,1,154.52493970006182,0
994.0176812109702,0,216.8915767384204,0,38.00779193533238,0
1911.3450363161405,1,175.37125069092306,0,5.620551550785779,0
360.9621120944622,1,480.30898232292014,0,79.21925298918448,0
239.82346697775165,0,140.12199819968967,0,250.0,0
1006.7596776934739,0,352.8045684761475,1,2.9841108175504756,0
483.87212310921035,0,317.86909670975695,0,200.9110660272752,0
468.9300684499497,0,116.904395762394,1,26.5801609379468,0
581.7299070626174,1,247.85885279134249,0,114.70876607079022,0
117.32413151173661,0,235.42470281950202,0,217.14994018574788,0
1042.5946547333656,0,95.71248323401117,1,27.292680645063815,0
1417.4648874889026,0,62.756496428699066,0,216.8727858539177,0
292.1326684971618,1,199.39164277757428,0,88.68084104448091,0
1007.196715804876,0,448.03890742721626,0,197.93142207613923,0
3112.062809053914,1,785.496171852116,0,133.109919510022,0
228.35414785379834,2,99.19077570786027,0,30.222114162329525,0
1469.176000165446,2,17.78417785940516,1,10.627443577325854,1
200.3611719759698,1,334.5312615492689,0,16.69051990177391,0
81.26441392104653,0,92.1010808135774,0,49.960006894390496,0
139.86477778756722,0,340.4197628596919,0,250.0,0
340.58060056557713,0,102.38996246590595,1,250.0,0
613.3082501926009,0,323.16564363779764,1,47.79676847910479,0
221.56945256729233,0,692.0745973587452,0,19.05008572239421,0
248.71849442615624,0,288.05164391869926,0,110.38640497153142,0
907.960802835052,2,47.03038037657673,0,75.55229267140305,0
221.47031483904573,0,705.0111968953688,0,49.81575224880801,0
834.8218429239798,1,180.27234665454588,0,73.3948656175607,0
719.3035624407194,0,542.4205815722378,0,8.459608134541053,0
212.48518630696702,0,219.33373325599575,0,250.0,0
2253.1320422004073,1,115.2958863005018,0,14.789319250070585,1
177.3586750395887,1,259.07196698643884,0,185.35999632667222,0
232.25378867024824,2,508.4936755477791,0,82.82727954322627,0
53.632221730639884,1,109.08339127701969,1,28.298622578716596,0
348.8490869257714,0,278.30493150657725,0,154.66733217839075,0
204.1210362883698,0,132.9796546802904,0,202.60876647864887,0
286.8068363073773,0,66.56211244595292,0,63.995460892547044,0
379.5017315002403,1,69.54639485650092,0,33.811989188976575,0
414.94269494032096,1,161.64290104588142,0,71.58428873278163,0
1664.8564619249996,0,108.34377985527436,0,95.5126929772993,0
1462.20146691411,0,413.8652407881845,0,74.08604366095965,0
189.31578995491333,1,70.1595323569293,0,250.0,0
86.63910596854872,0,117.19839833301192,1,53.50671875165343,0
86.2906791916764,1,395.40511499099927,1,3.562584154879958,0
315.70227027762314,1,1503.8492428036047,1,200.59855760370846,0
217.7578227087772,1,461.9505778352053,0,68.24786729042637,0
952.2219245908403,0,785.143711853537,1,32.28111578887387,0
770.2208969822152,1,75.90293723540414,0,107.64130109455164,0
49.749022431119634,1,153.10738352222984,1,37.58963058772296,0
1010.7443459780109,0,348.0828597845843,0,20.59086024349562,0
434.94586718029564,0,194.71310939818719,0,0.9594814160532568,0
156.23656770505116,0,298.43221863876767,0,53.44863116749228,0
88.20039948228272,0,204.5622553905636,1,112.46052673984192,0
4874.875601417601,0,327.3882143384679,0,110.94983392300837,0
486.7242366587338,1,281.9962142375607,0,250.0,0
923.6568505971117,1,512.0520293196228,0,27.36992191884316,0
441.0818912858286,0,86.76110146215409,0,17.68609865483775,0
1285.4564349535929,0,127.2925631843188,1,30.49397065074576,1
2531.749562463185,0,210.58420043761774,0,59.35983202773323,0
455.3920056977497,0,114.94002179976074,0,38.37810232923218,0
1323.7941148161474,2,166.46597926744536,0,143.11259720584582,0
1036.6743521564445,1,215.0350833137802,1,138.0057600667525,0
235.52978406253823,1,189.88726708630907,0,82.65117740525538,0
290.8370382801119,0,121.09907053899175,0,250.0,0
485.03875780965257,0,514.1345939612178,0,53.34851381281022,0
11504.650912206906,1,110.88169934497401,0,37.87553046590562,0
117.57452835616398,1,2349.7172655219715,0,183.79932084749257,0
458.78193335152037,2,248.38455765359416,1,110.43187708896949,0
428.54853422671204,2,55.70624841679391,1,9.878491449349356,0
590.6648043865787,2,132.23138792771599,0,127.92304673050839,0
1293.5146026840537,3,13.466343389033142,1,4.186416772696289,1
3214.332691423577,0,107.55350286756429,0,215.89442588213169,0
568.8097064570082,0,61.76821676483204,0,130.64850779501322,0
3275.4239712086805,1,118.7703945484268,1,232.22938174204106,0
286.18219204183293,0,59.93485481921112,0,40.51775845187721,0
344.6943971562475,1,248.46237482195005,0,21.261548018971528,0
312.4595019133815,2,39.228041226196076,1,9.382898054620213,1
274.8494044213854,0,123.81571286238534,0,136.5258212582036,0
1112.9154445768213,1,112.00819245548387,1,0.6005696100848504,1
124.19547922083278,0,232.2380510291416,0,170.4758182253479,0
151.19760269003186,0,382.45320681154647,1,90.98766174946448,0
1092.262636682048,1,236.44854194296047,0,19.72003437324447,0
2931.8223837026408,0,133.52563188136406,0,250.0,0
1188.2702042591436,1,400.94761839438814,0,21.355011814973956,0
165.15292073022357,1,80.55612139125678,1,204.7499753757841,0
205.58231819132314,0,42.902831362320256,1,250.0,0
123.2581090527492,3,1069.056982791191,0,250.0,0
316.3921887882575,0,87.34793165365497,0,114.2366147266017,0
349.69622823321373,0,133.38630783056985,1,250.0,0
351.0133913713884,0,634.1403811609214,1,46.5080217991865,0
539.5195281043402,1,58.29263571319051,1,198.83930611006315,0
6370.3957682778255,3,36.36866867972541,1,7.0475734339527225,1
573.0036601789044,1,53.74157645635132,0,133.9666378503417,0
970.5387680292474,0,453.07421608169096,1,81.56326529913173,0
472.563631375538,1,131.44602409983548,0,170.09645202155443,1
346.89389399817827,0,832.1738925322564,0,96.10516602372864,0
451.8636456563938,0,453.8290595278754,1,28.803986026783672,0
489.2475801259415,0,136.5618609367226,0,21.49049938650859,0
180.7164915451926,0,525.7983353067715,1,63.98168794755043,0
3244.0917590528734,2,235.50849164627434,0,59.50962760688818,0
79.51506798602259,0,227.53035206793442,0,10.666299410257386,0
456.585266032538,0,95.027062646868,0,6.5764583710564875,0
240.3092551176718,0,211.5637921515575,1,91.85905423153906,0
786.8350377608721,0,93.72298021558062,0,71.67060400830283,0
91.80622350084668,0,28.342677775379734,0,55.952218585140415,0
1461.8125767019435,0,61.99722702528841,0,18.276924616420448,0
1048.769476400219,0,312.30302157773036,0,224.32583500202486,0
352.040453259978,1,297.75963413473846,0,152.2128935848672,0
1594.0407598411211,1,118.99806961506451,0,204.0847548629693,0
1381.647261084139,0,175.9146072928051,1,40.20945538196445,0
209.1096807634025,0,247.07735353493857,0,34.979646139192624,0
880.2975805062629,0,453.42330041994063,0,9.28713172414863,0
257.7724079068362,0,475.44645531230566,1,69.88342849675753,0
418.2290541101184,0,372.63036021381123,0,39.13968815164424,0
96.31135630561971,1,755.3408341260546,0,250.0,0
961.3111638482158,0,757.5745557140157,1,109.40366243842749,0
1515.4040949127352,0,325.72445396168587,0,135.48239849955658,0
420.27102231905883,0,95.35796846230794,0,162.4268182975544,0
1135.1807254758132,1,220.48080569325222,0,3.989461201681702,0
727.4088763150452,1,489.0311532952097,1,25.024529667422943,0
73.00221722559121,0,215.3134448487394,1,178.64463020725196,0
426.69199554719586,1,125.64248491839663,0,119.11792476849303,0
1375.8728122358398,4,233.65016251592965,1,32.287341006595156,1
81.51994300910656,0,326.7857685237953,0,29.571048053290486,0
269.27989259064196,0,354.2611951117287,0,16.66985182703829,0
179.25185471567931,1,39.906952123306006,0,223.4488906456104,0
374.04840688729615,1,221.05641988477478,0,24.900647648627547,0
40.0,0,155.46092604327112,0,54.97595171467006,0
1573.964708632935,1,468.9985168867476,0,66.67356937984545,0
240.2331154088538,0,86.0686398161624,0,250.0,0
869.6101007440279,0,39.29501919970306,0,19.406541806211884,0
1429.3836555861337,0,29.767742105473285,0,1.5399654823875955,0
1048.0962384493084,0,190.9062244381732,0,250.0,0
311.86449704024585,1,78.41007438806483,0,4.9145110045823035,0
577.2547662786637,1,73.01688564960031,1,71.22671471669538,0
581.2345831102917,0,454.78609948002486,0,72.74356864691168,0
573.4922219395892,0,51.61319640815264,1,141.50157835792447,0
406.07328006648555,0,373.57466861885183,0,159.9573210450601,0
2759.993636462709,0,211.9182790327423,0,111.89868308588807,0
649.5638316672466,0,43.37062870739354,0,155.33098988030807,0
64.86321383942133,0,121.0512731395752,0,28.551558622709845,0
168.31405412628507,0,61.177433799039285,0,173.38714076014077,0
158.8576227171684,0,58.43139611346885,0,123.35500811192544,0
164.38469110374484,1,199.2527758431332,0,90.17685311051338,0
558.1067278866542,1,159.15816303569315,0,114.70495133291838,0
252.7121796735606,0,307.6453367461478,0,73.4265402510727,0
473.9395025304812,0,214.65274746817832,0,106.06566148390534,0
394.6400594929696,2,276.8066232355252,0,250.0,0
1545.3998996702396,0,174.270938881738,0,16.543875911976617,0
403.2325332532608,1,141.64244686327632,0,4.264263032453359,0
1659.4774980805964,0,311.91297516871674,1,65.07432352954085,0
704.1992202863361,0,246.20954326530062,1,226.89586446144332,0
1907.4031319952066,1,91.43889462373497,0,15.759932401442894,0
10007.933290522044,2,653.271283986337,0,202.36400162283797,0
389.66035440586506,1,177.6004760171082,0,40.77380336497731,0
159.59265834288,0,574.627940314635,0,96.83090283536683,0
639.8145403032751,1,204.45783050688257,0,54.840701140113126,0
1006.393219584565,0,338.6984735984742,0,94.60634813590704,0
249.6292266773938,0,112.37105757664611,1,219.27038791688668,0
3399.4078498171666,2,227.93619232788342,0,250.0,0
284.4542117766226,0,108.26003150970055,0,220.4695131629935,0
733.7420926975819,0,127.9283568175998,0,8.909307617272711,0
2112.9893841284756,1,203.15971343715444,0,73.0466381258685,0
236.35463561614205,0,469.9582726510073,0,250.0,0
1202.2945004598043,0,102.22850213637494,0,70.17263555073839,0
1666.987225041079,0,402.67815721795097,0,204.36830453016037,0
140.59121267514584,0,431.4110867963371,1,35.58553486161934,0
334.32141330553776,0,254.7853031711617,0,25.346781417161985,0
2090.176047699264,0,290.9254895283478,0,143.18234316814707,0
297.3097477124383,0,85.59495518012685,0,71.6068558299737,0
1952.470581483262,1,22.43854142086513,1,1.5839028690656483,1
83.32685420022857,2,157.0249127105898,0,114.57750832801955,0
376.0176820199228,1,204.67740748755241,0,100.42095325390879,0
1401.1903882089457,0,634.2282021940256,0,39.234496841936014,0
40.0,0,480.21356041022597,0,4.256227852902859,0
6270.365181651498,4,179.99690695304537,1,16.44090061936344,1
369.6731410036595,1,191.4753882966355,0,94.67116780086067,0
4646.361563826045,0,30.2560677907141,0,9.153467183330424,1
204.56578522437974,0,84.02549327090533,0,66.248952347197,0
475.55704443369126,0,374.61573479288006,0,57.18137809860052,0
884.89857079355,0,56.63615398951125,0,250.0,0
1183.873322522379,1,220.8428935194799,0,39.00722281961325,0
580.8200211075613,0,367.8028138702675,0,36.942773861178445,0
219.16218494344267,1,225.5739507213154,0,250.0,0
1185.0330427478143,0,71.11357261863375,0,165.80866586228538,0
214.21516323911436,0,104.01951242669818,0,10.589728536314855,0
353.8278111770179,1,188.29071827281805,1,82.40753687829756,0
279.98461329608614,1,791.9372149121544,0,28.752566829244987,0
1275.4428745535913,4,95.6760478399623,1,14.847823438176096,1
397.596745121472,0,214.40476530970835,0,85.79984267578499,0
1321.76880912338,1,338.11546538151407,0,170.3011328721482,0
112.7444953831872,0,364.32425056772075,0,71.03920300040677,0
62.271167667654545,0,162.03685256049476,0,250.0,0
408.72154284473623,0,211.77610806396817,0,45.08613780399893,0
113.37301943846818,1,23.857500298639888,0,34.57057698459432,0
5314.586763121131,2,26.804170218870613,0,0.1703391028716341,1
1038.9892182345225,0,52.935091207837665,0,236.1782617610266,0
587.261712148522,1,427.0362916803983,0,169.23373866354274,0
6766.872885660372,1,398.05831346135847,0,97.12204670415304,0
93.89614513807999,0,390.34271686558213,1,63.17310449197041,0
657.26690640468,0,518.4853557263328,0,68.77679710887864,0
273.8342181344724,0,156.21387556488156,0,67.13933653595414,0
902.441022274317,0,216.45682728429497,0,18.90669885338145,0
787.7257026167748,0,51.83408057827124,1,29.893201904213363,1
83.41896803248463,1,68.71804022471282,0,124.7466436282485,0
133.56379855121548,2,1356.813071784335,0,76.97795963053854,0
2659.6968520381033,0,309.0053726088883,1,141.7323900418173,0
81.26979505916323,2,61.450796843637015,0,40.74450864155054,0
680.0314030003842,0,290.3500905150654,1,186.5981954548327,0
303.40314710349105,0,74.4762128521761,0,250.0,0
961.2982626225764,1,39.149580363248766,1,182.9743101772979,0
3196.2457072537377,2,894.4317478449552,0,72.19554658608801,0
123.06827124060624,1,417.4343265610348,1,80.63535631871676,0
437.5824417075668,0,274.5675114988252,0,19.347352771315222,0
133.78228996202034,0,267.7774678590571,0,175.96310170397015,0
1050.6941565832249,1,225.25966521340078,1,8.311189336836428,0
380.45713377660206,0,1553.2189686999573,0,50.13695156177479,0
76.55754990696578,0,154.66943206175938,0,4.581424422727671,0
213.39205333554483,0,311.3681339667607,0,250.0,0
428.48729801946615,0,232.9255481918235,0,63.64755077442615,0
401.38674534755455,1,296.3522420280889,0,15.863794961529242,0
100.30225217903393,0,234.712240538888,0,250.0,0
139.39003207667795,1,183.80093569959828,1,6.416099704497365,0
1489.304172977783,0,120.075844083901,0,158.9868457995217,0
240.74611918711082,0,76.76059723890202,0,101.76641704263716,0
5215.895492205837,3,10.48421770345966,0,3.3960831253724084,1
119.4448627156437,1,285.1398517499785,0,2.215333722279072,0
40.0,0,230.03724192059434,1,10.608468455106552,0
533.1066265429066,1,217.70714043907094,0,84.2406515929692,0
1393.0041833135995,1,174.6325457525973,0,82.63080827373084,0
975.6840001735973,0,56.829104060782456,0,41.01946239021153,0
809.3523797797083,6,30.358184258305617,1,7.756338286204381,1
1646.331534522544,0,171.4234086782875,1,188.52708190285654,0
129.2734738902153,0,277.8425843795994,0,103.53758886758459,0
3122.779486231,0,188.79229691168453,1,25.186038688452225,0
1008.3064429701632,1,163.40819986021768,0,52.80648422481782,0
346.53478102228786,0,148.61052618834097,1,5.404508656997784,0
304.31096185659493,0,68.34732636728891,0,49.82078865907308,0
117.93016273442117,0,457.5001973897255,0,238.1648392331921,0
44.2073723479877,1,298.51152864562266,0,2.8256364710176523,0
833.1365213481823,2,281.32562191720234,1,17.509578404396404,0
1329.3302163107676,0,108.36131271037083,0,250.0,0
567.6438375556155,0,834.1174505156953,0,39.74052574910301,0
1025.3293223034223,1,341.9940457437306,1,25.754673079573635,1
792.1161237265226,1,681.4276830899693,0,109.93134618428442,0
184.7912543239309,0,931.9988382953003,1,250.0,0
604.1608227490699,1,669.567188133893,1,9.571120424623755,0
805.6103510010793,0,130.2757817333176,0,250.0,0
454.31912473157183,0,151.0622095353448,0,189.7261631545428,0
1207.9170728202714,0,199.7749223514305,0,250.0,0
480.71677933096123,2,123.13775347399358,0,42.4437904837937,0
136.47091937475034,1,218.7108121879051,1,223.45866783705438,0
144.82931298673665,0,141.81521372211805,0,20.411715849999194,0
951.9100166184083,0,238.87618249020625,0,106.14180594342622,0
979.4732937722504,0,81.29224651204495,0,6.389877727125351,0
82.01129322793793,0,466.4050565293521,1,119.30792971734019,0
463.7368171458608,1,161.16177627277636,0,75.25711276404047,0
3591.151247458069,0,290.5019144164676,0,2.841127926911325,0
644.0054308921459,0,171.05628206344693,1,250.0,0
680.6443342903242,0,142.30229625825964,0,57.08828884867017,0
1989.0217792135356,0,581.6370898855837,0,25.27880084336774,0
363.1816767462189,0,92.02045557606127,0,14.84071776590766,0
662.8333751244962,0,554.796531239155,0,20.23980800864578,0
164.93610873623646,1,927.0180709126818,0,9.70447262735467,0
194.23933918318411,1,103.47641433709742,0,250.0,0
1499.7140503084715,1,253.14554025636826,0,250.0,0
664.0020077542409,0,77.01194440436403,0,2.761032000806504,0
307.27452401898296,0,90.18510469722489,0,91.88003181351763,0
860.9260238580109,1,49.65319276354341,0,19.90384538802803,1
391.10020073693624,0,110.96891601936967,0,160.01362581899497,0
556.0494980508695,4,49.656321637521636,0,54.88541338730702,0
209.57461319956215,0,54.02517173368382,0,56.64426905021502,0
1628.2237040011169,2,155.84613232339476,0,130.5141448739735,0
5655.070897349711,3,106.78487574855662,1,3.373334460874501,1
1543.968495755896,1,303.0271728445241,0,168.54225124860105,0
161.09866221404206,0,185.79541149758185,0,170.8959947224457,0
229.8437759188717,1,268.33637718097117,0,51.13476058216427,0
251.9779932820957,0,624.8391452309984,0,12.174767729127367,0
89.06581478176032,0,20.787487834450943,0,206.83887021677054,0
41.05806473478224,0,35.02843756199109,0,64.34425719795757,0
597.7386294693872,0,948.6667175599566,0,151.76629530416847,0
854.0867052383092,1,214.43477889472533,0,111.67498675277226,0
1468.1792762688497,1,320.6754588752007,0,25.55529477970308,0
381.44993599486605,0,187.5147675108236,1,37.56467780848856,0
713.7963479901282,0,1272.0173484987743,0,61.262667755889694,0
1112.2787317596117,1,95.53648380045672,0,146.80427545158005,0
1023.7061319274333,3,180.25633554644185,1,48.322533661999294,0
74.96884485248977,1,523.3642481758293,0,27.24990418079803,0
791.547461293449,0,154.5180976097521,0,250.0,0
422.3894361874533,1,91.31319440247236,0,179.59230963639143,0
543.1152895786909,1,86.72907499078032,0,101.44081003492822,0
313.90898754927855,1,168.96823787111893,1,34.70703755431498,1
554.9789677449463,2,486.8683942363283,0,126.57404162195978,0
270.871081505149,0,25.49620346270092,1,117.38128363072528,0
449.7466776239126,1,433.0738103109397,0,65.5079838032868,0
355.76898058582464,1,248.05085986367965,1,7.387690808537587,0
181.48720410763264,1,141.44720252859247,0,106.30865193092731,0
193.08788473623753,0,334.20178934447773,0,250.0,0
459.1077232175537,1,887.2875941348221,0,175.0370180775204,0
280.01214784770644,2,87.3322260495757,1,45.360713936352475,0
964.4810090373228,0,65.16078363339646,1,1.0872056007324973,0
2122.6587635699434,0,214.16859636959165,0,106.5385386044091,0
520.5458107280543,1,272.72293235157446,0,23.04343368338687,0
2034.4223622050495,0,331.3732405248726,0,250.0,0
350.5051233675029,0,358.33071449823484,1,31.915271798319687,0
195.16928182904533,0,199.04834747032248,1,87.53065787990305,0
789.2570034921205,0,147.12938498229502,0,49.5272813572097,0
83.46144154123365,0,232.7139490337551,0,31.61149855439299,0
586.7303020249067,0,286.79429061893813,1,35.99322453796709,0
503.00394457302394,0,129.11088163346005,0,186.46194266554843,0
92.2030269382579,0,179.59668434041706,1,250.0,0
81.6637556737489,0,283.4747309788136,0,97.2953554362172,0
785.1417293605787,0,92.67664336165504,0,35.07459754186834,0
200.29551553255317,0,132.9198743022799,0,126.34577681835562,0
2432.8476035684566,2,204.68789476506583,0,89.18385380197431,0
558.8775579038715,2,30.99850901546684,0,238.90504317542448,0
882.7499484682588,0,410.21575739976817,0,27.622849428406315,0
1439.0099011584546,1,437.71493504126676,1,250.0,0
586.8540970105729,0,1318.0340325700358,0,4.813866156877432,0
718.2354030676679,1,87.1145302444659,0,250.0,0
540.3244839615063,2,66.85360757387141,0,5.55811277874842,1
303.74685636280435,1,311.11862270612505,0,21.669474707528877,0
382.64707000832533,1,680.4039340654627,0,65.3406979512393,0
3582.0802196204922,0,96.78425248403857,0,128.70334647648937,0
647.5102260561792,0,313.8061768264641,1,250.0,0
552.352763469008,1,244.2657127616089,0,72.33276794465807,0
882.1915310397416,0,194.35343857826587,0,176.64566345410967,0
698.5138251854839,0,375.92251349865325,0,98.05851734393629,0
295.33036175456044,1,294.9700331558706,0,95.80369810857728,0
1545.480344545052,2,218.8375510007385,0,156.09006122270674,0
1024.9764403615886,0,47.248230336359796,0,3.5381711957213686,1
192.8801421078143,2,8.58398446673989,0,8.191465589819229,1
282.2606900619257,1,314.4362476935934,1,79.09374044736596,0
217.430626733804,0,246.05042170763795,0,157.59551177736432,0
1388.5459382806755,0,275.2041442444711,1,200.9881468054667,0
1776.681761136322,0,392.4999486872005,0,51.298206410002464,0
47.184810260862854,0,60.29568427285722,0,200.2104953935234,0
167.71334245055436,1,1036.0011433588998,0,67.86166229825669,0
623.9629884022539,0,102.00861885595441,0,37.3841909971234,0
238.41516664429935,2,539.9215567679834,0,250.0,0
311.4369683434592,1,50.52187128494034,1,100.69931043118258,0
107.66174264076331,0,134.68036890862447,0,109.74575831361668,0
167.25035089341134,0,287.8620836818788,1,250.0,0
446.45698942049864,0,185.48055697134237,0,18.523208477507662,0
380.94281618719884,0,188.72985805473192,0,58.829104430156775,0
5404.2111184002915,2,32.81653062917271,0,5.498157978678576,1
1599.946062432779,1,5.571568192318379,1,9.376468688271078,1
682.3998189769446,1,146.0361943295779,0,116.79895036132666,0
5490.047420502428,3,18.098303462342173,1,46.87870699277478,1
162.57346163979062,0,208.2165249930565,1,46.65574679660655,0
309.76211019348716,0,212.60279761717086,0,241.00704470562616,0
169.33634819810828,1,680.3578035337952,0,52.67873629786996,0
307.7971835104371,1,122.94438291503506,0,12.365343337580422,0
706.6086441458644,2,664.3775222285906,0,89.17759481288886,0
2290.7829146114905,0,634.3256989917793,0,107.5481144042896,0
383.2265936795127,1,86.64751056077425,0,250.0,0
422.309690370071,1,271.9620245355533,0,250.0,0
115.89072622452117,0,222.36065891711507,0,152.4169901221047,0
95.99227542934544,1,234.0641399407476,0,250.0,0
345.46173662688875,1,281.1210056806956,0,42.81100162319256,0
152.977430236315,0,87.13176004631447,0,231.59316029794434,0
277.11904612358023,0,108.26813952486502,0,26.361120669358105,0
242.80728892273225,0,166.38561768540146,1,18.439718328137207,0
40.0,0,157.67962628044938,0,95.91898897179021,0
269.53620025283794,1,185.2701240635782,0,147.50669683653328,0
1068.3023022940995,0,110.1624889410284,0,21.992304977537547,0
522.4757696388616,0,585.9610727782241,0,49.10853876503021,0
105.75023725412638,1,73.88908600213,0,32.71731106619561,0
202.50687771497508,0,589.2184970604601,0,16.929828478015075,0
155.35112124120965,1,475.9633478137038,0,12.434582250918307,0
178.16578114672222,0,207.86940479939975,0,43.5874997392549,0
1180.7758211025155,1,252.57210850413688,1,250.0,0
982.0660246705469,0,157.74016401175837,0,196.42470983216145,0
40.0,0,831.852393706379,0,104.8169469625525,0
193.52225282941043,0,139.8253628526789,1,7.766928153796503,0
948.3716765499765,1,292.42140691731595,0,145.97154498228213,0
77.27964697988571,0,761.0532224509421,0,72.97002434188875,0
473.8540188789043,0,169.90649960082865,1,21.701407448779023,0
140.7961608109178,1,167.25245104155877,1,182.1705719061973,0
410.429857803762,2,182.7626631580037,0,150.0421251310633,0
726.596861778035,1,645.1925842526169,0,67.52290585887584,0
661.5354247252036,2,37.10213004148757,0,44.982697686907485,0
256.6631580064601,0,135.86851025083206,0,25.420784517901573,0
572.7144639299379,1,320.2963815157674,0,220.42744383544195,0
785.096555501802,1,198.8509200849862,0,250.0,0
230.6434241379214,1,437.0721202163078,0,193.23274708701553,0
287.9775217860461,0,212.0624731936613,0,119.92204176800608,0
1330.0587103631922,0,55.92203261662631,0,124.17144506588303,0
117.11850142479811,1,121.59201559406885,1,7.447529986784165,0
560.3996850863452,1,180.74221921177687,1,1.2621727983660405,0
628.1847676752328,0,20.903578777729102,1,7.432568262637858,1
244.93665731979684,0,144.02231488091462,1,52.05445033908356,0
500.8730184510245,0,352.75817224408445,1,5.823017908187284,0
911.988818141083,1,196.9937399583692,0,92.02132534208276,0
773.0774159470247,0,130.37918144197698,0,215.70545644437863,0
147.76818838547513,0,114.21740517657621,0,150.83058679486518,0
1102.1610184682586,2,36.653132157074516,0,37.98559311568127,0
196.6967774184421,0,342.04707760316114,0,1.9608576739231465,0
988.0806600044974,0,439.83098690477163,0,160.7653931659963,0
625.9003176386815,1,254.00935950475733,0,76.56496795319151,0
337.08721729969113,1,117.85794039323562,0,189.08543986692797,0
408.8563942965404,0,325.1827152802831,1,23.684176869809637,0
4532.907325054041,1,77.60938247363941,0,4.088325459186865,1
281.21888801130433,0,81.29658253890634,0,36.94423181396933,0
244.8120220513065,0,77.08420398367849,1,4.6735651134678715,0
1026.2581940054654,1,213.97867634867583,0,14.97106012034217,0
72.0846770804945,0,358.3646581917569,0,14.061961771594088,0
1027.5355415290023,2,364.7159834964744,1,52.93319434043797,0
638.9559202651858,2,193.886085006814,0,16.880674073258955,0
853.0976269756538,0,227.41486276306017,1,170.1763110697149,0
1875.6918677000253,0,595.8252224388501,0,250.0,0
1279.6120800697981,0,320.56089226561966,0,250.0,0
266.5268007520196,0,186.99909430884057,0,156.74676971723812,0
677.9516956803149,1,117.4574887290478,0,15.377170843801844,0
470.9751835985824,1,88.43843177627097,0,70.49319409182131,0
1920.0456917162098,0,312.48818515704335,0,142.8823712990652,0
662.9790763107085,2,670.6302435692107,0,190.88422089039992,0
678.8631092183759,4,132.86798502321753,0,4.287546354034812,0
1861.9036138671543,3,20.293159984058796,1,6.009534980999226,1
455.1705109659604,1,64.3958526590551,1,54.214052735749846,0
766.3575903950814,0,656.0047709508577,0,81.75229514704387,0
496.10105965022944,0,36.71214222668238,0,237.35822882322162,0
686.45220525582,1,410.59251160514026,0,250.0,0
72.81319879071935,1,429.76539351565344,0,144.9338783722294,0
202.57176625276585,0,150.1401296162755,0,184.2878169792835,0
1481.5456752502803,0,114.49989162425094,1,250.0,0
1760.0507233410613,0,409.16936971865624,1,250.0,0
3817.771113805148,0,597.8614986100313,1,139.33217496432758,0
825.1281758001339,1,414.89496307486064,1,227.92850990072398,1
168.78517829492034,0,1236.5903789288677,0,164.35533083717178,0
431.95932166195854,2,235.45682420708437,1,65.62584791470412,0
384.7943381936237,1,148.10419378505125,0,21.038004469944863,0
178.816678907464,0,248.66245688911738,0,132.50352316197362,0
137.76182041670452,0,129.0329108446494,0,111.23337298953851,0
557.859685821635,0,496.70120681294316,0,46.852494672682234,0
42.72127195654856,2,290.7805948145999,0,132.56921857476928,0
407.8100818851417,0,80.52796715745811,0,17.1243119537425,0
765.4552932419575,0,319.98088365054116,0,250.0,0
187.4700033104439,0,51.199955333325605,0,250.0,0
2951.6626176421514,0,88.4873806419153,0,88.02233141985423,0
195.95438135801413,0,89.12251761378192,0,12.020105700762215,0
961.0011478656046,0,178.43638428087613,0,250.0,0
567.760132723875,0,242.54324557779242,0,17.14077301458838,0
542.0349465847183,2,213.66442211645213,0,250.0,0
232.31422053441008,0,183.76300071766437,0,130.50079967697135,0
252.96564285922065,1,282.33597704777026,0,45.47211209266047,0
275.0630912275837,0,206.39510569013592,0,144.9061279106637,0
248.72393047476805,0,205.43192855855713,1,92.28912923377835,0
526.5235975404863,0,172.8666703903155,1,154.9233746812668,0
707.9175679400859,0,441.23691788942017,0,250.0,0
347.9050847142204,1,314.4267949451297,1,7.520007437569029,0
365.70220185422716,0,120.30215889951629,1,195.09932515219393,0
66.65197489497619,1,599.7226705894033,0,233.67692400523973,0
2280.662001623205,0,1185.7697346153689,1,17.516650418064042,0
711.338575935291,0,733.0305708251323,0,250.0,0
466.2976013285272,0,116.77151948381943,0,250.0,0
157.53895424574037,0,209.3597810213136,0,0.10137432324888207,0
1342.2722970440852,0,187.29490405520804,0,0.1943582143724339,0
1361.3303341021608,5,53.47759335880297,0,62.579122480499116,1
515.9174572375141,1,84.32860972518817,0,232.12984386283887,0
1352.3759175243379,0,452.24121825739945,0,125.84522450414111,0
452.0318528578487,0,29.137809307304963,0,7.045612403068286,0
552.4662082999372,0,112.31588891231512,1,86.48018994319078,0
837.815863651319,0,202.65929850638753,0,249.38328656785666,0
424.6261160763995,0,1361.150361618286,0,79.23725295232347,0
69.8132928973228,0,46.26935886760077,0,77.45857461748005,0
144.3767439125304,0,187.73898986572416,0,90.46306177068722,0
261.56681633181404,0,261.0959029966625,0,68.11606603003871,0
1256.5854098480422,1,842.0549328210803,0,67.40822246767931,0
200.7647976865634,2,205.73890714443004,1,110.09276742161377,0
240.24766807344716,0,384.3561672201816,0,39.767801000196535,0
215.22644764101952,0,201.79219303070067,0,188.50281294296465,0
1409.1308161795105,0,191.15330715557283,0,225.28244880494793,0
622.2468040306009,1,152.31622615284434,0,226.4058364872956,0
661.3515342996607,1,403.27797894452186,0,141.8780844002604,0
305.092314620147,0,124.08196867993288,0,185.85207139817732,0
2643.9923417189007,0,197.07733011860054,0,250.0,0
1143.542781756922,0,185.7880285574392,0,37.755728498526786,0
1323.9452214165294,0,32.499755976682856,0,212.28150782308268,0
415.4661814892361,0,107.83452497047729,0,220.7347365633486,0
657.1333110165415,1,82.25735756584469,0,15.604174189811598,0
172.49443618226138,0,451.23971043898575,0,66.28198337284022,0
286.5356988762592,0,140.58802204148483,0,111.94723410640148,0
94.44755062477184,1,379.94632493149174,1,82.06177902811824,0
192.96397045170923,0,119.56562706783019,0,72.78867105055177,0
40.251196564503,2,276.0936648983781,1,10.250647842813464,0
801.0535645214646,0,51.15729966919179,1,79.58635950422841,0
164.99747857211224,1,473.4409334557806,0,249.90817024137021,0
1276.8389858469543,3,26.757821288602496,1,52.48523201575467,1
402.95531796184764,0,398.5122575459594,0,0.6650817309738241,0
707.3895706212763,1,109.56965368709774,0,30.884474030026286,0
849.288151322382,0,120.84209502106039,0,65.24493604134231,0
779.4476292691527,1,615.8308106744465,0,6.326522329091099,0
147.39846856982993,0,85.56692507878294,0,222.9933831866607,0
434.2571397596851,1,183.5999250807883,0,126.13867714824487,0
475.92449092575464,0,58.60030359161635,1,71.52203260369859,0
165.16414806132445,0,110.15821133756937,0,54.971152493450745,0
1043.123661169412,0,694.2205665511739,0,16.811371971200906,0
82.82143537209754,1,466.55957942495615,1,12.38817820719293,0
1533.856664346697,1,125.86755174199565,0,11.037851294879964,0
552.5139458701818,0,184.4350816455009,0,241.1227299433028,0
178.4104617132839,0,285.1189441516164,1,250.0,0
517.5840331231269,0,173.0249300253388,0,20.268324553017102,0
411.5486256907352,0,89.62095320903627,0,101.5492882767378,0
916.6367218002383,0,292.3538009729491,0,34.61367735274342,0
180.97164627208738,2,91.47409967794333,0,53.93951724407161,0
441.04770067288047,0,626.2928689099678,0,1.1954744768501808,0
892.641985563101,0,134.45117472330566,0,68.42135212848255,0
106.05444926439624,0,316.4668111890834,0,6.466376534690015,0
776.7561147789955,0,50.09813751023748,0,72.05526269839153,0
694.5453134501411,1,359.65172535055126,0,110.9215054435634,0
337.57119989283404,1,35.47121718485075,0,90.44410449990201,0
384.756122339719,0,459.32470952970965,0,84.4557473639535,0
613.1811600423556,1,335.9379552864333,0,187.69430584562343,0
354.0838693828884,1,638.3077078533918,1,250.0,0
5636.1120531968645,0,97.517835046131,1,4.121175294394118,1
750.8031459346131,1,495.5815244456877,0,119.43870887420519,0
155.57695147533806,1,54.3159636062785,1,65.94817662838497,0
4288.952123899877,1,17.155191243262156,1,34.92819241358575,1
160.11784682494945,1,297.34339713165235,0,192.16895110678576,0
1234.954907974251,1,85.06213396358439,0,119.55129562901601,0
549.5348974200458,0,77.47644607627144,0,203.15644530253581,0
133.87816292855229,2,315.8535386040271,0,2.831626769230015,0
955.3229068689798,2,192.726898265178,0,113.09104846368882,0
247.7068088087594,0,99.28612416983682,0,165.38091466433747,0
495.3698829865663,0,86.21719841887253,0,222.89380782856722,0
784.107926117089,1,18.56761922612772,1,11.45210087244111,1
1124.5633715448685,1,123.32503638326371,0,37.10062687224735,0
289.79059390848187,0,106.17878082846354,0,92.68301970758729,0
103.8618447650998,0,181.42847511787627,0,111.1086457980076,0
316.8077745594134,1,44.49419993095155,0,27.030353545938585,0
3876.60678461056,1,92.1946208615184,1,20.03973757919977,0
1481.66097575759,0,593.0611860951128,0,173.88166844475896,0
141.42689642321113,1,101.0936345538348,0,250.0,0
454.502388343378,1,89.7865214492787,0,47.60708260521774,0
165.09310221486567,0,84.04579828287939,0,250.0,0
217.69678064082893,0,405.14905942918165,0,31.211709925868163,0
604.0280416600912,2,184.67264731051353,0,3.490055887075114,1
976.9903449158427,0,20.63593894960301,1,110.79674343586902,0
9868.815334781953,3,39.59942205250006,1,0.5348437141783301,1
40.0,0,24.86112166923418,1,105.34137997455522,0
178.76685283712376,2,85.27039541713847,0,250.0,0
439.66535112652264,1,134.51141729952377,0,2.4236097673856327,0
212.41664365601423,0,58.287031194880115,0,51.33236733161205,0
303.67244463296504,1,817.8819081281509,1,70.89839403365816,0
475.9871809105235,1,196.02804342042202,0,250.0,0
395.21400819845337,0,580.2398119786218,0,96.1491418514656,0
1132.6465858848346,0,159.28983654125574,0,250.0,0
315.65821669719963,2,105.33465438284028,0,14.29432999350633,0
445.43505984537234,1,62.73574423001478,0,83.89456170084773,0
1743.322489623007,0,136.84279194405082,0,8.99055741791824,0
575.6085707918936,1,141.44777226802066,0,105.26702039142579,0
99.03625112846296,0,420.1033452360678,0,59.950791327753514,0
341.1008821884887,0,155.26157379466056,0,156.52446718273092,0
2845.1298760712625,0,87.14374047370676,0,136.549178768148,0
747.6308586280417,0,382.9087404356089,0,24.70308096094898,0
1163.1969510258657,1,163.2103069411918,0,151.01827253923034,0
43.274110311741026,0,454.8495330775814,0,250.0,0
660.2540570965899,0,319.5270061017235,0,250.0,0
803.1404089054436,0,139.56185432993595,0,21.294371514112708,0
192.7542449027161,1,121.52707460405152,0,108.91548070351847,0
367.6621101245333,0,179.50514899301388,0,203.43961249065921,0
1500.8023354245536,2,312.2386605459772,0,80.57550415160807,0
498.9580105285217,1,187.40721054648256,1,1.1482681167892514,0
621.6922402052434,0,137.6347521368883,0,158.11001019821504,0
2125.1859627816852,1,156.21649401077042,1,86.47516684701668,0
2253.294213124433,1,323.3215169025058,0,22.753704202446883,0
1147.88553329045,0,57.57942503728548,0,93.89627925419174,0
104.80585826971564,1,271.82302888856094,1,53.44946280599413,0
85.70507286840177,0,669.1378982688334,0,193.80728646302134,0
1477.3891145917714,0,121.77101093946085,0,98.20337458833727,0
1573.3660612381548,0,125.87846868152259,1,41.9845850082737,0
104.24982665650735,1,191.72522132809328,1,4.841199182049317,0
2228.4522083963816,1,57.362804579722145,1,9.515918270408752,1
1339.0552057135526,0,161.44960795815965,0,123.22517952915773,0
62.586109378433434,1,88.47672168067638,0,117.100395464668,0
282.2497248313616,1,85.84256193370807,0,117.3269032459762,0
299.7258933117857,1,120.08252621396456,0,68.29457762102035,0
254.78878623976192,1,13.725400222171602,0,58.611945777789174,0
1530.9504990315486,0,183.84796733163134,0,51.9779409709032,0
1075.6456454719812,0,955.8810707310589,0,250.0,0
3831.0537835343644,0,245.8207468015385,0,97.65346008020627,0
230.39388082593223,0,68.68513722328578,0,94.25396580892004,0
290.4559949364945,1,568.0820891371669,0,33.97056076076085,0
107.99783499472217,0,188.33163811522337,1,114.2377332408142,1
224.31145970309112,0,355.1889653142995,0,2.8743615399317566,0
4181.900943526586,0,31.172946330928628,0,159.4304232831528,0
362.7888662154025,1,91.32188932812086,0,250.0,0
3450.848699833706,0,385.8333177854463,0,250.0,0
283.78624666372616,0,519.0526347276488,1,192.27930912091063,0
2645.874372427039,0,225.26443941266731,0,67.12072245853004,0
2122.434350465648,0,211.9395451833475,0,111.39257919422987,0
666.523268857952,0,103.53128606620632,0,1.6242135466174306,0
1292.3320778073482,0,134.93041730754084,0,53.36528123305661,0
974.3663773407768,1,84.44018554901902,0,14.338503356947141,0
203.38714738200798,1,280.99112712552346,0,70.89702688339526,0
74.17234607855863,1,201.2149694494202,1,250.0,0
225.8570620890316,0,315.1016279064899,0,30.961837887101183,0
541.6246490919319,1,198.05088514590307,0,250.0,0
1309.9046797637284,1,287.2336876987706,0,37.414820205350374,0
843.3624857358159,0,102.1931017766839,0,138.33254635464226,0
485.5790331874941,0,133.1978271775462,0,231.95066780633127,0
1961.1026082014018,0,84.43137593675878,0,63.36674548565819,0
66.1835346693052,0,198.2293818477778,0,154.83911268947537,0
842.0370137131063,2,328.8711775543637,1,61.23513008255187,0
325.48784188650177,0,370.3958639217241,0,79.39551968900217,0
590.9906553767505,1,143.0740852450791,0,123.68583939597049,0
252.48541247914602,1,161.51369031085048,1,250.0,0
697.094430517483,1,92.18828890055353,0,27.239666238078662,0
55.96026191092946,1,200.1681825475625,0,157.70651757236604,0
1383.4590683453466,0,21.113690750216634,0,161.1299977633419,0
1233.7521406801977,2,21.85779228802534,1,10.351329821482382,1
334.0662305835206,1,415.50937731370897,0,250.0,0
570.7682070366039,0,298.54412074197836,0,14.465011848872313,0
69.08238484459375,0,89.07468452819008,0,122.08631962328452,0
207.38889002618527,1,83.23250789524232,0,20.448905425227235,0
1563.1217719957904,2,175.81657028096132,1,34.01867890583775,0
405.0552382364653,0,184.2143718151163,1,110.08597036403106,0
138.51019868754244,0,48.423645591765435,0,52.009804383814156,0
367.38840736209136,0,157.58247183451738,0,104.17042251248594,0
302.4041137353185,1,339.4758934046951,0,129.5616156539264,0
65.8739489960922,1,77.33179001980339,0,15.388090650495238,0
86.5031864996153,1,85.00993246056514,0,236.66658024467714,0
2844.474678473882,1,29.944922146696218,1,2.964299480129534,1
588.1733869854419,1,110.82891172697634,1,149.51131039206473,1
305.6226075414045,1,208.5766294050715,0,8.953981051731152,0
1463.4989555759855,1,193.7835552650849,0,32.94390047500842,0
662.7576327445603,1,101.6040058757674,0,250.0,0
239.0937718729869,1,189.97123480784484,0,250.0,0
1007.6214168523088,1,261.22635061173077,0,250.0,0
502.1482211362867,0,139.11007365159142,0,250.0,0
645.771332601845,1,111.99917280145743,0,173.63725837306873,0
304.1710967767807,5,37.48781523170392,1,4.903363029067617,1
181.9566601007196,2,123.86230209363758,0,28.50138032946612,0
212.829121050094,1,385.6676993586582,1,250.0,0
4486.538176076135,0,179.57229738771423,0,111.33364824281304,0
581.607490125217,1,385.81106628289217,0,45.037574820859824,0
1880.0150013521347,1,974.8729934109873,0,44.320154400911306,0
250.51932262438905,0,116.47948083367257,0,123.46742918800194,0
824.4964101257634,1,98.58808691581429,0,250.0,0
523.6315973303518,1,177.45052699962923,0,45.94783402708329,0
428.0937405930639,0,29.024913320902662,1,52.74048661581952,0
40.0,1,52.12639293866896,0,250.0,0
325.05476283921195,0,119.7167544426058,0,1.203730556362285,0
341.38101431460495,2,650.0591391678671,0,250.0,0
382.64098048451325,0,468.06765097947493,0,243.29708495122492,0
1767.205975583829,0,151.88408496002663,0,25.612123564089142,0
83.32756706085247,1,40.60590472671112,0,3.5987658662213597,0
297.71529084398077,0,135.8995543444833,1,100.35098056169443,0
473.7284433513071,0,114.80554267131583,1,61.46686140505662,0
238.88765543833506,1,112.77529842878305,0,0.8135938655309712,0
2682.2626369668747,0,194.23530338127497,0,30.841578316469512,0
597.3686224685127,0,702.1138544161282,0,250.0,0
156.31306733150365,0,191.47842571708287,0,123.7699395227684,0
392.04059528227964,0,477.7277396215494,0,59.034944872958675,0
1092.2367946740555,2,69.30581298939853,0,18.302916016925227,1
197.37724788688814,1,848.8643377720258,1,22.15098973604937,0
596.6528620077873,1,265.64846226073814,0,74.66421553577233,0
168.7064841253311,0,246.81093695641687,0,127.06766536838914,0
635.2792466010562,0,54.460381550794864,0,171.41219451799688,0
848.3641271425217,0,41.4096646442597,0,203.3270692510979,0
1802.5702687249675,0,120.19802870875138,1,127.58999200021016,0
1407.0063479943722,2,56.63136203398463,1,82.26480069248686,0
513.3084308304209,0,296.44377399921757,1,102.16295050323636,0
1572.3979111133347,0,69.99293154856153,0,67.51236383537274,0
471.35317746209074,2,1373.24999162641,0,43.30083131094202,0
150.91422046267314,0,483.4054029135082,0,11.56537886246232,0
252.57511646107594,0,367.28223780316654,0,22.574706286044886,0
11415.658516657888,0,82.19119110268662,0,116.60574146736917,0
150.5871670943449,0,150.66282071963093,0,248.47714506751583,0
576.4015582002457,1,204.66019185075953,0,244.9769703378255,0
1630.1345318502615,0,71.08171289026265,0,210.84268600140297,0
649.9859920363008,0,341.1213676855063,1,63.45598813800477,0
200.97491711768117,1,47.88317019744076,1,120.58310686347781,0
209.96148827578952,0,196.89387024176906,0,57.352507023015875,0
384.6969156071607,0,255.44302978039087,0,17.166599209548387,0
973.3861244054522,4,154.62645613614237,0,24.040588109258017,0
280.1057216980956,1,479.9815031856846,0,38.204602360548066,0
329.30335847386334,0,239.67498601985255,0,98.99460604076945,0
1661.1232754533432,0,128.6178837320041,0,100.96409202314068,0
347.2476879528964,0,1864.6242910736835,0,194.2240699730432,0
551.6317816556993,0,276.9479018380045,1,12.295319945412745,0
1964.2366489625597,1,133.3123604157491,1,250.0,0
1127.1866413088399,1,635.0685318648931,0,80.42921219812467,0
650.7813667861323,1,131.6861377046518,0,120.42290213718437,0
243.53746264121958,0,374.05133512952574,0,200.3545767277238,0
100.6055884558097,0,205.2769293459051,0,24.740953234500072,0
735.1944657980309,1,21.535431253871163,1,9.882494816754445,1
425.9460591597535,2,950.3056619026216,0,165.44663553313364,0
420.69366403593256,1,224.8902236136981,0,228.7164606146915,0
766.1492213020987,0,293.7247396128729,0,124.27967566931623,0
353.0998191252745,1,654.3137344027161,0,74.61578965797611,0
8208.578685736371,2,11.950808796679425,1,4.202090200512382,1
109.47872729574503,0,766.9562109340968,1,165.2890230597632,0
527.2609742457335,0,519.7296409670412,0,48.29692328170961,0
1278.8793643165166,2,46.066519288463255,0,121.95664288197014,0
713.6509477623867,0,142.72039168844108,0,206.35205811614097,0
108.48576150654306,0,391.1471484683472,0,250.0,0
2019.9932633118558,2,428.52746092730047,0,15.002312752357518,0
461.74730217809963,1,290.6545601961256,0,27.076079603081002,0
265.65842065503614,2,473.18525772337375,0,50.80757007428907,0
476.9978435486975,0,235.44731397166154,0,7.495687052219774,0
488.15619149846094,2,309.32972310922,0,164.75319074506226,0
1611.1871854919186,1,244.86924556382198,0,129.90330650708455,0
327.6548794087883,0,297.9821189741648,0,46.24001897069869,0
137.1216575792733,0,267.7401786026314,0,79.19125666908194,0
692.2636216641424,0,132.7923086257631,0,206.56949618799854,0
2073.057081018809,1,404.498749779724,0,16.312503828230863,0
657.5933617631487,0,1139.9010166648966,1,20.49401125342203,0
649.1726651625938,1,431.9476356435642,0,19.97093293931066,0
1464.4182186783985,0,257.4332066472767,0,9.860697541881356,0
289.00681271206855,1,489.698409906055,0,222.55331623943945,0
285.4680884878338,0,71.56441267433868,0,48.76963316308524,0
2645.429796472252,1,37.305774644303135,0,232.85604415159995,0
2940.644512059266,1,146.1591667887279,0,27.850268095246356,1
470.30737929014555,1,149.48435601713564,0,52.51994190277634,0
902.9430407101545,0,467.9005934642174,0,79.70637190459473,0
430.20092849638337,0,150.14213067334526,0,153.2786198120881,0
440.0990379856293,0,403.6790123225907,0,36.68897947794779,0
108.57964222324473,1,85.07454608684995,0,250.0,0
204.8196728842809,0,135.79003392186655,0,61.80865437563493,0
105.9471334047182,0,541.2009322742279,0,106.02044390539193,0
523.6572815948695,0,735.2696208080513,0,250.0,0
666.7322132472659,1,415.49978964702973,0,55.240282524498426,0
393.11177088908414,0,18.760249557787027,0,68.08003914256764,0
1402.646679462003,1,120.94155200837636,1,101.35927955074506,0
1565.1395458294583,0,65.14431140104806,0,3.312213526538726,1
159.99402059186437,0,385.499812145322,0,49.56418799067342,0
105.63672676194166,0,218.5365150132949,1,176.4609179343554,0
388.94468076502807,0,260.4563428906951,1,54.97350799646957,0
241.29455312110937,1,373.26662400371157,0,180.03449441897374,0
2079.0064373429504,0,19.225191820141553,1,89.06758256419745,0
685.1307586647424,1,471.2306709176288,0,210.2256541373805,0
515.8531336483591,0,547.7378039328171,0,250.0,0
175.2279431053209,0,472.5105424744369,0,42.08859207024991,0
205.24967758636046,1,200.3691479015188,0,59.567585020399,0
3047.8825740678494,0,113.08962268721926,0,210.3915991377705,0
559.9996616280451,2,42.0196689597765,0,56.194510204099245,0
2791.9404367894645,0,68.45095561747814,0,8.763080083939467,1
310.297304970665,0,219.74330247466168,1,109.7325775700975,0
506.2768521418672,1,182.6548576545402,0,107.25219623716461,0
192.6206301147927,1,126.59131041485966,0,21.872341312043453,0
882.9519524001192,0,58.471757504828865,0,250.0,0
482.86823535449156,2,351.7220031904125,0,4.2431997930142495,0
415.9278428484312,1,453.84924224270975,1,250.0,0
498.23317775701247,0,83.97205987017645,1,63.04386913896623,0
203.60743600631915,0,630.9416254689029,0,250.0,0
164.70256221424904,0,217.1517828304291,0,67.00106790849289,0
46.08827500279731,0,197.69435584852425,0,199.71209557525995,0
434.6717859977792,2,69.61127620770634,0,76.82223591965887,0
25211.90608191069,1,378.02929984632306,0,92.8712535661573,0
589.0042337121329,1,67.90140937011489,1,47.499114108606456,0
70.56397330140493,1,107.28331037789476,0,250.0,0
51.267111381569414,0,46.38969732743158,0,250.0,0
3209.540638611275,1,617.420064534848,0,226.24933986918475,0
714.8797916686209,0,90.20372179662756,1,48.699084358149065,0
207.7652581127342,0,700.1074618672928,1,172.69112634285355,0
4897.409101351727,0,24.890527584026174,1,77.1791558779735,1
283.1790486251383,1,251.70518880721167,0,183.17728212481993,0
414.74331594646475,0,427.26648700806226,1,118.02437165686437,0
343.38444165584497,1,295.98510041032114,0,138.63513451262332,0
385.75955705350907,0,61.849552034170316,0,10.209960588792555,0
828.8909594886339,0,661.0610329982973,0,250.0,0
2114.4078875676914,2,12.793598329854978,0,5.495984782045383,1
231.40880439212071,1,82.51197377831973,0,16.6027635123232,0
638.1658517765704,2,273.9053868267989,0,153.8402127818774,0
40.0,1,188.63913699841063,0,60.66102861312504,0
699.6682368196358,1,139.85266829883304,1,132.26742520187292,0
5374.40907409862,0,37.379567445400355,0,31.329312458922136,0
343.21393011162223,0,101.14127548573657,0,250.0,0
250.11650267189975,1,46.49060837821264,0,250.0,0
114.66727701110264,0,193.31476271999514,0,16.75210425632667,0
1890.0086235888252,7,19.408299617324474,0,8.788377529521291,1
1066.7159864794426,1,77.37361221236054,1,78.39162025412138,0
1157.709899213062,0,59.02224698241807,0,224.83646814236525,0
183.05878727520331,0,366.74524983798653,0,30.12380675998212,0
154.21389802318885,1,16.161956592386492,0,217.21356732169681,0
710.7441337852005,0,182.48245848762608,0,91.84439954120882,0
394.2171538633317,0,306.3182178961463,0,65.60996954291177,0
1513.788659189924,0,133.21768060728948,0,102.65245888368126,0
167.3440396809109,0,295.21088840294306,1,51.7212483489564,0
43.62504721944067,0,458.047696735539,0,89.90528407401865,0
703.1496413873842,1,196.8564834928997,0,250.0,0
983.3723234169626,1,57.63686759826304,1,15.209657572054327,0
657.8650185259133,0,136.657674465737,0,50.61465070498319,0
343.20208837586586,1,492.33536142469245,0,163.18826793770117,0
1398.3340675916197,0,49.83198823558611,0,4.681493099257371,0
159.6536226625155,0,436.12492053678034,0,121.30608499719224,0
207.36397596333913,0,78.04685128567357,0,53.559102589856074,0
599.8192095581878,2,155.68618525778328,1,69.79575170041058,0
822.364398516522,2,387.05341345219085,0,46.72004068908331,0
1217.7228359817714,0,734.3907923104244,0,226.20447366312396,0
1035.0435585682142,1,242.59040021569803,0,70.91857223376242,0
238.08608254968144,0,79.14414724016258,0,56.14166653488579,0
309.2972822621871,0,81.77652248332787,1,113.88040475327264,0
354.16982071818694,1,1132.443961625251,0,90.69486763726798,0
164.84622285441495,0,105.7719591803272,0,49.302496829160866,0
1839.5537843174889,0,176.43798581658405,0,66.58788488511443,0
2824.7103605509965,1,72.00408620929545,1,31.793696465301508,0
133.51289376561618,0,691.2384832925524,0,27.111467181576515,0
464.19038624487445,1,564.650608809882,0,250.0,0
404.12079811304386,0,132.82140236488877,0,203.52250606517677,0
1103.9048558019358,1,361.0696084709786,0,129.76099732450567,0
382.14674507071123,1,507.55113991849754,0,250.0,0
379.49446114853924,1,130.1198136744029,0,162.28430281531837,0
149.6038442327396,0,465.3189566359054,0,250.0,0
56.9534207514884,0,118.77006290893935,0,88.30931964548878,0
528.1805500366766,0,181.90020758870477,0,23.897211016189505,0
3295.0389541802506,2,74.18251054834417,0,10.793234287483225,1
551.9268118271049,2,351.5499537652546,0,19.74298846887657,0
104.97168650403569,1,174.86338729570093,1,52.0901559710607,0
111.22569437471017,0,133.52177392662932,1,186.3955985975192,0
756.2093801364076,0,104.77783275386389,0,13.025195313002552,0
931.6530624538327,1,208.00256327549448,0,46.79092930460408,0
1321.4904223798192,0,65.3967099731597,0,209.84702207994928,0
2347.8127292503436,0,298.1409525707833,0,75.99972790504916,0
163.72937232746483,1,213.48431197302992,0,51.1618133769132,0
262.29223416701313,0,250.62350525492457,1,140.62173782313897,0
424.46788063919314,0,122.81686705279708,0,14.352710025073442,0
494.64489224714066,1,278.8236027432269,0,214.31155156934972,0
40.0,0,179.7781501368574,0,8.571943422786392,0
69.95539520196182,1,121.6365342570277,1,125.68774272156662,0
389.63870904959253,0,451.28215350140164,1,75.19254691741372,0
1484.5487820904254,0,521.0502520142782,1,84.7890038446284,0
569.2772227393183,0,47.53028088417595,0,14.371264118839715,0
116.5939672839698,1,498.5888657626205,0,52.4670303897285,0
442.287507412528,1,218.4379544324209,1,250.0,0
325.6961802016654,1,448.2776476958906,0,18.164736337267563,0
239.43595878680452,1,74.7177029436388,0,35.442665001292085,0
40.0,0,417.6463256658768,1,22.488698364953958,0
110.43819411005474,1,164.940702007198,0,36.25072317473501,0
316.1292823709317,1,695.1723945589249,0,16.94419953605347,0
246.43678298790599,0,120.35152364213644,1,89.81690276483586,0
632.3591826149748,1,157.1891497924864,1,28.33785653112199,0
251.6222867017939,0,115.87339397848261,1,63.699967414024485,0
261.6916194622259,0,460.66497999245183,0,250.0,0
286.01745739384893,1,124.54295457763149,0,250.0,0
829.0243625576151,0,264.49784693785585,0,26.39559432176574,0
308.3416097858887,0,48.01854181368835,0,91.24946644775065,0
279.12097484300295,1,445.21033932755745,0,250.0,0
73.62865334147756,0,67.18219531891116,0,193.66488823633745,0
128.68857915170491,0,511.11069363796213,0,66.0230842812121,0
337.600829988388,0,172.57869466829032,1,250.0,0
322.726446144235,0,213.8247703714364,1,250.0,0
2683.4762236748747,1,97.99437067541105,0,15.846704380792593,0
2326.4429556937207,0,674.3710038503694,0,149.85551612306708,0
316.38060532531017,1,250.29640661164277,0,12.82988914917112,0
68.39998605999233,0,320.01896882876497,0,94.7230102106114,0
408.7230228426004,1,80.92571739533189,1,42.010787936886565,0
322.184428875792,0,180.42973937399088,0,12.192944764333559,0
952.7912609161821,1,198.7238274761468,0,28.342346347796536,0
269.6400006519402,1,326.31502066547756,1,250.0,0
930.0855915186899,2,76.18863885662621,0,33.86295954527376,0
546.5651204958228,0,152.44889784159284,0,144.54870707370785,0
1898.0519580927069,1,213.93071495533522,0,224.9026374219154,0
484.2120338976213,0,570.8965670798297,0,28.57511264133649,0
678.0243269438964,1,756.5647462049512,1,14.673302001583126,0
614.7754347127237,0,530.114173127377,0,10.50627205945986,0
106.74816428038149,2,71.02870825529858,0,43.10552194316602,0
450.4714805579954,0,70.2347249525439,0,103.86814150032424,0
1113.9925173868326,0,580.4111152375478,0,250.0,0
160.71337684924387,0,568.5439339496486,0,226.17281066832172,0
932.5864144153386,0,18.990922305914776,1,66.13259268099505,0
2855.6572170472373,1,191.5957964238606,0,214.99649645444623,0
40.0,2,393.08886421240254,0,134.4747639507341,0
537.1604987862214,0,150.55229954184705,0,112.4592703260443,0
713.3624190479558,2,130.09467265854764,0,250.0,0
739.2163341184837,0,303.89615299702257,0,250.0,0
160.32697723113455,0,80.44458254278474,1,153.51449140809007,0
514.9066521544064,0,264.1020896072675,1,12.63972814632616,0
817.453058292027,1,255.75064966682945,0,57.180851993870455,0
342.2005871335877,1,157.75482463724705,0,114.69023479284428,0
310.7748118153885,0,148.47865981197663,0,250.0,0
66.26636268500133,0,128.92824200046795,0,42.89964494019869,0
295.89567003375197,0,68.32077718312357,1,34.62907670958734,0
1070.0629779519309,2,52.05900564070212,0,250.0,0
650.4108209453327,0,76.68401953967711,0,209.31355510886627,0
172.90663542395671,1,269.3258986035822,0,87.49712927901449,0
800.7403798419307,2,214.2667851043601,0,164.35930996699946,0
116.64655492966281,0,262.33796582860674,0,116.54606796371228,0
1748.6252150241926,1,374.81056266080896,0,60.73937631602788,0
250.4937514565266,0,104.02542271966021,0,22.712335324326972,0
1107.0256982800709,1,234.39701005649053,0,104.06354857236518,0
780.1218136144969,0,120.00951342463175,0,70.47275281812806,0
398.7039521720441,2,699.6776491522655,0,65.68926469186138,0
473.87610429896415,0,382.37855890025,0,26.001647291090055,0
346.1821085022742,1,1024.6450861016797,0,250.0,0
261.89226773010677,1,232.84192997654887,0,99.81431808043357,0
4004.249091570261,0,176.6434103334965,0,163.9661856448465,0
486.9864499111189,1,232.45463801047606,0,250.0,0
431.19675175766866,0,772.9491228875692,0,137.14595495795993,0
344.760684277796,0,114.54637139183731,0,90.74618897488982,0
448.6521829342099,0,556.4281490762712,0,8.040669885372793,0
161.7872849478956,1,752.7532048557455,0,250.0,0
1895.095520193686,0,105.0379086779825,0,181.88333766461434,0
1425.0047987571188,0,222.85253945457336,0,21.353070725641007,0
846.002498478331,0,236.96385041013326,0,250.0,0
2391.1459417540623,0,110.98521329396821,1,126.12294040161912,0
232.13559025408955,0,820.2978538966911,0,211.45253052005307,0
94.28887776209451,0,58.480232044829286,0,40.46159230977774,0
3144.9961602738044,0,19.660882383803987,1,7.843886502626075,1
228.41771915737635,1,463.2325347967808,0,133.61223533665634,0
2144.551641492073,1,355.79431669453925,1,91.63828446425711,0
1548.4821557234343,0,94.55953873488504,0,57.39248300626723,0
2542.502667508611,0,143.58755672344435,1,34.15377030716345,0
1206.4309245317806,0,372.65296814401654,1,36.10055877553662,0
1395.03105166681,3,1076.0641978194672,0,144.66955066703272,0
688.7727531866199,0,236.19827712560405,0,26.064484328931368,0
224.77704990067323,0,122.48300049873714,0,250.0,0
681.6574596078456,0,472.01205132825555,0,157.96787458252211,0
1868.2369958837312,1,86.50301574839716,1,5.320980524209833,1
195.2725802641467,0,261.3292956736389,0,50.715956149829026,0
90.28675432692476,1,133.9552890556743,0,237.15289686058742,0
1116.8964494058766,0,64.53859977539928,1,102.49964360493672,0
1215.9984073379283,1,57.52518809316697,1,42.84748950622637,0
117.8059992963252,0,252.45551457747413,0,18.982462338303247,0
471.27927487307306,0,180.77368494202372,0,121.8014579689675,0
291.056525670245,1,440.9068157658759,0,250.0,0
184.2174698697832,0,147.48593269900988,0,28.474208251292602,0
1363.2068222460125,0,333.18629450727207,1,250.0,0
2213.122452741078,0,86.19693546129685,1,85.56391153344524,0
214.0323507252548,0,1934.9635135727212,0,98.00121060526436,0
2568.5289959860465,1,35.156341359130614,1,2.6917465113921146,1
706.9620086021458,0,74.31454082811348,1,250.0,0
340.98687881956647,1,436.62785252123473,0,7.725012054038726,0
392.2976570786504,0,278.1273949217053,0,165.09194705597457,0
149.01436965707182,0,230.42629943601338,0,18.517048195938557,0
2114.077576507234,1,272.2472095340897,1,50.209623501731684,0
451.71155993022137,0,530.5372858145887,0,236.9689110036776,0
71.14717286947223,0,130.3379764606352,0,151.67611817702382,0
153.19111413537982,1,68.4689109835052,0,167.95314144727493,0
824.0580351554655,0,171.5545078565871,0,160.46334533146052,0
1488.8303057593946,0,44.46665550380556,0,29.658844931434615,0
1608.8424454287715,5,42.9908168868205,0,24.42444728163852,1
921.2328129253191,0,32.22235952558551,1,109.05990673814827,0
215.9774738730011,0,39.22803369397253,0,145.2134723926027,0
461.4511943581894,1,305.93097243750486,0,30.500141077522642,0
285.50630200456,0,149.27680101937614,0,78.80146936824136,0
630.7594701187255,0,150.1202819909769,0,91.97814173311995,0
281.82076096381456,0,456.4656652802289,0,135.20136600187809,0
996.740639142742,0,438.9651542171909,1,250.0,0
506.4122433508541,1,31.786048112460097,1,183.51220997585744,0
431.428057053018,1,33.72513582397162,0,206.6240060171567,0
129.90313993273773,2,230.73170375491918,0,87.6395523805374,0
615.4866096183011,0,201.3968284827286,0,105.4000557548202,0
101.8711137141366,1,65.18658568326933,0,39.19510902351772,0
147.21880959604292,0,245.68381954012136,0,101.80288365781473,0
277.4551430188185,1,207.39956261371435,1,145.29714139400863,0
643.7762291274566,0,67.36290558402592,0,206.62247423872856,0
493.6071678613808,0,85.13482038047452,0,218.95864429476438,0
3371.725080550033,0,36.787566565374085,1,26.508950056483005,1
949.2439279380998,1,210.95873288955414,0,190.2507245493117,0
966.8582085858875,1,80.66657358831759,0,181.81981608824748,0
7746.950281681343,1,81.02656600308967,1,6.370693032252002,1
211.9511164998187,0,83.91998863319084,0,55.82033774144977,0
164.6291949957605,1,246.9807854292511,0,155.38949841230243,0
70.58549483358881,0,211.6007174248234,0,28.49280481156821,0
310.57105043604065,0,1258.8143176357944,0,241.9478731027792,0
75.09068851843529,0,68.28353285557054,0,123.1078058624546,0
7507.779555773867,3,64.26349834965978,0,35.83985585975186,0
994.8528312864764,0,116.85205233478949,0,19.11810354177166,0
215.50292148482288,2,250.54493848280043,1,50.46034976018275,0
759.0952394401622,1,200.6389037151634,1,47.59069526308457,0
414.2196779228727,0,387.73987969408364,0,29.4348932023946,0
1309.9171091738383,0,116.08367294789906,1,0.236940956240038,0
219.13778205780812,0,207.93024876163648,0,29.50523559144775,0
132.2830801238736,0,65.37900899709373,0,2.197675145746259,0
497.4931922579887,0,827.9421438193365,0,93.36989801529793,0
581.6925722565636,1,351.99641427188413,0,5.8754453245034295,0
164.90754757667932,2,1238.6093353196668,0,80.1542100364853,0
423.40303551607025,1,94.14829290280322,1,162.65387596559444,0
331.93441800514404,0,445.878434810903,0,75.38348045818819,0
56.91304922745125,0,177.31516441384343,0,9.185748400048626,0
1298.5469578290674,1,272.5947356904367,0,250.0,0
338.62176422298523,1,148.98710416684747,1,85.34817473919226,0
961.6329140293858,1,271.71160215573013,0,72.32728786556711,0
40.0,0,5.3648020107671925,0,11.664830621037092,0
922.0468542952491,0,559.8560577456784,1,170.50711507437805,0
224.70363155159063,1,110.0126213817617,1,130.93557841039555,0
250.72919387631964,0,107.25614990509585,0,250.0,0
3753.0536534776406,2,15.240552254267115,1,1.9128224632041033,1
309.9778621334766,1,404.2073989199766,0,31.846572771909386,0
670.7193465916356,0,150.55193498047817,0,52.4268448861685,0
390.51580279423683,0,57.83064360125368,1,70.52467936027762,0
730.968335143163,0,221.06820670679062,0,17.49257696059545,0
96.84992580001216,0,27.06932692505153,0,22.773641620280326,0
4394.619447912041,2,26.761963425716633,0,4.840424022864637,1
298.14247325538,0,118.63491397689701,0,80.83080963520605,0
340.67536773052353,0,39.84245296443953,0,142.47345158915678,0
1058.9968603544712,0,282.8633364557,0,167.75331261921198,0
564.5526394168469,1,2090.539303732888,0,121.43678092819721,0
504.2373794210086,1,162.44075537509303,0,176.25012467710943,0
202.53501881708186,0,172.12603585485752,1,24.769642710253674,0
94.34366215969736,1,176.34313593509683,1,62.51616499124158,0
104.40431180493381,0,297.134708881388,0,250.0,0
260.5834679459905,1,133.0335969461372,0,124.74232213776888,0
876.1478587998542,0,173.0738976936695,1,116.8425173289982,0
1999.8232871494165,0,658.6288135703945,1,28.076419126988323,0
1778.8436524979413,2,64.19426537495751,0,27.481957556069077,0
561.4002269054353,0,398.2045047212686,0,28.31252549771651,0
739.821045700497,0,378.3998538213593,0,137.032053557662,0
482.9133114679023,1,245.54465109558555,0,99.47518717203411,0
49.727342942499455,0,337.9531120939613,0,135.87170899334734,0
325.0854854057623,1,475.8859782267378,0,1.439603637197029,0
665.2739485415678,0,30.275694568942313,0,0.9782000172542933,1
831.5960115670924,1,716.9520947467238,1,81.2875340747163,0
1807.4991096455044,0,24.137558738489282,1,7.438365538774924,1
259.7605915803866,0,802.3790165681552,1,86.31965405239055,0
354.4487833169688,1,1172.3023232225555,0,12.459044161476688,0
223.76920102319664,0,380.71767137102273,1,5.4772771426735956,0
2232.8330275163507,0,352.007667308077,0,250.0,0
512.4368259268543,0,85.24255827896329,0,151.8381648066954,0
4969.117345859027,4,181.54508222482028,1,7.312584117597381,1
874.4017032958474,1,66.89056667141526,0,115.76812488493128,0
504.21145630878243,0,75.71867884477841,0,5.486410126736343,0
1398.0256714947361,1,347.11238953911067,0,70.78483538117922,0
40.0,0,564.3522728440296,0,14.503444401086263,0
674.3793428798178,0,266.23491640015726,0,60.3586889976537,0
1692.908377341105,1,211.37308839916395,1,123.30520161286778,0
7612.926297656784,3,55.40332287733726,1,11.804598761951157,1
300.1826883323676,1,657.9881127605748,0,74.98826898221625,0
262.9990955499434,0,413.84444074404905,0,114.51317456360039,0
939.155383397066,0,115.02682756348696,0,112.5640213764264,0
246.6047299505247,1,138.29200917929637,0,148.9387633643739,0
61.564167906766464,2,137.13860983014882,1,2.1331309802150322,0
619.9861236694716,1,414.2707499251563,0,56.4934777765774,0
326.68840949593124,1,421.9356816682946,0,194.88653226420985,0
135.86466686667666,1,205.64966396131965,0,66.67873541862393,0
252.44359632986777,0,466.75718815251065,1,11.268570867283676,0
528.0754632616524,0,185.04062291079094,0,250.0,0
860.6101324185845,0,236.6919733406392,0,47.1597575279454,0
83.63500289051038,1,98.90486449282133,0,46.70469355305927,0
455.69607500279056,0,239.07332424042536,0,182.6477074869438,0
439.1979396290149,1,240.43299257534022,0,48.39903210978147,0
1282.4952442335962,0,613.4840302886244,0,37.76969443886115,0
228.2540833028267,0,139.77043108905656,0,12.154700255396099,0
6221.289577407201,1,996.4365138514428,0,14.646729753602862,0
725.4979977656087,1,94.3080040875161,1,10.01426453711336,0
455.6576233388409,0,198.11281683742615,1,250.0,0
987.7670113012235,0,775.5953703944393,0,52.90598483849935,0
256.5120668244654,1,302.94373627125526,0,87.68150764290962,0
303.53787917582525,0,1050.4451018877462,0,46.922857698426604,0
1425.3765680449485,3,7.3380623049866704,1,15.584229567603776,1
278.1973952536595,0,194.67448877035937,1,153.77208440557098,0
456.52217542853026,0,232.5983131691267,1,146.6145182222811,0
143.74376965439464,0,285.4842608408381,0,11.013535534452073,0
1218.2689876255786,1,731.5340810888425,0,250.0,0
303.56935796759734,0,20.268525551437904,1,107.07319016412423,0
189.20506826045127,1,91.83433301123102,1,120.25801231867476,0
466.5230873179594,0,437.3528130182076,0,132.11363723238384,0
3346.107355829944,3,13.177892853537328,0,1.4637717751007115,1
364.9786124085667,0,198.69280724793558,0,22.45733291763589,0
168.36692162453556,1,338.0712512901136,1,9.447840794116056,0
354.1600562242268,0,1155.1900008267373,0,5.259008370969642,0
2185.3232967565773,2,36.64645323142014,0,7.92730010034423,1
647.3879530437582,1,143.15733983979067,1,118.27650726952184,0
1987.0450759051237,0,77.16834091647559,0,250.0,0
171.94427687954692,1,65.56923962233894,1,105.55158460027839,0
334.9452581765729,1,76.3778748528286,1,150.54418061427495,0
2174.0137890560113,0,263.07629617715656,0,24.74997321283797,0
1926.1871621028863,0,178.21491107311397,0,21.677171492898864,0
639.5842562907578,0,75.71025619098438,0,13.12754545002476,0
649.0985483926827,0,252.74586528783345,0,168.4788697862028,0
465.66090664232826,1,206.2799734506948,0,188.3764191648914,0
882.3393643342067,1,99.58363236506712,0,173.79112705880283,0
1693.2318375261116,1,322.9541405582717,0,250.0,0
171.1210996650728,1,209.4520618185182,0,131.83029827656898,0
1432.633002380353,5,59.69678780384732,0,9.990908420373476,1
514.1935363043822,0,213.326086594032,1,70.44999762916926,0
791.6655281307833,1,192.07635458882658,0,28.65007134819448,0
596.1271830548095,1,166.02794208142024,0,44.48809361403631,0
663.1165217743728,0,353.9245700968214,0,199.04764331024384,0
681.7523120446187,0,73.404423091717,0,28.31127179157801,0
625.0501736085591,0,1011.2508628911893,0,66.24335637124659,0
1595.8968840207779,0,142.52514994037386,0,54.96985578478008,0
315.1294830615422,0,126.51374390617933,0,97.66071817759736,0
4239.361279145149,0,124.85802426275747,0,25.004268729140815,0
316.33349801717725,1,101.0683104807055,1,250.0,0
133.43189719302293,1,374.3795153332262,0,181.60469559610598,0
1128.0219171606893,2,230.69663527644065,1,0.8120194962745754,1
276.12010295510385,1,405.14776766399615,0,51.71855228015423,0
106.25063516684222,0,437.32675681330153,1,131.5633740913571,0
602.1176053154509,1,301.50733789548167,0,250.0,0
563.6110070905005,0,242.304497615003,0,21.419051829613768,0
206.18904832278233,1,292.2630248428351,1,62.15631176308239,0
2839.5425417506767,0,849.152698333565,1,15.63607422489877,0
781.4900978391247,0,695.6616940201737,0,229.55719777750042,0
410.4334475319095,1,97.3226322847912,0,250.0,0
89.78692067155113,1,228.2703478424448,0,68.56279856883341,0
195.80233995987098,1,82.57117430208774,0,66.49312303088303,0
320.1345857145224,2,464.49293684932195,0,134.7413799613021,0
181.29847280778924,0,653.2841373913675,0,25.924956610926493,0
218.80599463712142,0,541.3435786785532,1,35.204017642713595,0
331.33453154151704,0,1037.697322863886,0,112.47384562184027,0
1127.0052995492701,0,872.6974172254847,0,29.96859289935833,0
723.4734911243585,1,126.07758076143057,0,22.096746373234126,0
240.47497335853453,1,175.18533326695578,0,250.0,0
3570.0332268846723,0,410.21891701953155,0,99.12524898245401,0
2318.7223424767744,0,99.37329896550806,0,16.15326512397485,0
93.25975387303775,0,177.04388560457676,1,17.811794041497254,0
582.5857623398357,0,144.3753790912195,0,175.05677016292546,0
490.6608346692763,0,540.1849036926378,0,182.2315651255451,0
122.31448401946275,1,174.42258241762252,0,93.32205234774122,1
1676.5346127096611,2,718.3826965579492,0,250.0,0
328.1458245441164,0,168.21464428805294,1,54.85748356232111,0
220.10542899832492,0,40.044946739962704,0,156.86848182766002,0
866.8497334470043,1,256.12954350868193,0,149.47099447932902,0
1195.3930392692341,0,467.73326416270226,1,75.77717161250702,0
180.93630037496277,0,101.79643120406742,0,96.01412350954824,0
245.62306258368326,0,72.64265066004263,0,63.825069461352804,0
344.30805167786724,0,429.0621467471799,0,61.29587780004742,0
567.3112114725454,0,100.00613533810433,0,250.0,0
348.1808488608084,1,203.416878390716,0,88.67091047689969,0
290.1500615643618,1,2674.7267282318608,0,115.0105273076525,0
1481.4822641820824,0,71.91880955406079,0,13.936418211914534,0
789.0947914666942,0,195.23304656356413,0,100.84494902545643,0
1566.6171929887225,1,282.0845948074977,0,54.45205249543993,0
291.78432785824464,0,346.98586255077925,0,40.630150213691586,0
372.8234180984638,2,684.5962844108012,0,21.97824173748195,0
735.9614827362656,0,41.43975041925956,0,3.195680303754596,0
2624.4021599442535,1,502.4129745917338,0,5.487205012050616,0
822.131229634149,0,580.9630257121802,1,246.88671796102517,0
591.4450852539704,0,151.24913777381238,0,208.50906599608302,0
611.7697249879305,1,104.25202015481042,1,4.341522670212213,0
776.6900328194296,0,162.16491734020337,0,135.51044522631005,0
904.8904875410195,0,122.44257208841387,0,141.6728953940559,0
289.41604946959586,0,236.76628187572513,0,61.23975878198448,0
2400.9189117478863,0,57.3365364903205,0,54.87435027070441,0
308.92283214001543,1,1349.6067358977286,1,18.23539244349862,0
302.71195225168253,0,2813.8830725048365,0,250.0,0
394.0038883437356,0,91.53754943543221,1,45.84346648296809,0
860.9211155397513,0,473.28426101973247,0,222.85737889592556,0
727.03898333284,1,197.98218701901305,0,8.249413116716314,0
718.4293462954204,1,142.80070022514752,0,57.945139746709636,0
40.0,0,1027.080610128734,0,3.687242342360947,0
100.15751800302029,0,556.9174872075167,0,124.243855564451,0
405.15548138150604,0,33.24343102833754,0,138.03631611294142,0
2612.6796625854236,0,143.8898734486416,0,179.7806205023075,0
4532.785838549506,0,48.47974370607574,0,154.35228975885968,0
625.9327497177391,1,234.93794901664452,0,51.68143838985283,0
1111.0354664926622,1,60.619428894035956,0,31.52453096622664,0
426.04422094409773,1,244.621291881217,0,27.131702189497577,0
547.3376952151026,0,124.33078192414284,0,52.0064097118358,0
1060.0184210783284,0,2521.131657981935,0,250.0,0
340.6949643991791,0,124.44436903526649,0,133.12365984487093,0
348.65517891202325,1,67.51365438827344,0,171.99268212038183,0
409.547547397478,0,277.02626384398,0,181.81794414762172,0
356.5223271513461,0,87.6914969042774,1,250.0,0
570.9416195050109,1,178.36175811047673,0,60.461215685876795,0
656.4158044080768,0,196.8879635711773,0,17.227482319965727,0
1101.5416581388092,0,931.1285159376512,0,232.28512537627014,0
996.9568185450636,1,135.4855799222368,0,22.766278586589383,0
991.9550536606799,0,243.52065694323187,0,48.22601581709273,0
507.9715957126829,0,296.77162759807965,0,24.811711815986182,0
2823.3270971609836,1,384.7411643987654,0,95.00939650789904,0
362.1664706112993,0,273.1135521863788,0,167.42415932899792,0
210.03477756408816,4,509.0066984835342,1,250.0,0
785.0763902872004,0,262.9225357704907,0,233.99815646809094,0
496.8471352179592,2,649.4205109341572,0,38.95006074555476,0
374.7791025638068,2,199.0413839498519,0,55.98429487202109,0
2671.207889072867,0,128.45533903679234,1,67.21225805799764,0
184.8338394714338,1,165.7917107238784,0,250.0,0
950.6033962884808,0,308.4333633066563,1,250.0,0
974.0465159167115,2,519.3504771541312,0,132.91277976705328,0
250.60276622060343,0,600.7727871272886,0,67.20176567213875,0
40.0,0,122.70971858640185,0,125.58565474771723,0
228.27930949967285,1,120.16118324730482,0,124.1651299089897,0
359.1627211542696,1,208.40327199081386,0,50.042247417033906,0
4755.453321271348,0,944.3220679038187,0,250.0,0
445.51489809752377,1,195.4244173770983,0,228.57003938564281,0
292.93660259727454,0,300.0547709299798,0,250.0,0
537.3522626780825,3,66.25791034020645,1,2.9324369529788408,1
3431.1396606146404,1,225.42842987256185,0,27.134027869097732,0
47.345429644087545,0,216.15609440940653,0,114.49000053803755,0
520.4856864702014,0,815.9555675533993,0,24.22988600607601,0
926.0326957182335,0,169.9811872773846,1,92.84160891321058,0
566.0765397087646,0,325.03295492840573,0,243.13218392193255,0
602.4222382310318,0,166.33669996338833,0,169.1818495784554,0
330.26687608784613,0,187.92064436756118,0,182.46411889909558,0
261.81739138997597,0,479.54909200055135,0,57.5302709396898,0
147.65196693607822,1,54.341713769116595,0,179.38072210268345,0
1969.9705563032614,4,21.171258661783533,1,1.3409104403939454,1
154.15558830224612,1,288.7957442662917,0,3.640382785354859,0
513.395246625009,0,555.4986813092438,0,34.626867177375715,0
5049.543483523229,0,43.72334356574017,0,18.595556648920425,0
601.4224951103381,0,106.06194433148976,0,13.38231607111306,0
1572.9502765047096,2,132.80797745738602,0,1.0993536182023567,0
6722.616313033883,2,674.1378089504634,0,243.68126412990787,0
793.0858612517121,0,62.448763851585184,0,250.0,0
71.01638120623771,1,707.3867035753199,0,100.6575293341925,0
102.75934168835211,1,310.5116404581982,0,55.05564849647533,0
340.65871572472525,0,132.82312048345088,0,241.4961555508386,0
444.618967634274,1,165.7150514740351,0,50.832745038477505,0
760.8261427266273,0,142.48663388695408,1,141.81301815945133,0
285.85647465919124,0,329.1592187186519,0,250.0,0
382.8053286683332,1,106.36906037694546,0,87.61982591251102,0
274.74578237203565,0,73.74575941778541,1,24.81793226262336,0
419.571823727451,0,891.9693482893701,0,106.82557631872267,0
1061.2719961156645,0,204.61313350966134,0,9.781964996873045,0
298.12061861938435,0,119.58791201464871,0,22.17268907834649,0
887.2804813848212,1,991.4782231243084,0,250.0,0
5189.422653247809,0,104.63954924049595,0,30.98627666384957,0
547.6531714529607,0,250.30083269229578,0,66.79552310557457,0
563.8608054972813,1,70.60721357764935,0,189.65816340564004,0
67.45313651214379,0,211.6428662485582,0,250.0,0
64.91366930110317,3,154.21863347119,1,65.40951816351048,0
395.24719511290516,0,108.23674139725831,0,95.14685241796371,0
109.29829647433546,0,179.50144460029057,0,42.91441074174355,0
115.46751286202277,1,734.235501325881,0,26.730812831244574,0
370.9378624811129,0,51.32882872269373,0,177.1433638468732,0
103.33783246606899,0,94.72398618463072,1,10.578860331814075,0
796.6549500152063,1,246.2396588573595,0,106.71335347117586,0
233.12189562881554,0,263.80306023958303,0,18.683045300858215,0
104.14723102371197,0,363.3586670269996,1,130.5030115903926,0
210.34283237360899,1,38.49114028286348,0,250.0,0
774.642669232994,1,143.83654503474548,0,250.0,0
669.3043485610452,0,524.0683538536235,0,52.81647271152339,0
1648.3829378946668,0,1359.8272009612872,0,35.857223002010784,0
538.5120948139597,0,39.62421389364964,0,237.34159636893295,0
467.2062528550658,1,391.69661635747013,0,250.0,0
1740.3499497297855,2,87.31845801442,0,48.37388352862361,0
647.2301310062131,0,25.757734648198845,0,212.60950875929925,0
2233.3496017203147,2,46.572286205436406,1,5.372468808142248,1
108.04568656950421,0,603.3898496390162,0,187.528986968311,0
712.4096777995628,0,562.2168449366757,0,25.42197678183645,0
249.4754820600577,0,156.5851117809527,0,75.12683442343288,0
439.9065453577656,0,271.8810536203515,0,38.202761246894234,0
400.0839198661343,1,112.61403387448284,1,1.2916555350571728,0
1130.6837086535181,1,488.450658081376,0,2.9054083500246692,0
321.9391500796853,0,140.5411695805481,0,72.49199237069844,0
278.9326750831364,1,114.99742533429263,0,2.7886246525376546,0
5195.589864129778,0,503.2386515225554,1,80.78191598500062,0
331.443420260853,2,145.52538243036938,0,130.54739697315856,0
1022.265026098815,0,97.11248510050343,0,18.332266399778337,0
223.702524622995,0,233.1450727042559,1,112.33724998311732,0
1250.9453295646874,1,173.74042091450997,0,15.889094811607567,0
969.3276542917116,1,86.8900174647482,1,2.8080359418101457,1
1040.791527196441,0,85.3205678123789,0,99.70094967553747,0
119.6852493351279,0,88.08147389331481,0,24.38192776401386,0
481.4503289069635,0,371.8437556777188,1,36.987891040673304,0
614.8104487247283,0,57.94065144442265,0,30.911520364114164,0
1629.4757018003404,1,230.69983421451462,0,250.0,0
160.7169893203727,1,66.10259992587521,0,250.0,0
796.8741871352557,1,419.0662063936972,0,22.049225384897074,0
679.4061887946411,0,240.07080392694462,0,161.39738311989893,0
1497.8337107603436,1,213.06579198658162,0,193.44186206825404,0
511.7668628058276,0,1705.5391402108685,0,250.0,0
785.8951806536082,0,1062.0351591073565,0,56.06110630943733,0
3491.208511517228,1,298.1008390863754,0,228.72819319062611,0
390.53964476817305,0,204.93647886969012,0,102.69054793623968,0
181.0317986243654,0,252.98809304352014,0,37.73745921651072,0
1207.7264881302003,0,273.3110158554946,0,57.463909498262545,0
395.3213367657926,0,465.8866622703412,0,104.03713765180805,0
29921.86162881397,2,81.93968213707967,1,2.8890751004450355,1
10587.010819437617,5,31.459173926185294,0,24.132890338092665,1
335.1612453984111,0,122.87976317099748,0,6.47989800017667,0
1724.4914483679374,4,75.74202574399723,1,5.040830068861523,1
553.5684983536248,1,1018.0196256859679,1,250.0,0
802.6423452871467,0,260.09681666711947,0,108.7685105431072,0
134.18168409577677,0,39.48705781345026,0,14.296242823282656,0
496.7878439039223,0,176.08313975890653,1,191.98331483574577,0
605.2433465614225,0,140.3344566242911,0,54.240392643730836,0
556.2568413917085,1,138.62428283057014,0,10.431546181185634,0
237.61967525856025,0,165.60728010949953,1,4.619260830034941,0
1144.3334464378531,0,605.8436322682231,0,36.952850713299824,0
146.59249158344994,0,89.83195576618402,0,203.83839853623445,0
329.360291568185,1,438.0346158219505,0,250.0,0
837.149277960588,1,246.7950494138018,0,250.0,0
1948.8417686511045,3,159.02067269720425,1,16.290432564640238,1
92.48815355466382,0,26.738874422989145,0,214.27047763239304,0
183.99370345806193,3,239.84035340445035,0,0.39637857146280003,0
729.7917934247898,0,82.10051422844359,0,12.271387712549654,0
141.97783460444865,0,37.31780933603334,0,25.631564385168517,0
394.7137947723316,1,191.52624074469782,0,6.366392184371096,0
171.44025832933553,1,48.29974662677061,1,11.71707048527118,0
425.9064053477501,1,378.7512437119327,0,250.0,0
364.74256733273353,1,218.18679828011153,0,47.934798919608255,0
1599.2914955381457,2,22.44924234355132,1,5.451644742003811,1
856.8306244317424,0,270.5621386375077,0,25.427221014264525,0
952.7660588769655,0,111.7918877197388,0,22.31437193952132,0
1901.3593581604307,0,93.10322224407845,0,194.88755629923963,0
383.0341176762875,1,145.7098347283396,0,164.1219630410393,0
553.9077631509122,0,268.5953780529136,0,76.93543925727276,0
550.0987898687326,0,187.6700517906805,0,172.9539026519751,0
2255.57015477229,0,136.5759773148716,0,14.802351983868132,0
127.08005238058692,1,205.38737448051285,1,69.45435045053193,0
500.8980841814389,0,44.72132221705624,0,121.56786180335325,0
72.1207470647828,1,66.07836749623226,0,187.34445840673993,0
376.8209329399953,1,412.3189174559324,0,91.38934871645243,0
184.6827126215524,1,372.30650655486045,0,250.0,0
10132.893799264013,1,41.04881761377293,1,0.3863014088437327,1
176.90801403257257,0,157.11398393664155,0,78.24769784325434,0
1066.7781619320988,2,200.59595829704006,0,55.2836315625254,0
663.6280213004258,1,135.61578848378562,0,114.33331493604526,0
140.38932926303207,0,78.10016420881749,1,250.0,0
2260.5456604231513,1,110.70278756041075,0,53.70748033727614,0
765.5779135978162,0,217.04892240673098,1,187.77471334949107,0
497.715839977648,0,158.21393314817152,0,1.304362717030177,0
1859.6686979486694,1,470.64314799951137,0,72.72504551017764,0
1896.856014037424,0,158.2220888055439,0,47.94625862874109,0
324.2693470201636,0,958.6742005900736,0,182.6528557399015,0
64.92588922742213,0,181.5312112123212,0,71.05832349495506,0
522.7353334044623,1,1129.1892063155988,0,193.12502872710317,0
498.6664092811892,0,683.5955209610869,0,4.3095680847581175,0
1029.1620782780446,1,272.8613280088556,0,250.0,0
462.7883257722944,0,48.092853634219466,1,86.2615216038269,0
2372.101283131064,3,25.586841375591863,1,11.954164374624284,1
2735.172485927946,1,614.8659309586894,0,156.1315654125222,0
560.3883828408876,1,156.65393363185328,0,78.93601618235748,0
491.8545898155441,2,1765.8240662023857,0,72.21932765995132,0
112.26512728504512,1,831.226798332793,0,68.93056087311945,0
308.938859679441,0,215.9350586927622,1,66.2069723647504,0
97.77429655394774,0,131.09766191767315,0,16.925919711687204,0
647.9174148668695,1,316.23233092789656,0,149.53757740171375,0
166.5944911603608,1,76.26566961228649,0,93.79301569505971,0
1662.7815908937503,0,549.8143766893077,1,68.583005126608,0
524.0898003349622,1,451.44160225108567,0,39.846977810485484,0
2537.565341881309,0,122.20548180000071,0,156.19522088186272,0
155.58641860695346,0,746.3517532582495,0,19.88268776089279,0
125.65766431038084,1,274.8460231682735,0,250.0,0
349.2786451506479,0,269.65116716378384,0,139.42098837917095,0
234.78823080522605,1,91.03287500298771,0,0.3208559669632983,0
127.7967515105434,1,407.05422779233646,1,56.669451418226025,0
753.3935521133491,0,45.702261714673604,0,250.0,0
669.815337577247,1,102.08672000923377,0,15.555056118134186,0
7475.440104305979,0,40.693101774763704,1,15.641890147022767,1
466.7021727898681,1,214.26376806203396,1,98.74650533646486,0
1068.0998689950297,0,196.57622752770692,0,41.21882288005748,0
298.5408729643769,0,398.8864130393065,0,226.07782454654006,0
719.7790588787522,1,218.67097978419045,1,200.21756769997813,0
492.83458543636874,0,390.26737820151135,0,250.0,0
360.7842971673882,1,2138.450785899902,0,105.39447080112706,0
299.20795134151825,0,457.66397013027125,0,116.84620633977718,0
856.2602646811855,1,205.71489980951264,0,5.678220554120529,0
7511.026768050153,2,57.826917185310336,1,11.164070895239046,1
646.0313968961257,0,355.803781244898,0,178.9458917349025,0
703.8160558324454,1,65.62003933540375,1,19.32900383866575,1
853.3619202737336,0,259.79037934255103,0,250.0,0
960.0874208493019,0,77.45646829467003,0,2.9524007331373516,0
383.7730446010182,2,594.9939051721215,0,10.827312258307277,0
373.77682868383084,0,321.00627944770827,0,129.57529096123713,0
619.5824746818682,3,22.516740279109865,1,0.914326387208676,1
1209.0440970977402,3,181.295218334914,0,244.34371339225692,0
40.0,1,312.7755606938197,0,173.417906563444,0
1098.4121954074483,1,265.85934582213656,0,28.710782642092468,0
379.493673291996,0,243.93419549586685,0,22.132292633332998,0
1272.344610844424,2,416.38535421668155,0,19.28731004660416,0
517.224752504876,0,82.43515168721893,1,19.269436784583196,0
355.08245270615555,1,1064.1748307997611,0,74.28648735294868,0
201.00500417589924,0,218.21907079462667,0,12.735910748475069,0
216.75795664725092,0,140.5559571440072,0,82.70347506149464,0
689.5343432978739,0,203.6083078292376,0,22.079111123464003,0
490.41238920406744,0,167.96161811682796,0,76.08938360540878,0
1217.898837867139,0,146.86724805139443,0,210.48104306730136,0
185.27802981285777,1,225.53049164170992,0,51.75018026105118,0
1549.0413822061535,0,226.58235799113754,0,53.960580232314776,0
3233.8981130480324,0,92.68668649218792,0,139.4987530518056,0
564.169982109252,0,683.3991000484201,1,68.67085222933983,0
385.577381667419,1,1044.9096760640819,1,50.261471263326996,0
1357.5419652171365,1,293.665467471955,0,1.689413866448684,0
7266.809070586773,0,50.058575555197486,0,12.248712147840417,1
943.7773616383519,1,130.95838584314708,0,70.55747617306987,0
989.0355606556774,2,205.5512241726628,0,193.29346045472144,0
71.21476462905314,0,26.453702640036315,1,7.075780564199244,0
1279.3666057964326,1,250.0734185054944,1,51.25148580958341,0
493.42666262710713,1,401.17449266358994,0,235.59126618271364,0
1100.0005252891615,2,589.0770689665201,0,250.0,0
246.2945604279322,1,75.13389487535727,0,91.8620739416009,0
894.2585479860551,1,112.20293877563238,0,206.24005681141304,0
632.6198009328223,0,263.74833979391576,0,10.5696194140343,0
1304.4799949085457,1,308.7131809786034,0,80.12627348287407,0
346.14904633388994,0,140.63752496471912,0,29.322309506329155,0
5253.614920053404,1,384.7013746200379,0,192.85218816446613,0
352.11919372695235,1,360.7528675421517,1,28.552262950476365,0
548.4179423062109,0,196.59362748533525,0,225.76675758934746,0
568.4488446803106,0,165.4874209761902,0,250.0,0
1147.8524029776286,0,940.9240140355097,1,250.0,0
1218.171578183735,0,127.12354646408906,0,3.4199602049879467,0
700.4991882550157,0,330.17761002055806,0,143.54290471720327,0
494.44238912850744,0,64.41733410976458,1,16.03052426664781,0
809.5728392127022,2,526.9437754339617,0,45.98580738021798,0
276.7330856887941,0,613.8444474193365,0,194.0942411070812,0
106.47356975446574,0,417.7077409025411,0,250.0,0
1255.9823109765655,0,253.01801193137686,0,59.138733397221884,0
328.75248027179856,0,83.6553986653692,0,21.668740581418817,0
498.5333029469439,2,58.83494871880592,0,246.46572611940036,0
144.15957645038196,2,587.7879731488866,0,72.1753804685965,0
180.19180404830402,0,124.53308165227564,0,4.342100685712689,0
1258.0285706406105,1,553.5954484921787,0,24.900293331349104,0
139.38506992251254,0,115.47036117966006,0,30.584397170095926,0
126.21646673460666,0,160.87836072053574,0,78.95111705374862,0
171.23933720233865,0,111.42241544686482,0,2.302173636230665,0
153.51953551766834,0,81.86620591893026,0,102.44351604256643,0
657.8225166316331,1,43.793867187202046,0,106.94946199501254,0
247.32341385909677,1,345.5190244957895,1,250.0,0
866.5965752362686,1,241.0423675067105,0,19.68197285535098,0
4720.255804485007,5,25.2628165294481,1,5.327102783739652,1
4192.4213266284305,1,524.616517646442,0,206.69291037230295,0
101.00148776159457,1,71.32480562339761,0,49.87850964346172,0
51.34831762668205,1,152.1676271760647,0,25.350678954859188,0
622.741996123843,0,99.6291347270008,0,218.2011495742531,0
323.7715532054393,0,204.09500867677417,0,128.93318873314303,0
229.38364204368062,0,181.6506178118539,0,209.3065770929997,0
1107.5378369446416,0,87.92377791715889,0,57.82477972047263,0
136.8212386806037,0,166.8888053681409,0,250.0,0
1682.9221201166138,1,156.67701287244319,0,179.89749372488592,0
379.1814455499668,0,174.69503468691116,0,250.0,0
107.81665531531917,1,303.64611546961805,0,10.887497973912671,0
309.6507235189159,2,135.50481885744165,0,122.04564795041844,0
60.04804476618564,0,219.76132659033775,0,111.66679692305085,0
400.634002437222,0,65.47850593340817,1,55.72466925071645,0
79.52237905189283,2,399.9415947227704,0,44.1980381464849,0
40.0,3,1106.3077228081054,0,250.0,0
5832.395931803206,1,64.84767349177216,1,14.558123161313453,1
471.42534431297395,0,45.224081320685535,0,53.077922142964454,0
341.75883637955155,0,150.79562182552016,0,54.80877787794357,0
626.1280450186584,1,84.03216262027861,0,44.010148287155445,0
463.57688229445233,1,414.01748538918787,0,57.857916815722255,0
3307.6524964127093,0,217.61888155227408,1,133.04164145708384,0
121.38299965138637,0,168.92773550955783,1,250.0,0
300.6516452689833,1,365.5675970727304,0,127.5549862079722,0
163.64023893797022,1,156.25024447681486,1,30.670597893538897,0
235.29250865259505,0,47.44739141930324,0,1.2241768572003076,0
610.8355504022325,1,69.32088353478579,0,250.0,0
121.20028401458796,2,115.81961131658738,0,219.10020150902338,0
143.38478271543053,1,155.95805669145108,0,79.5506657439989,0
744.6377587669069,1,118.59558242505959,0,52.44312314277872,0
139.4197589183281,0,378.3106352718012,0,22.824848592899517,0
1872.5249810959704,0,33.70575673924076,0,9.873229826418136,0
1225.3637043418787,0,261.4926041232822,1,142.99074503649555,0
1112.068121105048,1,690.9670540166376,0,105.52942048883706,0
545.4813961812554,1,235.31825815431915,0,250.0,0
1831.8267552134669,1,351.1943992867914,1,86.45501398746843,0
576.8842546224506,0,159.4410545079669,1,94.0850455673876,0
1750.1061633856837,1,168.08512169057772,0,250.0,0
226.93505924629181,0,54.4371034791736,0,31.60749103841311,0
2779.093793465217,1,178.89092513216602,0,23.13009284869494,0
486.9555254726633,1,20.941436590114442,0,31.808029307650774,0
245.73331682695317,0,66.90093273125485,0,23.82665051980932,0
126.48933140663009,0,203.08784714431434,1,250.0,0
805.8541934797199,1,45.96587646157774,0,250.0,0
238.51552887431131,0,139.59704258747593,0,52.49491367896514,0
167.8393836254791,1,163.87038318596177,0,250.0,0
219.86824215676202,1,153.14798616094794,0,168.8188402879766,0
14175.689119241673,0,149.3974466225181,0,3.883058097966049,1
547.8621364198567,0,181.29349755075805,1,250.0,0
1057.3144593136228,1,100.57136783958104,0,0.8761655071637954,0
1160.837716215068,1,32.9941364489613,0,96.69610910491215,0
351.9632649104222,1,370.4008377738518,0,34.313054169419445,0
313.91100406392616,1,80.75082821490874,0,96.31803072794334,0
668.0682919679348,0,440.6564516690125,1,145.49269102018627,0
502.29845500593194,1,767.267081750039,0,29.200711063020155,0
608.6776016915651,1,58.81259963912009,0,138.35501525458324,0
707.3331034222674,0,223.58345486222836,1,94.38214606637598,0
378.5372451146388,1,309.4826658069833,0,143.81675294499766,0
335.9883198342156,0,129.30812972761282,0,9.470489294829896,0
207.69122175319535,3,162.45129140443026,1,82.56982412080241,0
255.7139800729892,0,133.48133965701254,0,64.66860616942765,0
555.9663301475198,0,707.5940127598814,0,218.39839620748702,0
138.03295493980838,0,263.24808366583,0,104.83089706708434,0
1303.8792200016421,1,307.07587609944454,0,25.90792841529275,0
197.4244615594786,1,224.97232605484652,0,67.60982339075119,0
4588.787749640214,3,67.17738557606627,1,17.61744844406816,1
1314.4196796385036,1,395.7200958200724,0,112.81625168879155,0
1517.3641539091673,1,234.3854476023189,0,250.0,0
991.2536504877081,1,56.83849353289224,1,4.6684474378030165,1
1008.5368182988076,1,245.54960291181442,0,234.8918193149986,0
241.2044883593726,2,307.34797168926457,0,250.0,0
169.429869118659,1,221.31273254511623,0,31.7054141901136,0
151.96912084140496,0,185.492558897456,0,207.20307388546888,0
464.05363178917526,1,71.263622289437,0,153.97866104681506,0
119.73194925684506,0,694.4701771356091,0,148.13096279060048,0
761.8920151614428,0,2239.720000465806,0,28.81058704035426,0
66.51532837718372,0,415.1614353651675,0,250.0,0
221.72762620031654,0,175.11319979766728,0,250.0,0
812.5111654940579,0,65.6883928963843,0,250.0,0
1736.1366959489255,1,144.40815304245945,0,58.497503336101374,0
1661.5945112819527,1,85.64209732899985,0,165.69303721817096,0
182.82975129858167,2,289.9689512524389,0,250.0,0
665.9792541498847,1,103.4854175010533,0,52.87022947721789,0
810.7427971604315,0,341.54174361440244,1,214.06595637934373,0
234.47254326577965,0,600.0956729112432,0,21.36079982305785,0
691.719830236074,2,66.88371137415129,1,26.070523695883587,1
216.08486828947932,0,61.450161002025,0,10.537634906294711,0
461.7030965904643,1,324.68336744229936,0,46.336688783582844,0
193.2920494602032,3,156.07315614861443,0,122.48434282225146,0
1483.4122654169514,1,148.54477594484436,0,231.38241455259512,0
337.69758450040496,1,415.0549069219669,0,11.160572439650839,0
901.3721328711648,0,304.8870101732287,0,100.77286849014988,0
616.8276198749458,0,34.64034077771613,0,69.8561910752171,0
371.6465461653586,0,196.36437211099502,0,68.97925259972118,0
2475.3029022583164,2,7.651583445174794,0,9.239136397567329,1
1076.2338851511129,0,176.14199991881208,0,31.64770673986273,0
825.3774033379002,0,224.47049268605755,0,15.486794347084373,0
43.15957418362244,0,33.82878282252188,0,125.09726122763726,0
296.14894287238906,1,1114.9328145037362,1,231.29806557312827,0
192.40577389459384,0,196.01933085326934,0,44.819674955703825,0
180.61534353606143,0,238.2763979094751,1,37.43119290488461,0
533.6583118897698,0,458.5830557393554,0,18.04030711013078,0
437.4376787642691,1,587.3890577790836,0,52.05069002452317,0
799.9865496362778,1,706.8965833063361,0,128.9172951091711,0
181.64685902547043,0,449.4769632553535,0,72.76415788263778,0
552.2242803750897,1,258.8018463889327,0,2.0310642211647796,0
438.60895494261774,1,83.15364962130558,0,87.30843908849315,0
635.8572971195409,0,608.6370917199569,0,189.12260147103385,0
484.01496254736674,1,1350.652108307269,0,226.8469492463108,0
1419.0499556173706,1,351.7368594747302,0,60.201868872294604,0
210.26798531518412,0,98.59238675232875,1,52.021175439768854,0
123.07270209370739,0,835.1768962941063,0,1.6130846043731468,0
1019.3894911832572,0,32.09020443526072,0,250.0,0
1186.953567616782,0,148.44454469613717,1,40.34347093174476,0
1722.3240980664057,1,161.08674072989314,0,21.69199769036968,0
92.09226345993704,1,97.27275978272104,0,57.067790240147225,0
712.7622032963279,1,47.70711812562544,0,125.49861548644988,0
182.07889452502474,1,278.59349060023965,0,12.96370069860023,0
143.6398832586598,1,117.59461519719643,0,108.79061693782255,0
945.0865265074045,1,254.3124666969569,0,91.26301164353845,0
528.9584948524175,0,229.08287213201044,0,124.64071940848649,0
3414.1130783857784,4,140.25205414842725,1,5.766071919894668,1
555.5254710418037,1,234.35436008809677,0,5.950423850064537,0
1212.3480236011353,0,553.7198641306112,0,143.69360625430886,0
333.6134137900826,0,199.043715746664,0,73.54758979006124,0
289.0851025414043,1,175.99805329142643,0,250.0,0
574.8946518334219,0,532.2325479310451,1,26.489784374873373,0
1544.518898488581,0,149.05756018605757,1,56.45077218459627,0
636.4643019506038,0,473.14151485515316,0,92.48090149854313,0
694.3781556533263,0,198.081965566336,0,32.50265265531594,0
4963.696617137651,0,43.58952106182695,0,13.733063993747049,1
215.98805679560414,1,245.9713732527138,0,47.30556140802419,0
8408.647427786862,1,44.68572297406251,0,1.8881380038368962,1
414.0202790208178,0,102.31920297692898,0,24.28837610517928,0
1360.0013245611751,0,98.88946066153399,0,30.31433844959907,0
355.16723324386794,0,680.7540977221795,0,12.450663252284347,0
1526.4801110511953,0,462.28990656644163,0,47.90421488579309,0
225.68315388168497,0,339.4017494213332,0,39.0521987079792,0
321.7806592854236,0,403.746252548642,0,14.042224548484413,0
1048.297764774311,0,366.9139670243705,1,163.6438581726476,0
312.56402572155054,1,93.30757011974046,0,119.78596653068719,0
454.78409429262,0,107.09947929667675,0,250.0,0
287.0353824883247,1,344.4230229398507,0,42.4348174709407,0
452.40173954898165,0,526.7185920092506,0,92.34413588224547,0
137.5603874613933,2,242.31568865817854,0,4.933528710037744,0
214.66388482663427,0,304.27764262125027,0,89.4529404109546,0
112.13732435477971,1,2202.891036877365,1,250.0,0
1736.9269389322455,2,314.78038548521783,0,57.278485889695276,0
345.58654037474463,0,205.64638101424742,0,68.92049394532317,0
732.0483623133666,0,75.61401805477928,0,15.947676571027081,0
2944.3009949571283,1,188.72924978702383,0,250.0,0
905.4610979621308,0,740.6130922648376,0,57.403023418260496,0
1839.0536323008382,0,174.6574090437742,0,101.12826787529546,0
216.42404400025475,1,1057.4434707580665,0,1.063196355494405,0
316.57753983353615,1,59.67787244637051,0,112.53903197629488,0
5242.721408038291,3,81.83805545656044,1,24.75569619069928,1
1657.0805870823262,1,67.80584975121023,0,6.70071280886435,0
119.78030598159415,0,225.53973419602738,1,250.0,0
431.5789045570645,0,30.932221797064994,0,32.500838052535016,0
362.1365767622368,0,426.15668942227586,0,19.779832418941808,0
1280.5925436518346,0,62.15914055471099,0,62.05961775921476,1
1836.9522959335998,0,78.75104453069001,1,105.63164115193335,0
126.67722477122541,1,305.3599635277384,0,84.31079628146034,0
1579.1311088914993,0,383.84211145752636,0,18.244170991976382,0
905.8926925345685,1,87.44328177751159,0,46.541953552155846,0
94.04001237792728,1,116.32337055145362,0,127.79206525569779,0
169.64693148666458,1,189.32456520761096,0,33.96637679047029,0
100.3413807808573,1,167.45089687844504,0,120.01647726064105,0
143.01459343353162,1,193.92790382585568,0,190.29843688716997,0
64.87157473312274,0,193.22046355111476,1,91.54159937330105,0
719.5372106657136,0,188.21153447290237,0,103.78790049693379,0
880.7135910340089,0,172.38582303835167,0,9.885858588623076,0
7494.291159917009,0,227.1561794352136,0,190.92428001024243,0
298.17956966889966,0,74.71478624934869,1,29.400427699216873,0
1355.6411977967225,0,101.83561433412044,0,16.96378894344759,0
400.60701625888817,2,50.880211780601726,1,19.12880420582639,0
80.88261493857834,0,69.85181689231314,0,250.0,0
1534.227580324675,0,167.1432852154069,0,97.98577537799027,0
570.7101427208471,0,88.5720612141111,0,56.22547094500734,0
331.92431559275747,0,55.239755977973836,0,61.47558327296208,0
1232.3463013846904,0,131.85761114189128,0,133.20987402628796,0
188.79013330752238,0,396.7954915786481,0,54.81205477040138,0
334.31617116441646,0,224.08288478033984,0,250.0,0
363.3592381850198,0,273.9026161809811,1,136.98981249886242,0
400.3613027755707,0,2530.2450852361376,0,61.17387357838466,0
298.50628614565875,1,229.89413684268553,0,250.0,0
11852.258332391059,0,86.44478873893314,0,120.87694263337721,0
89.54724191745218,0,53.85594701242654,1,102.46244741453633,0
199.0231072424983,0,327.4601900302349,1,41.619042602559425,0
115.46923665442017,0,396.4092777641662,1,83.25429518342587,0
337.1853246561637,0,118.9478128518278,0,100.76012631455562,0
1136.4041826615141,0,73.51218252787974,0,1.197463284150804,0
2706.6834957040996,0,317.12677310909913,0,250.0,0
260.05731392595345,0,104.60500987377668,0,97.79851925386079,0
69.20631255325229,0,180.62596875310047,1,114.8705299458436,0
198.83083811477812,1,163.3394519674025,1,34.307411426239234,0
113.57195284389275,1,178.51561918726705,0,155.25281262036518,0
296.01165804609064,1,1066.2168536387621,0,109.5178640923524,0
214.53673426061997,2,422.87687660400275,1,137.9124085886432,0
902.8698967798956,1,61.15779261590735,0,28.525868747409394,0
248.27083800267556,0,103.34839169373427,0,250.0,0
902.5755236428257,1,178.11362585643394,0,29.95038148095641,0
479.96659554565423,1,209.9050593530598,0,81.04397902912284,0
614.4333230316133,1,90.73111550051271,1,31.076640032157428,0
189.29519954855903,1,56.9525924495705,0,35.162069389133194,0
1458.163412213155,0,284.3097878815428,1,146.50602595824574,0
4694.365428793554,3,23.22943896061609,1,23.140061469448494,1
4661.500644218326,0,391.2818953304683,0,0.6399002917694445,0
388.0659029704905,0,435.41617036237477,0,41.13879350982059,0
1552.1679098915283,0,290.842795613715,1,250.0,0
437.16288073700696,0,311.8435472118641,0,32.25364123005129,0
742.8216012352261,1,189.96315720926728,0,250.0,0
1438.15158087745,0,305.6958306418208,0,103.95053506279467,0
1353.035081004782,1,80.15735678758027,0,41.72436670720723,0
560.7326693558749,0,131.49234388379097,0,2.8706333859931603,0
598.8874729975024,0,202.5397615226366,0,25.134663608325116,0
1524.0375985620585,3,252.48578601999935,0,114.89469238215246,0
237.87994971427122,1,122.48931847333604,0,115.86855994247864,0
346.1710638889019,0,451.8644007814897,0,250.0,0
837.0103729317864,2,46.9225889612144,1,8.001553873132526,1
256.05004309407576,0,139.82646549076628,0,127.40205255305489,0
1962.9449595815424,0,690.8969641458123,0,200.9665284930661,0
143.0665654235494,1,150.71902470364796,1,143.72702173276787,0
1200.7808494979859,0,91.16357546689078,0,72.1927161213712,0
287.4046412735317,2,65.56345360405673,0,250.0,0
1257.463586083229,1,530.8888876018719,0,62.078827587394,0
775.8234488555362,0,116.81255836171371,1,50.05485852284816,0
172.4004260686633,0,362.8187034629322,0,135.69943622816376,0
218.84193584845508,1,115.23896173339438,0,59.27039441761857,0
1872.0492306865044,2,334.9697744137816,0,141.72073604225002,0
183.4155992161815,1,197.2536544110784,0,120.41786013598367,0
735.3173594400906,0,132.98984263663775,1,10.432244550413388,0
1180.128967823339,0,362.9109857365681,0,250.0,0
236.4554631437366,0,137.83296728436545,0,21.58541047709462,0
747.6807143715724,1,234.96933272514372,0,13.271911893031497,0
517.5373403381944,1,379.8703779648247,0,72.70803158676381,0
837.8582185433017,0,182.63100968524952,0,135.99816920892408,0
1480.4459323586336,1,126.89794886780777,1,18.74347913150004,0
849.8763948021194,1,142.51965484689057,0,223.756718500071,0
202.43965413671899,0,75.76043919328967,1,94.61327028581029,0
705.7251982475468,2,354.2210908729215,0,108.13617409730321,0
268.5266021373734,0,264.82497125946065,0,10.16550385166188,0
144.04006747546885,0,236.52368678937728,0,224.9029323158539,0
1371.622271202621,1,15.019347909106473,1,26.378835536146617,1
1619.445926289592,3,46.39129623056179,0,3.9836288224321534,1
608.1200575912499,0,320.25784220100707,0,250.0,0
154.0374585833955,1,1845.0100638421952,1,217.34221942622017,0
422.9966873268345,0,327.7457021029349,0,36.71039801582879,0
8928.389745533068,1,144.02801293563766,1,15.232027554075248,1
323.8653077156185,1,33.034077430063995,0,7.267768093978134,0
848.633354447305,0,581.5006501862567,0,42.01998253720383,0
433.1947774569806,0,120.18600844958303,0,139.12661823732043,0
624.8562009881839,3,117.93957687497465,1,250.0,0
76.16098216104423,0,553.1939274859793,1,250.0,0
331.015222726489,1,1127.7859397850616,0,105.71794809375737,0
230.00448014704816,1,706.540926195734,0,250.0,0
99.67570188630091,0,140.86860138131516,0,24.047165614187605,0
399.36723556878025,0,170.20720608664968,0,84.46767489361478,0
201.90732459854613,0,88.18336340195057,0,250.0,0
3658.974921760322,2,24.1716736886774,0,12.065949774045897,1
208.21440104897124,1,236.82254996421037,0,74.98211097714025,0
1110.5655635351673,0,105.37558080482496,0,33.673344962657616,0
373.76850977392,0,250.65195202285852,0,3.124449689651805,0
82.91396343602102,2,80.51200359419389,1,93.08784577129485,0
1544.7465535180204,1,148.66474304103173,0,96.01835352932319,0
2179.859682086642,0,154.7295393230886,0,250.0,0
289.4810496045642,0,73.29678865599993,1,171.86361772789232,0
2531.577225898205,1,248.7286887761909,0,93.63170938230462,0
2569.4840013074254,0,36.765721338902786,0,9.027577663269186,1
961.5834514313194,1,162.5124668520568,0,102.44159825698803,0
102.73004421744301,0,248.77994644829477,0,64.92180890382907,0
614.3843514635803,0,129.09587009708747,0,21.33745733133419,0
191.380348599919,2,87.02605906202083,0,250.0,0
320.4231792035394,2,160.50489826015598,0,240.50743903015194,0
869.7085601944135,0,78.2141743688513,0,21.331770726208447,0
358.42454633058645,1,112.61901868660658,0,250.0,0
349.0743388135936,1,816.6412713898779,1,250.0,0
100.51955675590942,0,151.11375687807197,0,5.097773631691699,0
30000.0,2,15.002118432825249,1,9.663975776360505,1
1772.7990727904978,2,517.0003017938368,0,75.25715749174024,0
206.38950532868606,1,231.7287050282078,0,250.0,0
121.17642823211787,1,100.79163917156005,0,80.85975659013758,0
726.5592063907562,1,25.534390772093907,0,8.13871790942892,1
473.73374150342613,1,332.9922382778845,0,105.14420892885195,0
773.7913265605079,0,244.97559317790086,0,250.0,0
283.3459914367042,0,89.24747532941333,1,250.0,0
591.0454075594059,0,117.83594126804918,0,66.91544432052872,0
230.59426216271638,1,192.93953606136003,0,118.04066304786907,0
770.7534317312851,1,27.212939925335274,0,23.954634357514234,1
920.379085350735,1,242.52145316217457,1,54.22193079152736,0
345.8035735389028,0,461.179642858388,0,35.358932149852684,0
833.6013789698245,0,224.84652397391739,0,81.42743085515063,0
412.22308048676456,0,130.1857474133351,0,157.51951537290074,0
357.4914299406461,0,441.46268155816017,0,114.89523599415085,0
4605.423339413171,1,37.71107371499873,0,20.484176704535294,1
876.4382153839281,1,89.39600895460606,1,139.17271481469464,0
438.2623168485105,0,165.0587531485191,0,132.7389991747061,0
5258.105728750613,1,58.15709137397104,1,0.7837034466043079,1
81.74424148524494,0,420.5506572312882,0,33.03979438682597,0
201.0451311925615,0,170.2190189870914,0,44.10619299460451,0
714.9385482579976,0,33.66821681600827,0,250.0,0
173.377889277582,1,116.16557186529572,1,250.0,0
3504.9536124786505,0,66.19497147056386,0,46.73226249481273,0
68.74276747448901,0,668.5800922238947,0,90.54960117742485,0
2182.7456573880168,1,96.28879214369562,0,250.0,0
548.0414011486188,0,2081.0512047845536,0,191.76492370451192,0
2674.9482204934143,3,301.5923372590678,1,21.597871337566534,1
338.711454207973,0,571.3985105128546,1,66.9684938738632,0
470.3419394227105,0,52.050182623229695,0,116.4351915789857,0
111.03460000332005,0,399.40962730907,0,17.20330811165755,0
1127.016937894773,0,86.25672581752559,0,250.0,0
7178.13520135887,2,13.756294159110656,1,30.542961699662982,1
331.307021807944,1,105.12114508652412,0,250.0,0
1191.8284512406342,1,116.12668452737807,0,250.0,0
137.28378184940357,0,63.19843173365151,1,137.55854285582268,0
411.3755087772036,0,294.4181314836835,0,246.62183352604745,0
407.7939809631488,1,133.82718605292283,1,70.91956990942352,0
248.0286608301302,0,92.00284676302044,1,237.5509164055277,1
218.38645793655488,1,42.693299400787915,0,70.88860601091764,0
9922.280544741852,1,77.33838017024804,0,1.457338098101457,1
567.4684149852093,0,43.02336885162912,0,87.14049902690513,0
331.1429962540286,1,238.90099712787668,0,250.0,0
468.917854653665,0,206.1957037298007,0,58.44990191852431,0
313.3989894114484,1,1238.9612414206163,0,66.30028406716325,0
123.77941198915236,0,131.45224189134603,1,42.47120153484695,0
968.8118797984996,1,152.9225521809815,0,164.10542578534523,0
860.7580209463753,0,537.4479501310674,0,26.79558167947612,0
669.4668408960031,1,331.60188022589494,0,128.67673809649574,0
404.25117853394136,2,95.55539781088558,0,79.32286877842948,0
1768.7568154957296,2,237.14472802626366,1,61.207819266594186,0
563.149362206098,0,256.2986865994677,0,250.0,0
1701.2538741200387,0,328.7650690559784,0,37.39458088403605,0
1130.4808239898384,2,214.154771822252,0,196.08038315743332,0
539.2898165762364,0,127.00392978843885,0,237.12501206490802,0
1899.2051240667904,2,601.6595762409723,0,191.16716570977061,0
189.1225509856388,1,48.756382915403215,0,25.35696189615524,0
378.7578605405975,0,101.87217165770936,1,1.3262628954117732,0
942.5355226622742,1,535.9985204549913,0,28.770961234899705,0
1904.1252138700163,2,299.99285543124194,0,44.95666359102011,0
686.7263412504724,0,49.346022440229845,0,33.965723405625596,0
1600.6942561302005,0,147.57091031890334,1,97.79849903069115,0
756.822698106842,2,17.063144177463013,1,2.018858121749489,1
400.33856335700995,6,139.3934049372754,1,4.982286739386389,1
1146.8733679826446,0,876.3492347486373,0,250.0,0
1650.1055149720287,0,426.23908196254547,0,61.546554714539944,0
1582.920018971264,0,363.2034541332361,0,89.09592678726406,0
633.902262183346,0,268.9147983831213,0,72.1255009376845,0
129.2333627483682,1,230.08974947935286,0,48.3930611353752,0
159.74740195590184,1,650.2417068181712,0,12.308518434288478,0
860.1513827849813,0,265.39235835001654,0,0.5054927143661282,0
196.8697880529186,2,138.56493723004306,0,97.34840385056532,0
614.4066038411322,0,63.07652650133682,1,23.468275108603308,0
302.5409932560577,0,227.33474047845783,1,96.71888535911823,0
198.24302042998931,1,666.4139370463763,0,97.18873632044287,0
895.1038704254707,0,245.1764402919951,0,77.95459199145154,0
661.294018032646,0,259.5361652882694,1,114.62221855883604,0
363.21793985945123,2,448.8371447831533,0,52.11228326151341,0
481.4017443479995,0,774.4014989999704,1,38.79016539580829,0
127.97886176011544,1,29.772359602510242,0,185.32755370844384,0
1991.0447425700265,1,363.8452098284517,0,70.45286256186213,0
73.45398944048465,2,535.149156078187,0,29.63723686230397,0
1408.1898610538333,3,311.0677304305051,0,56.673490422137974,0
797.2009383547262,1,94.28682894957161,0,42.861344042081164,0
776.5890408618163,0,153.3090440263552,0,250.0,0
713.6978556856413,1,78.90451724191475,0,56.61886239840976,0
370.3643889600868,0,151.21982089354148,0,25.750719877248816,0
2994.7954415719787,0,70.60210598231701,0,56.24935461697415,0
468.2860611633524,0,356.2128894432778,0,123.12602661495245,0
1131.7218623514866,1,191.1854174754794,0,250.0,0
125.35619187236328,0,140.37351662462768,0,250.0,0
371.8638173872258,0,292.74376217614656,0,92.77832613331029,0
564.601741769812,0,213.97837512891726,0,48.989486099649234,0
688.950813864393,0,191.1500221598441,0,57.3460954370081,0
631.5556776640941,2,255.1456369137517,0,132.2144657113551,0
454.63471247316306,0,360.754790463432,1,28.26910352666557,0
1337.2690175236758,0,98.60513405459781,0,165.3112170233904,0
112.96364794874727,0,1108.1230207445885,0,78.5101469174716,0
413.09388970670517,1,255.53783631459478,0,22.54644337455417,0
266.61373892905607,1,180.99267298568896,0,250.0,0
1788.4058447849786,0,92.70023975549528,0,25.942805060087903,0
1005.0902346086856,1,664.5504277820756,0,88.71928384796014,0
203.4060120743945,1,39.87000263451526,0,77.48715001124135,0
308.3036052297535,0,269.0622047130397,0,223.63919149575293,0
439.6918490671035,1,146.50164489076516,0,26.432092463709612,0
909.834447454335,2,574.5267846659405,0,98.07129347196137,0
263.94165028810954,0,133.39672647421136,0,64.93714078821807,0
440.4959114378646,0,75.92153143460142,1,20.107361603152004,0
1014.859300311063,1,526.9612725227947,1,250.0,0
1033.8852114773515,0,281.27226795513604,0,169.38236298924312,0
1819.0444364313892,2,12.112310265119428,1,4.883336183814038,1
115.62709757316391,1,47.228964492200554,1,158.5480044360113,0
1972.9385835744915,0,575.2103589292719,1,108.99604864283864,0
1078.1628823133008,0,137.71437379064366,0,250.0,0
923.8251477378227,0,589.1465400229076,0,181.08093147839145,0
452.89840159487505,0,270.3803631861351,0,250.0,0
542.018658658644,1,416.93743268963743,0,184.81514958259243,0
468.48500031607875,0,142.61018501220585,1,118.53685878362305,0
124.79881404684134,0,85.89143425416455,0,33.62479392153116,0
178.71061164001702,0,114.36784152855748,0,217.85278650290687,0
880.4873793924571,0,602.2242378807283,0,117.20589476419478,0
5172.514854229764,2,43.343956811619286,1,24.8044154373548,1
716.0124393902411,1,252.86579155432992,0,53.53411449287775,0
697.6048229105223,0,26.198193712439213,0,3.9513075603442944,0
2230.7625898211345,0,26.148429862013256,0,1.3034880807187905,1
280.8072871251122,1,1054.9325806539334,0,47.55376214485142,0
379.60391935167905,0,1015.7436679484398,0,11.527551998661178,0
719.5230406663987,0,151.67902934205378,0,14.895939091631472,1
1550.4463320246807,0,498.9091928792023,0,45.8642586665253,0
2112.614330936947,0,148.6013728747063,0,187.15072453090352,0
255.81236631480587,0,705.3726609040989,0,250.0,0
1438.165546580846,1,199.55274669909556,1,26.601162615676866,1
470.3441146632536,0,523.2755638393515,0,13.43199130831429,0
1209.923246748859,0,230.9200525480454,1,30.391341220806922,0
74.18144360493162,0,115.25644396419071,0,160.6540777719087,0
2790.920086539212,0,393.59257883351586,0,71.80882687497625,0
368.01047591451083,0,17.913591312998413,1,0.6689118144738464,0
1892.3019678371963,1,89.31997649512802,1,52.39792207562153,0
2116.7495202631003,2,62.37824194774253,1,12.665480247462625,1
171.30323044870335,0,56.13541924019523,0,129.13322659670675,0
521.9293268580899,2,228.39503461898175,0,151.25859466228837,0
119.09825918534658,0,481.41909769076375,0,8.398913087415371,0
2113.9997938126944,2,97.4859400373936,0,250.0,0
748.1645255876385,0,610.0067135529534,0,35.70077920083077,0
67.11086951640868,0,97.95180944471515,0,247.74136076879117,0
376.49175512186605,1,18.98621408024732,0,72.07062252989165,0
170.60988227344328,2,378.68440432781034,0,85.97297514408042,0
406.20212321578623,0,124.86788414802113,1,12.290329357464248,0
1137.7334494772404,0,87.37914729805215,0,250.0,0
424.8252128113759,0,277.8429307163347,0,44.32647937595618,0
116.21478376489125,0,123.60397534224585,1,181.3226929739247,0
251.17063037499125,1,141.40813531541264,0,20.771524472486913,0
599.7652590821458,2,15.47265271432375,1,109.96123630781952,0
412.13093217128556,0,581.7613895678979,1,80.63077757407925,0
571.8669041907973,1,329.9329270834081,0,53.119026084996534,0
256.0883320069118,0,280.8351519498909,0,250.0,0
683.6382779614281,0,515.5892787177418,1,127.50779163768132,0
414.827337019998,0,93.64321671113244,0,13.373580461829869,0
2837.002162879746,0,168.13312619554003,0,250.0,0
1021.5814664412591,4,32.11013875829972,1,5.11609471054192,1
684.5384770629418,2,132.82955091544227,0,23.443489070419265,0
333.6438489604244,1,55.50459240448573,0,153.56386639226704,0
274.6960823485798,0,153.15066878869447,0,228.75740630176412,0
894.4430647280949,1,288.9788105597247,0,25.40079645471471,0
1741.1849397790968,1,148.24090563573645,0,217.55127562320553,0
2827.0617871844447,0,578.4654128078275,0,107.60179840188344,0
525.6382975097376,0,313.4643214398574,0,250.0,0
2826.4346790101213,2,12.908684853955885,1,59.07253625043337,1
1351.8472008678943,0,84.36472408111153,0,12.836619778174873,0
615.5302615026105,0,328.2077399819506,0,174.6948138044977,0
1291.7863143661864,0,117.04989574091105,0,98.79114164121374,0
1720.4879035650888,1,1790.607489230142,0,34.396910992168166,0
1399.373662350063,0,255.93126561853634,0,45.82622181850233,0
1323.7663166313139,1,301.9921984497088,0,21.501035586113833,0
583.1342624968624,0,338.4992491853572,0,89.66895872479806,0
556.3298000169572,0,178.98586511650083,1,15.208041285211143,0
2423.1746355032888,1,158.90317865810724,0,250.0,0
1493.3871179701227,0,63.68228958336379,0,206.28523151057172,0
967.7203091100313,0,120.09827596518465,1,91.6911613595563,0
2291.8200246122474,0,498.6342787842376,0,229.41154184847593,0
164.13865711372958,0,134.73132986743852,0,240.42289990839015,0
672.6168599641018,0,59.18195319124105,0,54.03257405473656,0
792.8676106041769,0,44.641219450006815,0,143.0950609581867,0
283.61151019216305,0,553.0053933291852,0,59.94810202400078,0
766.2869962609153,0,271.74736215421746,0,23.532419233941933,0
416.46761985201067,0,245.48536253610624,1,214.88268101012773,0
471.4789354936649,0,204.2748047295159,0,248.20384655150121,0
1112.6579530794927,0,696.9798360067375,1,30.628605348132492,0
87.68793637300399,1,1966.4828662701022,0,22.189459608594486,0
412.52120361568154,0,424.00777813980676,0,123.88591277181283,0
831.7384439311288,2,742.3246121746189,0,63.61993226889445,0
797.6282930855257,1,241.08110767916347,0,7.690897547263418,0
837.1141339893709,1,163.86468779008405,0,4.694412479348344,0
659.9200676968146,0,211.37516216962035,0,22.280887504108755,0
697.8918207317831,1,550.6005871843057,0,250.0,0
1635.6758226042925,1,109.68835184573673,0,166.57549283267554,0
50.54956485083965,1,198.21077744488747,0,15.46329124535412,0
79.38198876094789,0,456.76872874015265,1,1.2436504403074276,0
455.1826989155389,1,134.8130502653497,0,74.25138988246935,0
154.39205383617045,0,535.962894606231,0,95.51635683244268,0
249.476881407884,0,199.48828629280317,0,171.3121236033379,0
1825.507847019899,2,152.81042372719062,0,42.5756147981907,0
241.87624162005926,1,280.594961285775,1,65.31735049664269,0
165.90172575451774,2,131.6422190328538,0,250.0,0
2034.3517374035746,0,270.5869463987296,0,168.35420734270681,0
190.04582503044793,0,141.15589948182176,0,191.24158056274254,0
4712.432065084458,0,53.916356727172925,1,42.68269773037018,1
1353.474835715621,2,71.40795213023976,1,10.673171273551862,1
349.33064485130365,0,426.44426237935375,1,184.8698301730281,0
186.42129426175137,0,66.11165424949853,0,91.20884378084965,0
70.33200039352748,1,308.4392349975089,0,50.97853084069167,0
914.1925207519174,0,84.14526535230534,1,76.42748167856097,0
671.5291941714719,2,73.45699107573601,0,89.7105735829297,0
314.3918787349549,0,198.2905275441258,0,42.013417670934494,0
93.42951737048044,0,166.68936198986364,1,6.757593921172407,0
885.9397548028401,0,126.53610289830736,0,64.6524094680897,0
363.3237968117686,0,640.3303082636154,0,52.60296905523711,0
301.4543704715489,1,132.0109394834434,1,177.54670942100628,0
1542.4428688233781,0,100.96168380069865,1,133.95026190619708,0
451.348999006178,0,81.71333896080735,0,121.57239587411227,0
847.3517573059659,0,142.30678963454696,0,87.78964814449938,0
1073.8534034860058,1,199.18173099675923,0,201.7685476526813,0
1076.1896171183944,0,405.7395448483053,0,18.913584767563847,0
438.0319033091277,0,357.2518636335317,0,250.0,0
357.5404085789402,0,171.65207770112264,0,6.679875988155205,0
627.0250975485282,0,90.60538365535899,0,250.0,0
94.01821222555651,0,36.27911582421275,0,38.82619131451435,0
614.6225998538459,4,31.033512113524544,1,12.703872550264467,1
1190.6290027671387,0,171.36719963852124,0,218.53285120781527,0
487.04055915970457,0,326.49101603312744,0,171.54425313750778,0
3316.0981459572085,2,260.99646826852694,0,192.64286372281617,0
675.6872629359948,2,39.10271936158483,0,23.810968397457025,1
732.2091007369427,1,113.93693289406168,0,83.21693637956106,0
372.5992218576259,1,499.568932519593,1,96.2218239729606,0
957.084036408708,2,549.9076036203926,0,31.96927355484757,0
43.98621141572345,1,41.97332520031996,0,250.0,0
706.5082409068198,2,242.5814736625428,0,141.78489192134566,0
721.7642753288496,2,258.76154083552615,0,84.82496717770925,0
649.2247702838088,0,256.7800279528384,0,58.93262863571968,0
104.49236984613127,1,79.85948966353442,0,250.0,0
104.03373426215119,2,122.4333814751046,0,57.9094134067984,0
783.3484274713081,1,529.7825251929295,0,113.33068816378015,0
826.9128587802523,1,254.83354399992322,0,250.0,0
404.74845799360565,1,116.91003100304658,0,52.84367628503441,0
2046.9816455794066,0,30.94800498136787,1,16.63175953941902,1
948.9422254043885,1,172.0771043299482,0,250.0,0
317.5580438213301,1,90.52346915642595,0,117.903578015314,0
2075.203739729997,2,150.91369065717905,1,1.4180993810790732,1
256.92874071619786,1,506.2859355228155,1,108.34429030064167,0
1259.3112528114052,1,31.3899739935469,0,5.803995247974926,1
394.31353618371895,1,167.53621088665847,0,250.0,0
243.0333209541793,0,230.41835382282756,0,250.0,0
114.58367078974845,0,100.07945334332865,0,5.574882895416291,0
253.85716939294574,0,53.66681004608503,0,100.57283654060619,0
10222.94388355459,4,212.64952450235313,1,17.561707374817374,1
331.3706242413573,2,79.44311818882122,0,21.523185400862033,0
558.1297019005301,0,188.31204556989337,0,139.8736521192776,0
324.02018196241926,0,278.29812832226446,1,66.19598415781911,0
2196.254738301041,0,438.4699808411277,0,219.97011375522615,1
183.785013993488,1,165.8439838813325,0,159.79339789530042,0
784.0616535916967,1,213.88514797688936,0,104.31593463366593,0
565.9235264974747,0,595.4811467970858,0,250.0,0
655.4302907464858,0,233.26412926974044,0,65.52486232883578,0
856.9640078858288,1,134.87589795636598,0,175.67521803548183,0
538.3577046290611,0,155.54222187845454,0,181.4034218617422,0
1020.8100437883771,0,137.49659855144714,0,19.91611530486183,0
109.12762273527052,0,205.2166650284175,0,18.649147051511108,0
40.0,0,52.90427890871403,0,18.156805993654626,0
140.57958686752406,0,573.5464121577199,1,169.52543462089355,0
205.05351110017295,0,494.39478275106416,0,49.66853131886071,0
1249.8657802683713,0,305.5001588503878,0,57.967209622450376,0
816.1796064950476,0,186.39587954177898,0,110.21123768111929,0
430.69705388396784,1,104.1029430013605,0,181.16598170863315,0
561.5062116629755,0,174.40063366210322,0,149.6955201715237,0
133.30555076626365,0,2196.4304903830275,0,132.7119706914309,0
1658.6532881292744,0,115.01220414348187,0,36.91066442063659,0
352.45191143698025,2,181.5986910532187,0,84.6036266644098,0
401.72895839528695,0,61.750686492193864,0,64.06177557036818,0
435.1296979292755,0,148.88288359196974,0,140.37326881314942,0
183.01219615503214,0,538.8720558037722,0,142.4296702658241,0
456.74874974625993,1,718.6400211632841,0,224.33476656578003,0
292.6734793485655,0,231.43390897146116,0,250.0,0
97.37137979301589,0,174.5381491735336,0,32.900755439604836,0
4091.6729103502926,3,78.80632340324784,0,8.852113554692702,1
863.5015772538509,1,418.3267077440306,0,137.58109394192076,0
851.2607496118125,0,89.09395977362236,0,7.6537232943245534,0
426.93658516652397,0,168.5882649422401,0,14.300986311758752,0
1465.240754037628,1,77.24337137960593,0,95.0029428984418,0
372.98549122700973,0,512.1126228969634,0,144.22588058570702,0
318.3960195879061,1,212.88710910551626,1,108.61314661704323,0
570.3191944241064,0,91.14291770779928,1,144.1319497265335,0
902.758471845564,0,218.87071663435043,0,37.31562480483356,0
1775.060748144935,0,111.9667014207691,1,16.518610580455327,0
5498.277854054709,0,94.09628940085501,1,10.00872617471703,1
198.492234876893,1,106.44730691364073,0,116.54071884383545,0
3948.4137332347314,0,35.50795845766497,1,14.43584591053768,1
327.20094477793873,1,309.4041277716394,0,44.21997253402115,0
886.9348538876801,0,84.88229974452675,0,60.42977636189895,0
1951.6468497580397,1,182.26246861952427,0,5.274574242291835,0
1364.3281576521542,1,309.510480943089,0,90.92481285645674,0
1105.2540384866663,2,33.1321275938894,1,8.213110998525849,1
1554.5703587824803,2,402.7596301845387,0,69.41298367148089,0
2674.5632513297205,2,217.01455602811566,0,94.46078684682978,0
171.87629089995536,0,66.4877857246629,0,127.98138542439702,0
54.68329092155589,1,109.49525322652768,0,250.0,0
304.4407967911081,0,89.33250873554181,0,5.957010861981661,0
329.51047657690134,3,100.15631461110839,0,174.70517370748706,0
846.0139159656451,0,273.80677447105853,1,67.12255456055703,0
326.26560800157705,1,161.89667062593654,0,23.394855897977127,0
446.4540987317996,0,125.28929555233086,0,12.863769499479833,0
731.7236335239414,0,47.51756454842377,1,250.0,0
171.94187203727822,0,234.1885595925568,0,194.72975882175308,0
431.3042565342724,0,45.556157231970474,0,223.93920946192827,0
392.10754120850805,0,168.34639320239359,0,21.28383834934313,0
1042.0628313797358,2,294.6291368872428,0,80.88678215014791,0
427.80187577134166,0,184.8948863513556,1,189.2064297582837,0
422.52244385118206,1,309.3804923438946,0,174.84103143093773,0
282.1555161726736,0,102.38799947836307,0,16.63590528442534,0
666.8895586819949,0,500.7853713007284,0,165.07311249543707,0
437.45401937722545,5,48.69206841651817,0,4.376014797553325,1
1033.058853042472,0,105.62163561457045,0,67.23159318982039,0
419.45894757536945,1,36.312681614733584,1,3.5806634671534563,0
537.4839824074875,0,781.2018333579739,0,154.3033893663001,0
1029.86793052541,0,177.00491829755657,1,89.11347244559036,0
383.9125784167455,0,145.18259568815853,1,250.0,0
936.6420346327095,1,50.138140657916864,1,85.8420251172588,0
3112.12789403895,2,209.1226638650725,0,62.42864496169104,0
344.33689286890177,1,1527.50386397838,0,69.75065449226976,0
146.5961491667842,2,589.8559611054711,0,123.78123858288888,0
314.57763401416236,0,293.9554263529162,0,17.04067164426253,0
114.55881778199728,0,495.7757572580955,1,250.0,0
3063.8022145599834,2,360.6572480542454,1,165.1697493254923,0
3177.786290114866,1,54.57963633932293,0,93.25840527191126,0
191.7139145038778,1,234.7477568892721,0,16.411990665118907,0
562.8266862732403,1,340.4343034779198,0,186.30904558574164,0
240.58109201259214,1,804.6203362623503,0,50.08656139289997,0
859.9048003270703,0,210.43844411614282,0,110.29304771415799,0
1191.7066412255667,0,397.46564768392676,0,167.00112259657595,0
197.28019178460596,1,46.35733070632427,0,224.7390983151592,0
757.4747463863804,1,79.5160949795499,0,23.757704116528917,0
277.5744061363421,0,112.3034744096937,0,250.0,0
216.1838604674598,0,274.9987806786611,0,44.470316034390244,0
299.51645164496244,0,183.0020819023835,0,31.418534047764982,0
563.1449089710753,0,857.1343331166328,0,250.0,0
140.94019146412506,1,273.9872414470543,0,159.86540525602507,0
584.6384824471982,2,54.29374379065909,1,211.7473540107375,0
152.2537832792863,2,647.6342429676679,0,250.0,0
114.00525751444448,0,150.58667261046463,0,250.0,0
1712.3677145871761,2,97.10784303168462,0,250.0,0
2939.78636887911,0,117.63472233731783,1,99.51500362482756,0
448.1234665178978,1,35.716011234496,0,70.37233056709044,0
352.60606569713354,1,59.730859200395386,0,37.288694006124494,0
278.96397684885886,2,235.04853823094476,0,31.52142147787791,0
187.16211035801928,0,38.714474602171116,0,155.90453367193263,0
828.8941799635204,0,365.47110333329175,0,70.39558644409486,0
109.93775448375946,0,274.2388866266522,0,99.45040003292038,0
2875.971913906631,3,23.72685071027859,0,21.60382426697761,1
381.2604228269774,2,22.084953739706503,0,29.43480571022703,0
10142.29712475347,4,54.63310000205095,1,8.49977973744706,1
393.55481604506974,2,195.2020343583288,0,67.73390937638219,0
51.987220045332165,1,47.6418264110173,0,250.0,0
217.62599675680445,2,270.33549188645816,0,5.932048090107569,0
1270.5902976753553,0,1433.1922888627266,0,46.193529750228926,0
337.2062640136065,0,87.86956527781288,1,48.75654001384944,0
1242.0852054908498,5,21.690630777801612,1,10.490816210979807,1
219.15210602430642,3,134.28136924503326,0,27.13769502478914,0
180.8350349557195,0,241.03735818353672,0,204.51641617376697,0
225.65119100662827,2,428.3828836316155,1,250.0,0
315.6235733072289,0,638.7143440890496,0,48.94860911019164,0
171.65255342024201,1,115.22197175044019,0,92.03378375802853,0
520.7061530130214,0,443.31624083867763,0,83.31421720376164,0
151.675817405253,0,449.94829844533206,0,85.1984962014617,0
270.926348276486,1,513.2013526732999,0,17.550659339323385,0
426.8899308268769,0,30.21554473881571,0,95.40983938546421,0
512.6134765886633,0,87.54651139415776,1,230.2911199457471,0
40.0,1,81.86279946175972,0,243.2486544666118,0
275.62781775227097,0,402.7118561538586,0,178.97021950233716,0
179.86357310137913,0,244.13613330864885,1,183.17465547698419,0
668.9143900981913,1,232.9844272544211,0,4.99105650024413,0
314.56316959625815,0,415.5961785739099,0,22.775029219125773,0
575.2306919680082,0,84.33260999167376,0,166.90182733693663,0
3755.296670357286,0,692.438175122221,0,17.344808515714483,0
4595.466439537687,2,39.167827221373,1,22.59471429471038,1
1759.3168516001201,6,11.22212858617263,1,0.8414451063587425,1
280.0759921575972,2,114.39893647723474,1,44.09207526811057,0
266.2322570518741,0,538.7079978692013,0,8.26295632590191,0
122.12136156064906,1,465.0650422649886,0,139.50969834747997,0
730.7053990042431,0,20.845203287462745,0,9.849602299771918,1
3389.484674660964,1,266.38313063926233,1,18.521023737783135,1
1408.8281693682738,0,54.866317071996036,0,72.96079368357559,0
260.10579651431,0,170.04337431180747,0,130.44415075357293,0
4104.70214490934,1,440.7389826625026,0,38.97179570287625,0
430.3031419261031,0,159.41428507979717,0,151.44936721141298,0
401.20384258147607,0,38.693618161352234,0,250.0,0
478.5965318278877,1,408.63739509490074,0,49.0955948666461,0
1211.805210048954,6,151.61264248982638,1,10.788878555840434,1
109.57470566641531,2,910.2813696247865,0,148.5409887563746,0
90.3882590597756,0,623.0819611161016,0,124.63165652529915,0
108.48879914678294,0,751.978444812916,0,108.12606639153063,0
319.49024269803414,1,118.06451306752223,0,12.72573080060248,0
577.0736163797027,1,147.81071284431113,1,16.5666788272787,0
1225.714938588623,1,536.0838991967572,0,164.04860770024987,0
998.4372162307506,0,119.97211996191369,0,210.18357989209144,0
83.94292932503534,0,469.45996544636694,0,79.23252330295662,0
2311.5481991556353,2,136.93315245938547,0,225.1678288523544,0
1054.1954597686176,0,454.5986826756612,0,48.43469632597033,0
103.64626701024713,1,30.46264230005721,0,7.742013198388769,0
1152.3251476409337,1,142.84476196197986,0,18.925452933008785,0
234.82184731016577,1,791.1216399872433,0,250.0,0
3388.522632749936,1,94.33717850280374,1,57.11843790500669,1
143.0898488893425,0,252.50750924395334,0,174.99595327140963,0
4012.5193089807854,0,478.82210098495324,0,156.4669734106829,0
447.8324695085927,1,279.6053331401166,0,37.75541507142735,0
849.5075968327014,0,74.58120027246521,0,187.81031249427696,0
2122.7834045082454,4,66.84866811414817,1,14.560467732629295,1
179.18112844081398,1,204.73561707852025,0,1.1674527431637391,0
1070.2472581267298,0,68.94545641194341,0,1.2898435619290933,0
1912.7672199603899,1,488.11860878264906,0,220.11725973729892,0
767.0098196653978,0,83.30304682477666,0,24.513478732228933,0
285.1043212991911,0,512.2104927216427,0,115.95544363213361,0
632.5049371018979,1,239.28503889794928,0,97.38223392994965,0
1071.94230166938,0,350.3501681028605,0,181.5770836589037,0
278.0518368711782,1,405.01653087932226,0,45.522546591373796,0
133.93275729672956,1,310.56066212173937,0,83.37118872672016,0
542.1070250414684,1,174.7563023908009,0,229.29021767287242,0
826.866929205449,1,319.92228857508786,1,76.1293275888823,0
515.8674567783662,1,103.12661479291712,0,94.49342297804154,0
1888.0828675904256,2,125.62987055372122,1,1.8614038863518312,1
2518.9754358580226,0,45.813069249894774,0,16.623427553167062,0
872.9807918631617,1,479.6894734053617,0,86.3138752405791,0
675.4538514634328,0,217.93034636924875,1,96.35936735426573,1
295.5208046655719,0,132.52765703050028,1,220.60815527131007,0
142.27236322787797,1,154.14661614324658,0,34.77153458426346,0
1102.7522716185324,0,128.38011061988294,0,4.5892704408415455,0
741.7673778404013,0,236.57779356830346,1,138.62204188987474,0
171.72863239908153,0,65.74315934520317,0,67.68563032813913,0
137.12031171753014,0,91.43553138012834,0,53.357697276841904,0
1108.016127827206,2,289.0454610575355,0,123.84704519176319,0
1624.7231476849047,0,664.8189512371038,1,250.0,0
3948.448552632799,1,90.61734375630193,1,13.182100128196785,1
277.83158036020063,0,212.10933180807638,0,64.29698511508549,0
1460.7559222798259,1,45.90846395797439,0,95.87177064342052,0
672.9616444427259,0,102.39397750404491,0,43.04051427470375,0
196.2275206777445,0,123.49487280354256,0,250.0,0
54.668858944042455,2,109.23974920578908,0,9.409756057210341,0
510.34330074877005,1,121.75581489830415,0,30.940987277819094,0
163.07001966010588,1,627.8246712011442,0,250.0,0
194.69307106348265,0,245.74105812533116,0,58.08137866254489,0
720.3217148074801,1,141.65511060382238,1,92.97840882688871,0
428.1167769532734,4,415.6508395787605,1,13.312569651224821,1
575.1429345658757,1,912.7770765578633,0,162.13361116497126,0
2617.9581710352927,0,174.80029901815993,0,193.6079598130451,0
1049.2506992142103,3,91.76738897373791,0,250.0,0
778.5054270455743,1,223.52349173410153,0,6.67177039779031,0
67.99233129440549,0,278.03508938778066,0,45.025536556749735,0
1489.056243379506,1,53.97878776407207,0,2.6378333088946477,1
84.98626453902524,0,323.9750602993885,1,250.0,0
678.3180548795954,0,149.3457118522513,1,6.4824868624000915,0
352.1956804736588,0,140.30766731648572,0,75.00699834562008,0
119.93635017624457,0,204.53738223477674,0,18.005904144941347,0
259.4154071439483,0,60.512551085740384,0,58.66572520403198,0
297.0067656546332,0,216.80421947872526,1,22.965632633726614,0
628.6299138362158,1,178.3084505530822,0,234.37021306605996,0
4203.336228048909,1,113.62884965921795,0,19.320882306717838,0
3369.4137189000885,0,118.96242992741124,0,79.14913116227069,0
1494.6808468617323,0,69.17111295296576,0,45.40880368458568,0
589.7701996294761,0,30.75879704259357,1,76.87661524667915,0
566.0622515404266,0,236.6993037180612,0,33.77331796374722,0
372.8050861085038,0,320.3407705599649,1,10.48618485921313,0
6908.696725289674,0,234.25416580884195,0,157.53375425677547,0
133.41296054280042,1,46.94308447704161,0,46.04507034233332,0
821.5092779858893,1,107.85644659394396,1,67.33952484002296,0
510.57049593078966,0,135.25478689440772,0,8.952403259168925,0
40.0,0,944.7735014316097,0,8.124408344024319,0
774.2091417400446,1,66.0928181904957,0,53.616873038850926,0
212.4109760815168,1,445.8007093099067,0,20.66402602807409,0
468.2213290114662,0,45.57525307854469,0,214.0463717932658,0
187.38927144150395,0,276.0887341012188,1,92.11385811694983,0
338.4456493977897,1,194.2766597138783,0,216.19712956299676,0
202.62658840184318,2,391.7050970217934,0,51.81011066116023,0
1541.9853701951984,1,114.80247974908457,1,0.851713860306436,1
247.32145057792997,1,140.0833639891068,0,99.53783198852476,0
157.71978411623127,0,167.60800002157092,0,117.5228892445762,0
138.58139119279198,0,220.6688542271706,0,28.412614268723686,0
292.1115711624301,1,78.10700748785206,0,64.96150855949341,0
289.6320801508035,0,258.9369120761567,0,56.79891013849227,0
76.83232652026268,1,1588.5420428318487,0,43.716789481374505,0
251.71245746772934,1,36.47616533826149,1,216.5021986328436,0
653.7257597921833,0,181.66811633459272,0,56.71482958723645,0
596.0096381046831,0,132.05673275134728,0,69.92102428384271,0
151.22976914020705,1,265.9375120063021,1,148.7812093492324,0
222.778610848395,1,951.1859666467755,0,19.88430749544578,0
93.81428779623613,0,206.68782774959988,1,0.9313221279934123,0
786.6337493047519,1,61.31203031077071,0,250.0,0
441.2196071605422,0,291.07068329650224,0,61.80003158886235,0
839.598590562146,1,113.85724973634099,0,90.38252719289586,0
231.95564647659887,0,734.9497358722452,0,13.764424678441582,0
118.60198982422358,1,213.32979438152623,0,61.022567510542956,0
1637.513232549537,0,120.22862856785274,1,9.416216505291763,0
431.00254420900427,1,216.726493807192,0,232.04632562785875,0
2093.5262719212624,0,846.6513513284503,1,62.508271546679815,0
727.4573704350015,0,126.9540203493657,0,10.27576999996868,0
815.992847152515,0,84.84724148079991,0,36.056622257203436,0
256.85029839908805,0,85.31030839795768,1,38.376481104753914,0
2599.147042126865,0,53.02035831891104,0,92.7080530933529,0
722.2235960666571,1,178.09824753262555,0,250.0,0
422.1568796338172,0,206.13835416517446,0,96.65950493888771,0
1840.3230889527179,1,923.8917414091635,0,49.090534900802496,0
2130.494547741171,2,676.6737298536054,0,2.782081452024715,0
233.6949106025367,1,211.48905545593632,0,181.28246807639164,0
497.7754729916718,0,301.00689421836165,1,149.54874478515453,0
56.61444398721562,1,152.33968643356158,1,43.63423326655454,0
1350.7822368276686,1,29.100406929311344,0,26.282061626962086,0
1493.648947389916,1,411.6185841899126,0,250.0,0
217.15974183770263,0,48.77029136921658,0,107.32279411557448,0
684.0852318983829,0,21.432768016376578,1,0.032865330672620395,1
282.4949864009581,0,76.07458495779929,0,14.33972053937816,0
994.355413183085,0,72.58739006645587,1,15.769640255588818,0
40.0,1,212.6245917835396,0,250.0,0
2238.3671861253765,0,964.6265496884845,1,110.07651314763986,0
960.6408515149288,1,341.4041309494826,1,59.42927666947144,0
676.9511828119954,0,41.097231663388314,1,231.01277223808228,0
2889.2215656788626,0,108.76848377409601,0,43.925374656356304,0
984.1776392769124,1,154.23651527004085,0,250.0,0
1070.2139039919487,1,289.69597066633435,1,23.67183349328302,0
504.8096837310376,1,600.0556223606085,0,81.24167134009332,0
267.59526452719103,0,154.0891613977008,0,250.0,0
335.18372961755523,0,273.80267529167605,0,7.436462531174814,0
349.4519731831717,1,100.72643449382369,0,25.161552935607315,0
693.5629690077445,0,254.51267250643517,1,7.884386895226922,0
626.9985082722407,0,215.63011028809535,0,125.64872944123626,0
62.51544916929045,2,73.68371206908627,0,42.865461122633576,0
936.2543202404954,1,248.55550942337442,0,219.7486130036249,0
789.5952360098217,0,1102.9236156611644,1,7.9037577335295275,0
159.65037925458225,0,251.4769247359266,0,57.73006000943758,0
1511.0692284312638,1,230.5686548671379,0,3.8732965106965773,0
344.75500994884146,2,94.8099364786538,0,13.592844155699563,0
907.6084423521706,0,46.06927364515771,1,76.90649429479546,0
942.6171937234501,1,1201.411639150457,0,62.40572905731779,0
357.1614437207342,1,110.89487125307559,0,20.656977325876465,0
1553.7203832589346,1,412.77594879167555,1,45.72990337803746,0
65.14780176226292,1,167.2364074070363,0,67.35328526272855,0
704.5485820097456,0,320.51709227659506,1,44.78602839181835,0
2212.2142509686355,2,312.81459354232277,0,75.93530953890652,0
373.639304497313,0,478.30284196459957,1,47.94864890037414,0
390.8249202156479,0,274.4654008791335,0,38.26451091463871,0
60.72975916528086,0,232.6208327678693,0,29.395220849578656,0
726.4161945404808,1,87.74841595728151,0,52.4633738136858,0
120.32752491506251,0,272.02497246209805,0,82.78818097977351,0
898.3229908922463,1,149.4481846918145,0,250.0,0
426.3123982441293,1,15.024372387878328,0,89.5793937227902,0
1095.8571109353982,0,202.23475213580713,0,19.930662475041668,0
1941.1711399682538,1,107.97671619274512,0,112.20872996270683,0
432.8267567160226,1,166.75897442054818,1,32.953490492093714,0
78.72398745106578,2,167.62176081147243,0,123.89384546888877,0
591.6261057910896,0,218.90731278516515,1,121.63295624951006,0
1163.2873560962048,2,60.72958494275518,1,9.876619021298488,1
257.5195905121326,1,439.1651417727708,0,58.94536758690787,0
100.74444935328756,2,171.64429857607976,1,139.15268075531128,0
380.055930128916,0,284.43739200723905,1,2.450149371043102,0
957.6662725191943,1,131.22538194732465,0,250.0,0
584.0589776789997,0,86.13893441652712,0,15.242811088762894,0
258.28815936360024,0,381.31120449441784,0,30.301833583525607,0
516.694976059647,0,55.172648810438695,0,98.05889998582418,0
797.8329915338818,0,107.79465610942735,0,30.833471494676644,0
96.71849382319999,0,678.2054726898816,0,181.9399004995834,0
197.659441954668,0,141.739175986954,0,91.16004034697872,0
1049.4104685547536,0,100.66346655893348,0,38.66663272761303,0
704.4305369435932,1,62.46874671362674,0,34.44604691543509,0
205.7195166121282,0,270.1737581752749,0,14.491408957313965,0
1475.6915044432872,1,56.89218254812945,0,30.039688569251506,1
955.3062981730168,0,575.7736274291336,0,61.174248065173074,0
755.7113909577681,0,87.2962044166205,0,138.68133483693188,0
407.00435065134957,0,639.9245064856568,0,179.9775045154865,0
293.82451755962734,0,302.0918447435312,1,43.73802440722428,0
469.48146113134186,1,52.1956181808204,1,42.07791814752332,0
350.18621245435963,0,978.3778019065126,0,130.26416776409545,0
252.37219392607062,1,248.27210714510252,0,250.0,0
843.9083311997733,1,41.20405725278049,0,250.0,0
159.97006814255445,1,65.61754184289616,1,6.819351139948062,0
119.26108349108131,0,174.27172431906638,0,250.0,0
249.27097775249464,0,242.68297968493425,0,77.27476070017559,0
428.45825382079556,1,152.57936962835535,0,73.64340787593322,0
694.8327897358856,2,295.0294045316822,0,17.139196482427835,0
1609.7565705741124,2,238.36469869729106,0,104.70024823520315,0
1002.8536039363446,0,90.06911729478519,0,43.538245108675966,0
509.2747206485478,1,218.944809598593,0,17.72599779179861,0
110.67045431064315,1,127.68846455544424,0,105.28050336546359,0
172.56750220704197,1,172.2763950931139,1,46.71194174536833,0
40.0,0,311.1572146964808,0,134.47806416501817,0
2807.9272916429895,0,298.06276898217357,0,53.0364036667737,0
1150.1334192569097,4,48.03790305508672,1,1.9225596303236017,1
424.20013715606854,0,103.8075852539818,0,250.0,0
674.6741959548085,0,99.23139271271582,0,117.14810643859389,0
845.4423193442121,1,281.79497111355295,1,108.01603913498283,0
189.3409582865974,0,900.0606425082935,1,145.0619164180449,0
630.1480391257038,1,313.1394230592048,0,37.52303418693447,0
555.316862275334,0,173.4508543875498,0,76.10142439083712,0
770.7491930267383,0,122.50350890646159,0,78.16228025605733,0
1497.0845564138197,0,1181.700596007751,0,80.29611077449388,0
1614.5702550578908,0,110.01551783216237,0,190.8446396196691,0
376.54841825006383,2,298.24423163356096,0,22.851950734214615,0
370.2830438790958,0,1013.4205390498026,0,102.72589521334545,0
3401.0415006906696,1,489.8783199174379,1,125.40809945011179,0
2652.9560988651738,1,420.97188025071733,1,115.31832922975615,0
1992.5998424858317,0,103.26364951081288,1,10.056754127723387,0
87.22691769800582,1,141.66710321756054,0,5.591993346596002,0
467.70076750261643,1,96.95641780238631,1,63.16951893868313,0
242.97401283897761,1,37.91789626284541,0,197.53693175922768,0
95.71880226162911,0,491.73651412724945,0,1.1806903990540305,0
236.91581379628093,0,227.35876778818584,0,76.83393441364814,0
361.2666870359824,0,196.1905908765881,0,250.0,0
304.56461292824406,2,271.7542916123621,0,2.0054335385027513,0
2779.131479458381,0,342.962775170014,1,134.0724771330529,0
113.43594381349016,0,79.5913777779486,1,212.78679615561197,0
1010.0906238218283,1,267.37531270008895,0,83.1360043589527,0
1294.1807763186825,0,122.33130418696449,0,51.55590401240293,0
181.69157336119954,0,646.0983490037737,0,69.93951209720669,0
116.27739702728337,0,815.1533235762507,0,9.89587950260715,0
86.74856646526804,0,323.36022188306146,1,52.04773237312062,0
344.34379926085256,0,226.4111436884534,0,0.6345122491806813,0
819.6738006146114,0,551.9850760697893,1,250.0,0
3613.5955100433744,0,186.88980210493773,1,46.5535282079786,0
6427.606750564853,2,218.5924309088984,1,3.204182751401409,1
55.24603787486306,0,390.886316874039,0,250.0,0
142.7944744192808,1,11.32737512586738,1,81.51364326681194,0
162.3066419164626,2,433.2418087951946,1,110.91642571032554,0
98.19284509402384,0,32.308385362613066,0,221.267313059948,0
469.3840399618801,0,133.22906175920224,0,135.26228270717127,0
1319.5117706893768,0,283.2039253294552,0,114.87485421765882,0
566.942314252267,0,1961.633124293943,0,4.317603631754378,0
120.80684813181183,2,27.391171761636674,0,250.0,0
186.99749402624363,0,87.36193562124922,0,20.48285227127836,0
310.7152733634037,0,95.86696324812202,0,74.15907852767991,0
884.3511532356372,0,606.0352253595024,0,215.10887071141357,0
1095.8381031661102,0,390.49839223253304,0,84.91381824383039,0
160.78301764277765,0,271.3581615166154,1,141.16903084619673,0
1255.2429589895921,0,245.27197599323287,0,185.00589987477832,0
685.212901786798,0,287.40345317453483,0,192.62437564762112,0
594.3041998416421,0,252.22215584635663,1,71.00966593873844,0
736.2314170905958,1,1920.191739258351,0,16.582703485389523,0
399.6580300812502,1,367.6880596771418,1,120.14432978002954,0
148.38741941751806,1,102.80168487944812,1,8.443194101566903,0
322.2600316161181,1,205.1688926415415,0,51.26541092420512,0
413.3923124250078,1,72.28584990535758,0,1.2200266952243255,0
255.25147784520172,0,99.9435185888349,0,33.06344909332952,0
795.4877625272136,1,404.42151147140277,0,44.72619459523961,0
476.59051076822203,0,293.11358374680856,0,201.07232447169227,0
271.3760447927677,1,199.63407161846945,0,31.476537946060375,0
378.8491676442075,0,127.16205364901606,0,144.04446208705738,0
997.5459374156933,1,70.641453475331,1,1.9289832284177248,0
772.3042276955865,0,2523.574968669643,0,136.61712306025893,0
446.7197542752384,0,319.07352578556925,1,250.0,0
447.7010524532214,1,257.2817952717555,0,61.647636441991224,0
63.750447014734085,0,63.080097252863595,1,250.0,0
811.2676987349106,1,1600.3323969643614,0,44.69288287339571,0
1847.2271596865417,0,84.61085028836754,1,221.75204334942913,0
737.8969923426257,0,281.43118355792546,1,250.0,0
912.4170923803015,0,284.0611988465868,1,82.06529431796666,0
474.422793071726,1,390.164246962542,1,247.5561353107222,0
499.75143694610557,0,116.39149810084781,0,150.17090581612567,0
686.3819451911131,0,858.9696289058402,1,14.643024453754876,0
892.741036781718,0,170.9031712458663,0,250.0,0
509.76246402982315,0,246.15040052808732,0,4.4064793580246855,0
75.38654136790858,1,275.7453482214956,0,181.3184454147636,0
574.7467495728831,0,440.1844918159782,1,57.17951467360582,0
655.2244707603298,0,1001.4011692966168,1,2.326836112496575,0
739.0520051895367,0,370.21983759854936,1,133.0045001742401,0
150.71647781104687,0,721.8416484437086,0,78.49720347897376,0
529.3520087905626,3,335.88599736017,0,250.0,0
966.1854629809123,1,103.57723176008038,0,57.52144552482769,0
263.4838342840529,1,150.11482600994486,1,250.0,0
497.4112858298909,1,237.4357700359588,0,64.52506762923178,0
276.0453085898111,0,41.36824252074138,0,231.5987543599412,0
1715.4723007390687,2,367.4503050917356,0,53.80611896129347,0
317.5141900852508,0,595.14858901021,0,137.2796649768494,0
381.3651778502253,0,68.9800578285032,0,65.35494811237045,0
918.7993094594176,1,107.79771694613918,0,64.79140668744841,0
639.8808931412209,0,104.10190094527574,0,250.0,0
501.04518441021855,1,412.04375996709894,0,250.0,0
1026.7825685560704,0,127.85616014051658,0,143.3175820008637,0
64.74749132158169,1,74.84543004623848,0,18.08526669037187,0
412.1431911690586,1,191.18579693103686,0,144.1465143158913,0
924.3359277077755,0,174.7976063716269,0,184.52278268587696,0
1963.8471582204304,0,94.18049273227192,0,2.5796554906361098,0
10157.339474438157,0,173.45672112347782,1,168.80158603559948,0
595.301409448322,0,194.54521221745438,0,25.919490579016802,0
588.843845463476,0,421.20306366551335,0,22.21272158895872,0
161.39220443117668,0,577.0326291348197,0,238.26338246209517,0
4087.8436697799843,0,161.34532250426093,0,250.0,0
367.35680555333414,1,204.11400673172062,0,78.15117952464871,0
68.28394535932819,3,318.7200202580465,0,250.0,0
2382.382916227124,0,695.735425820724,1,96.61474381857039,0
996.4309409841081,0,290.2773030029291,1,50.3836934236699,0
527.5073867660252,0,106.09344286949786,0,22.072602065823236,0
206.95397574704452,1,247.08639953622313,0,145.8619593784222,0
809.4685072081909,3,147.2883738271561,1,5.939927569535456,1
1531.3070647347058,1,151.52514718443115,0,41.134597003973354,0
2573.1071362234225,1,90.2098858650621,1,250.0,0
2610.5136404912973,1,621.6428917853076,0,52.68481130541963,0
377.0539909230264,0,211.28699182239373,0,34.55641700498448,0
137.30121423385555,0,215.0486358524046,0,233.3841658338504,0
734.8131007375993,2,45.349554015755885,0,25.82812498486801,0
2725.039448354973,0,59.49321632237616,0,75.19969402291701,0
421.1777485141885,1,505.0110928630435,0,79.12899281006207,0
952.0455440093493,2,57.843066021043306,1,7.326817950901535,1
274.2387185237076,0,418.2819993197028,1,250.0,0
194.49208599361668,2,428.29102068960356,0,250.0,0
452.861638532982,1,241.79380623370204,0,146.1783994263509,0
123.63891163509984,2,183.3189997814107,0,94.12956214765144,0
41.72888688420966,0,43.133471985142535,0,237.18818755776704,0
244.06698085060452,0,91.93032872247774,0,48.03098736340688,0
269.2421934821604,0,49.485081248980485,0,36.831333436464426,0
263.9764058804298,1,186.06233582799945,0,38.72579091111427,0
160.12685669388003,0,266.35397565585606,1,50.868490149840426,0
204.7609476059997,0,317.56189958678846,0,236.52635528999056,0
1009.2423556997285,0,179.95213315749675,0,221.25072826824152,0
840.0251696301747,0,220.6261741887851,0,58.170191926860355,0
730.9965172028942,1,391.142096205695,0,21.62719651421763,0
124.72356148173252,0,633.9546975922066,0,30.044824221972448,0
126.25387305632825,0,28.738224414136994,0,170.81642856471976,0
66.3847822965631,0,99.60055614374923,0,114.78393407296115,0
633.2963428298118,0,320.07436685007053,0,141.5368902689386,0
143.89197660753564,0,141.0929078554329,0,86.33909423047639,0
674.8043000316881,0,249.44201989686255,0,250.0,0
788.9003603104265,0,274.4700068004847,1,162.2317261660425,0
43.48892058278597,0,111.35639944651565,1,156.39277986811112,0
288.04651410713444,1,150.9583739036323,1,123.05650490272353,0
156.7112983337291,0,106.06702506947998,0,41.0556774545772,0
702.1799044292765,0,1537.287272882248,1,33.253462784841915,0
4041.448525707636,3,42.02749147751634,0,16.103334978440476,1
107.2352881858535,1,237.06102132761347,0,31.46323383556794,0
223.16322022721033,1,131.64212332664025,0,75.61354951353276,0
180.87459749486572,0,198.09675276822605,0,71.80637286552935,0
1480.075712789502,1,26.015676530644615,1,7.645589286867553,1
1120.3539921166105,0,148.36434034705707,0,250.0,0
333.265451650831,0,215.0466411669806,0,161.31071974135594,0
256.58013660773946,0,143.34991811286952,0,102.93581830818225,0
222.59817532703576,0,121.78141214445303,0,38.755409810063554,0
562.4641087575732,0,205.10560670495943,0,67.63135481172532,0
368.4732051417303,0,693.6489422086792,0,1.9589993829883852,0
811.2411224462411,2,31.575210691658697,1,19.13025462173545,1
302.4915287199776,0,58.33867628786625,1,7.12711866968738,0
1021.0517504658673,0,191.53120629289313,0,23.743970172138724,0
3157.9366576289212,1,1128.6730523586705,1,250.0,0
513.2347791147241,1,389.3504793618049,0,20.364988349700173,0
169.35571944722318,0,203.10463011041216,1,1.6371003372042503,0
45.993944080221205,2,298.08172441057104,0,106.39139297507272,0
534.0494338161016,0,152.38879543058056,0,86.22964691336011,0
427.6909971903368,1,257.8772212658096,0,43.03510960049077,0
359.74259646305325,1,446.82049386971215,0,231.20624824607646,0
344.00963476156,0,291.97653102797346,1,12.039868839608232,0
2238.3106527750474,0,213.32176769311187,0,133.90466123950748,0
2265.288186351044,1,511.7570643868637,0,53.59694590547385,0
4218.336849063643,0,521.2162424411018,0,250.0,0
3180.4123999735216,0,7.720034223875071,1,5.8465330644078115,1
566.0233004659519,1,94.18526880335432,0,14.471078655368236,0
6659.493277301926,5,34.06707480149677,1,2.123273166039492,1
400.0509539930717,0,155.0257862891396,0,81.57198606798454,0
108.41741796276433,1,287.06361554243085,1,53.40042020959674,0
717.284608545056,2,118.00197797553176,1,39.84857838809277,0
720.6128836244956,1,541.0701276774531,0,165.94544768550682,0
298.8665868994489,1,134.16730705403435,0,250.0,0
284.18700696501486,0,274.6445542690213,0,3.9558209396697266,0
301.3429858689534,0,414.91352405218595,0,250.0,0
911.6146149719044,0,360.96932253659054,0,55.49038734587678,0
631.0300626474162,1,238.7924750798401,0,10.438109932081598,0
794.455605662797,1,659.5201444507137,0,250.0,0
326.1556993032806,0,75.93695668398291,1,3.6939797743991876,0
349.7381624972711,0,1060.8252043683328,0,39.321278974004954,0
563.1736616460983,0,129.7052378698138,0,49.36752694409727,0
113.67391946193712,0,64.78260399703501,0,1.6763520924452606,0
326.32866642955776,0,629.6000406983776,0,40.14385506987245,0
114.7042266901408,0,170.54761326113675,0,250.0,0
524.322610347729,5,50.072754521801,1,43.748244919421765,1
100.59496415879687,2,438.2584064700902,1,66.5288617950518,0
123.54590417929278,1,170.22999671826162,0,178.6925825313316,0
243.64323982612962,0,118.47913114096046,0,164.5050401891411,0
1099.9789571059732,1,276.4267475488643,0,149.0301490737923,0
647.923491531351,0,57.198982946731846,0,99.35490071890179,0
317.49907392697634,0,174.57184407925848,0,63.33991647291874,0
215.9096051409667,0,336.5335802020099,0,192.1850109675385,0
498.5983024699153,0,260.27284859955563,1,200.6289344525672,0
458.55153263277884,0,437.6573314208865,0,177.2631502225948,0
3590.1846281838316,0,353.58447072953976,0,64.19944138868789,0
5894.441220350355,1,238.3695006943932,0,40.190409006764696,0
120.6153014701072,1,362.8121554914313,0,50.6322718268498,0
159.5334595720276,0,569.1570515372779,0,93.82694363618278,0
605.0079342765039,0,1312.1160329611184,0,4.755994754011592,0
607.4885690158956,0,194.39222786574646,0,31.683063805241858,0
2006.5836814064023,0,599.49390894857,0,250.0,0
685.0200374783553,0,423.4801659009802,0,76.70751302999965,0
307.6044861175191,1,139.4970893643273,0,12.612103880358248,0
120.04702141059454,1,223.8586735501799,0,112.22905762831628,0
648.5192240116376,0,385.4221715305722,0,250.0,0
574.8009842643086,0,446.41987613252496,0,90.02695231180266,0
2509.266310065094,0,17.798688827893486,1,2.488335191493456,1
2153.8820851928476,1,620.5741498902373,0,43.121202988386976,0
208.17548682761276,1,90.56601119613191,0,250.0,0
739.8029175935607,1,1094.4332425780628,1,148.7204650424746,0
340.24176186985045,1,523.5209136746516,0,193.9516722290408,0
1516.2099669856418,2,884.3406490873291,0,64.12287870503481,0
1076.6355893230093,1,44.675258892043814,0,122.35323746252188,0
373.5592102422221,0,92.91417711242187,1,250.0,0
211.36803723626102,0,97.36301660809703,0,5.0278758871397855,0
188.58148986368127,1,109.63719404333166,0,18.96269713607351,0
536.8721606894663,0,482.12349325789427,0,63.824321738842535,0
777.3685913133319,0,357.22454400273654,1,18.133134589901218,0
167.02462676058536,0,426.30414922568986,0,50.244670042241175,0
457.96120919085126,0,404.4394509072467,0,29.315376103828093,0
429.8178389701249,2,155.2661180571904,1,74.38039796373336,0
414.4373862131104,0,188.14383631831606,0,230.22086223284123,0
1164.9258938452294,0,47.72285356888046,0,103.12847848183557,0
530.4036315922884,0,429.0689713706602,0,49.34613126552734,0
98.93794218528494,0,221.82556737314687,0,81.85829467725765,0
1413.9070081269633,2,74.31342871367775,1,27.05947932017011,1
341.00403867440775,0,447.79045491454144,0,150.9330678736446,0
430.8659187236088,0,236.7585310716233,1,124.93093765320924,0
768.8624341115267,2,15.094590204456047,1,4.535990651081183,1
531.6486040487623,1,187.23819612019656,0,4.2578567945542,0
319.16616607073144,0,62.667741668089754,0,67.98731358450762,0
840.7823134953965,1,315.6430752680396,0,135.52452689155217,0
1138.5884521677083,0,432.54762989384307,0,38.99551521368092,0
16243.78235775697,0,22.59371100542371,1,8.064503988155849,1
960.3785884638891,0,30.295679852700488,0,83.96122141983665,0
1377.6161197325919,0,40.675175224146265,1,51.59232707490277,1
223.86117897761517,1,70.73647651619534,0,44.41550653410743,0
538.0699369535429,0,920.2111061494741,0,57.02720485413244,0
2197.886319655813,0,238.40395984449066,0,250.0,0
579.4807232267314,0,523.2232062575308,0,157.33822945181046,0
284.98530057984783,2,324.15015849431416,0,161.47766559665263,0
424.25504824557754,0,178.95297113761504,0,93.97769555119503,0
581.7445095251533,1,32.01696406533912,0,63.16514898564577,0
2245.1672721907576,3,50.49673495365121,1,6.8961147540241186,1
125.79192848845193,2,203.67650134591625,0,121.72774355787294,0
700.2725698839076,1,476.3396346815779,0,141.99721625945378,0
720.8982764741432,1,126.74260479600993,0,250.0,0
137.26652497686237,0,137.62902428041303,0,50.94572244906432,0
576.0844648146932,0,343.6293393815676,0,198.2669649320635,0
232.21616843457244,0,101.30108315411347,0,144.39080172081958,0
431.2418034705837,0,297.59039243339623,0,36.027673950488634,0
1057.7859887575357,0,109.2144262647379,0,161.71789514008157,0
647.9296151114219,0,83.96505353436974,0,29.028270376814945,0
356.1341996352301,0,141.23941664801663,0,28.66404535115859,0
1664.305513754354,0,377.7352541076127,0,82.37541381440434,0
333.32983317348504,0,234.6727746737486,0,9.467935339543123,0
943.3813921089817,0,182.79361812963444,0,250.0,0
808.7338804051722,2,463.91260521003454,0,2.8152357029027617,0
298.1537403089622,1,148.70250104192084,0,199.49107207563137,0
967.3787740371496,1,557.4604263166926,0,44.82182179919673,0
223.75845558826347,0,189.0399138351827,1,8.22072054597923,0
1119.3300630534761,1,306.3786908023901,0,64.95680218851197,0
329.75201777754154,0,758.5166230875967,0,117.5338909180095,0
4364.795436668398,1,114.389154697821,1,10.382161242684365,1
809.5716207595797,0,742.5247256494288,1,240.331104868218,0
432.535700637513,0,415.5425382092939,0,2.6698541152969213,0
297.56471490248833,1,454.82433206796634,0,250.0,0
136.10245356730277,1,267.4996108056312,0,2.3282855086646768,0
84.90348894074684,0,345.8579472375766,0,1.265124162776083,0
191.61504016333947,0,188.7062388424728,0,164.69039137428936,0
593.6003360551956,0,109.13617311563587,0,12.10081176451254,0
518.48146524518,0,162.14904025616926,1,102.54808307226678,0
377.78214774466056,1,276.38102222435685,0,6.254206730664134,0
291.15044008441015,0,288.0326530003581,0,197.73716957252992,0
198.7880003567688,1,1837.4342638427477,0,250.0,0
419.9390778584294,0,307.05857473912295,0,250.0,0
649.6228473554731,1,56.42684918979616,0,228.89740505771834,0
71.717685751446,0,1982.7237465632022,0,127.59075830891518,0
401.7755442003571,0,76.45479501819052,0,85.24312137794941,0
622.1852257707147,0,466.34121523431565,0,34.93582898471103,0
1788.5497652798424,0,108.1431430239591,0,152.04921757111094,0
145.80347780726592,0,67.88699765151038,0,187.71579985075823,0
2332.230187903202,1,95.49817976688597,1,83.1356528931752,0
327.9568876333553,2,190.35440708312325,0,30.56469855754316,0
40.0,1,80.80288245931325,0,47.554288142677684,0
250.65039856586037,0,175.7381001756784,0,104.8861736547463,0
1472.745900414069,2,16.160848479366273,1,3.335720446545205,1
54.71047747589132,0,180.40486693438618,0,250.0,0
1771.409259804176,0,594.0416051628745,0,30.57345530326519,0
659.3210650571701,1,159.66066234160976,0,125.02936105634683,0
597.238284798398,1,167.70420353297305,1,13.933327192361888,0
245.83214523328198,0,300.6756288890749,0,45.44609964386965,0
745.9404310892825,2,37.788091877075026,0,42.48298528225426,1
252.15717369811836,1,131.09247314405567,0,21.524312853252138,0
7032.61288772877,2,15.729133343950103,1,0.8281331309686918,1
275.62064144527176,0,205.03052903222599,1,40.94460569186192,0
607.870657270282,1,251.39047444157333,0,186.85807691670536,0
301.2657131999885,0,259.3093255829296,0,108.82640560343245,0
142.93864762319743,1,395.76075838267843,1,74.7937693552576,0
183.67332553123387,3,177.22482689903234,1,91.02108822336338,0
849.6152276962762,0,319.77540049127157,0,13.4556276629399,0
378.80722884511584,1,609.8999619266596,1,198.54209729131625,0
733.5649247004637,0,262.2338602755691,0,31.374618060617266,0
498.047280566389,0,740.3754009140386,0,16.200237617367513,0
608.1130181854271,0,441.34340526300286,1,214.09168239931023,0
233.916521522105,4,915.5107652974153,0,49.81143089769393,0
135.61849458358535,0,332.97028509583424,0,10.157804238668984,0
222.5357238148789,0,491.3597523138236,0,1.9715419269589811,0
2075.190834891244,0,152.88942550089146,1,3.978678043413513,0
418.56627639822403,1,449.0900956239115,0,1.0481611204892378,0
453.65880928696123,1,1163.946038357302,1,64.34478403457592,0
95.77639502941152,0,64.42117610451463,0,13.165064858226463,0
388.37030127993177,1,185.4723920633448,0,158.6135172689033,0
552.7503780329383,0,347.74180712641663,0,92.2098167899076,0
555.4520315764656,0,643.8265484650107,1,41.35738220815435,0
591.8398387551204,0,304.23544047950935,0,159.1299888108407,0
1284.8807663682837,1,134.1724089470545,0,97.32569494012176,0
1547.6531582619791,1,650.613095112924,0,29.24904185002668,0
350.11398124796926,0,74.17115790358447,0,67.68122197704407,0
3306.601082343583,0,193.34181284749454,1,40.58779021470266,0
263.54341796173395,1,278.7634946780084,0,215.02729016991913,0
1044.264041369308,1,197.5591815403833,0,250.0,0
1039.1624887079863,2,584.7088685084703,0,92.01662487423697,0
179.30589024191738,1,857.9703460847935,0,26.767582062093275,0
1216.3356481642506,0,493.73428293974274,0,63.262251627737164,0
1081.1614801722003,0,280.7161191309979,1,164.0951320358221,0
8443.182675371361,2,140.49642041802935,1,33.54777254540417,1
166.40762416214662,1,369.05141816988146,0,60.29562371226879,0
199.38493198271127,3,464.411827818393,1,28.447321299226648,0
709.0092736386555,1,861.3373735817839,0,40.41423237869452,0
1300.333289408129,1,60.302289214358446,0,25.60179611707094,1
895.1655868159819,0,63.545617978269114,1,168.1297442291231,0
220.7858918117504,2,133.03942314850576,0,234.86592931843282,0
330.4893805202269,1,85.89150226016048,0,79.72943332716494,0
1548.0110312093493,0,138.23978075236985,0,66.3995723369876,0
103.60733748364129,0,135.2298840595886,1,250.0,0
2553.634017674594,1,12.716437797835448,0,26.306368356537046,0
386.86631809431566,0,389.1508271377038,0,79.32090119049371,0
835.7801230437653,0,156.53838599632434,0,28.144473524105017,0
486.8057886621948,1,269.66173062254205,0,54.38971725016595,0
213.93224525921977,3,629.4677724831853,0,79.37155602465441,0
1185.8859994296336,0,520.4878693589875,0,250.0,0
190.12632162185574,1,418.4526292386766,0,52.29664282692107,0
7956.070874857665,2,100.11754612651508,1,1.0398193244727896,1
1346.6697193380533,1,372.83088160775424,0,59.811523457845816,0
196.84930314860063,0,483.5323446415323,0,122.70370484669252,0
136.83335903770134,0,403.96648690164733,0,2.783989579459681,0
1042.2844689617245,0,239.29714378031045,0,57.44120431792264,0
609.9628349199556,1,123.14076394468542,0,42.41167161017389,0
1819.970634833596,0,963.513857549498,0,11.807172034660724,0
1451.7059719639212,0,96.21780015772451,0,202.5236601247304,0
274.7274110734169,0,382.7627424392098,0,250.0,0
271.8607104925357,0,245.3419173516712,0,82.42818780671584,0
139.106420699876,0,71.836250690955,0,86.23684833290713,0
4824.1328147551685,1,79.89122134645585,0,16.4203188444723,1
1890.4075872057745,0,475.9907336340663,1,194.11414712047454,0
523.3074289203705,1,98.3057850411668,0,106.6269763371167,0
305.93219254379454,0,124.5595342541938,0,174.8373379583562,0
3268.9727810141762,0,56.72862077947809,1,20.185079454585455,1
377.2976972817878,1,345.2269623373942,1,1.737784048324074,0
591.3107532248044,0,849.0389250064437,1,69.19991993063132,0
360.9910223793011,1,333.51178717916525,0,202.27437916778405,0
168.021097261022,0,189.87944178527562,0,175.96294966672755,0
150.9676017243886,0,437.06059469786663,0,213.86106448681397,0
100.36636895190163,0,181.0514757520257,0,57.00180615958076,0
324.96015384024656,0,23.955729929776737,0,16.317683768012333,0
137.7566173481402,0,684.2453478400197,0,17.561030154134436,0
2569.7436580384574,0,170.00348180264302,0,38.083974250721845,0
3650.9191490604044,0,708.5445592260064,1,103.05670679602021,0
825.9545995215882,0,794.3944150407489,0,4.82878749830596,0
160.97326332150325,0,155.61165726959678,1,250.0,0
3762.613789311217,2,23.820411715386854,1,5.047081191591038,1
963.3320233283558,1,43.63291027489913,0,250.0,0
716.6188307943689,2,43.31967222330949,0,24.35775813946787,1
997.2172636713589,0,180.4097430193828,0,250.0,0
1069.6262698659357,0,122.87683469379222,0,114.69074236527264,0
2115.8967581417824,1,23.544574474456418,1,5.9512933678741895,1
322.1853011334827,2,188.18857425631302,0,51.22305257654168,0
1422.8157800548295,0,55.029700424829635,1,44.352105657738804,0
146.4199921335673,0,1295.1073802328426,0,161.40956080256788,0
83.67339796340639,0,93.70969521958303,0,24.408243155076825,0
475.89009413499775,1,380.8260200913175,0,5.249699583187146,0
749.3047909425842,0,558.5707537044356,1,73.59659123042465,0
60.69603977582537,0,192.62918449960992,1,23.920706013103782,0
533.4114679976967,1,90.89407884770135,1,250.0,0
935.0960268070476,1,65.42436910048221,0,175.57343438073931,0
486.48641642773237,0,899.8885811100179,1,218.62723650726952,0
2826.0471804847884,2,228.6322496860782,0,24.861616916131453,0
942.1611862932899,3,119.16707099487377,1,25.826491852059725,1
579.3716021041266,0,572.4865028925421,1,250.0,0
91.08744339837284,1,1093.4483156749395,0,47.70012344574196,0
145.83111783191367,1,88.17452754035949,1,50.17101574453539,0
136.85255352293186,0,89.20058316874173,0,133.69285961362857,0
4728.732694067268,0,168.36220971665247,0,96.00462239502774,0
181.97737571336515,1,76.48326943555516,0,58.041100116887485,0
71.80940858942965,1,84.18895592010013,0,68.5719940711395,0
163.4592512385674,0,339.5615042478407,0,120.44818998585966,0
827.169022961324,1,305.7658826710238,0,21.76418415142945,0
1577.953269299847,1,27.37902449787722,1,1.8171932219434053,1
873.4606003143346,1,63.40511673805079,0,155.83738615676893,0
7534.7415765870555,0,28.782321970888496,1,1.7784854800325736,1
134.41978648161924,0,475.3762882911581,0,87.40358604303565,0
230.45707044333955,0,218.25549058953902,0,102.39731914721314,0
569.4642184066529,0,252.73703692886363,0,20.25541234527675,0
124.88537730227532,1,592.2772881086486,0,122.2945019566309,0
898.1258009463942,0,82.63652464583117,1,94.16241162331795,0
260.40623706741627,0,93.45563461322003,0,48.03426872597601,0
833.1610870967786,0,48.475072530409165,0,221.36839736976415,0
679.9234337202452,1,428.1764243867116,1,250.0,0
1154.938903639072,0,94.19442932709539,0,10.027398597406435,0
148.07692878224216,2,371.05508183199726,0,144.3960697143391,0
192.17914048312778,1,296.06171860371063,0,28.818492950509796,0
281.1489412994937,1,62.45613532444708,0,136.3522643442426,0
5677.352698517536,0,84.42401652371122,0,42.38589612442099,0
81.87999667247065,0,94.1386141316717,0,41.197346101308476,0
208.53718382375652,0,222.98772795585333,0,70.97178107136142,0
531.0005434995877,0,406.0121627746715,0,227.30814317808563,0
3996.6691066725048,3,53.85004222871039,0,21.21535950703266,1
642.9094390789271,0,1728.7241630060025,0,70.9156622949137,0
1430.227611777949,1,406.03812556222573,0,69.36366631655395,0
322.28885139457657,1,71.19605030503276,0,82.63352975879185,0
516.3951091983337,1,161.60756220565463,0,128.85571620133976,0
309.34356125526824,0,109.31792828906181,0,250.0,0
5103.76581694987,3,9.437735123314505,0,34.14149534617957,1
1272.0580940098423,0,35.97552340762566,0,103.23299450187453,0
355.24268044140047,0,667.5443168836206,0,43.61235253100147,0
1573.86734491279,1,247.9264064396322,0,147.62095272245895,0
152.14887929583452,0,159.2542973649202,0,78.59293171557164,0
969.3152801287147,0,31.17103655570881,1,6.5876302517154945,0
285.2946688496753,0,130.11466530340397,0,149.40451449423466,0
112.4833633633353,1,114.98418750612292,0,5.3825935881371425,0
366.0054859402678,0,231.9304513207951,0,23.510349589604445,0
235.51819091761382,1,980.2335495628803,0,62.818612213484506,0
803.6641230500913,0,585.7584248764497,0,57.57527789603162,0
549.6341587424081,0,94.71500972565188,0,69.2014509587416,0
568.8852244308623,1,107.06600533561912,0,60.72653044027814,0
829.5031837554109,2,80.89436408137153,0,2.121258460237636,0
151.55366546382487,0,192.7644001177589,0,176.01415874501208,0
77.25638532508826,1,79.15865793345463,0,211.54177223327883,1
803.1306432415613,0,93.15532350156941,0,167.73076003753303,0
605.9264771960765,0,430.42132280953575,0,50.07488159277168,0
194.77584001184584,0,344.46169850909325,0,64.48974229861587,0
693.2780930895385,0,71.8880479353204,0,77.59415101889994,0
285.94780220659624,1,335.1573353483362,0,4.7895486295316045,0
40.0,0,328.7749778992521,1,20.76298691543896,0
3117.0077505116055,1,409.2631773784836,0,83.88433941832241,0
3649.7570827659965,0,151.79403314022582,1,79.88948608624355,0
702.9739138663538,1,109.0662391190279,0,75.96460758702975,0
210.47768908697284,0,319.865470080334,0,125.67413688671253,0
336.94260171022125,0,92.04021762473894,0,250.0,0
314.8015758783585,0,1152.1407233360944,1,22.88153979218279,0
123.24914871644289,1,116.67757579498068,0,65.9911281329384,0
254.88322498770077,1,233.58067069836574,0,24.13432046090425,0
136.09714803198105,0,211.01922579773014,0,84.76541092020592,0
175.74364554811808,0,314.84814890188926,0,21.78556793637068,0
40.0,0,230.8429677934785,0,166.2717225482561,0
409.9146359869703,2,304.5634915409372,0,73.87716572343292,0
914.6910845338607,2,15.686383956279883,1,24.101533444864423,1
426.61106286202676,0,175.16016651188605,0,32.05191670670706,0
241.54121896425477,0,197.66007873660087,0,39.4952212057781,0
551.483603468481,1,204.2853137163327,0,56.4509454591096,0
3959.9740319448606,3,32.187160379718726,1,9.327372337262242,1
1284.6310664951557,0,109.56781931647056,0,250.0,0
201.54395384252297,0,297.44106559296745,0,64.8404226198461,0
676.2152729785325,0,227.37219036650907,0,177.99336731096932,0
862.7226982684542,0,182.43630116997545,0,5.374053229409845,1
241.58951304857365,0,249.46844954810044,0,250.0,0
685.8770082041743,2,578.9505257610633,0,24.31262698260856,0
441.23931633360945,1,203.90673695985248,0,26.44316874161761,0
276.49301126627455,1,186.3638743060944,0,24.9954514239051,0
163.73410302665317,0,415.30629531584833,1,49.62416689224808,0
146.29502664358304,0,298.3398881629477,1,172.06553344930734,0
1173.86175600675,0,138.26204208942733,1,50.35977995873939,0
2320.647862286638,1,699.2773004167187,0,161.02598648896003,0
811.6732267707184,0,888.2281642979594,0,153.77732984044874,0
128.76754436453638,0,639.2292231676195,0,104.1311063774902,0
242.28422969096766,0,150.94206131365635,1,173.68451035296266,0
460.1970759685258,0,238.20298324671904,1,16.378318376155864,0
2797.00407120241,5,16.961872680865046,1,0.6380414513313459,1
118.75966476203276,0,97.97135926432495,1,1.2521532512159532,0
820.7404063770812,0,34.10638493090047,1,250.0,0
541.0451896276743,1,117.74126828643068,1,250.0,0
190.2929143680758,0,190.97472992045525,1,165.79568651984295,0
918.4689006250552,0,87.61996461070544,0,5.735447400657533,0
73.77979171950864,0,109.6499850889996,1,110.90300800929528,0
982.8227494701099,1,359.2176146797748,0,2.791353547536605,0
129.6418690190849,1,137.47194782684915,0,55.10831304453605,0
496.1314161844758,1,110.55688581132831,0,167.06288364061967,0
3224.3072488146227,0,391.1604415318343,0,45.669152065751625,0
289.81995293812764,0,245.9430527817398,0,223.53234461193014,0
695.1529228424967,1,174.98132835481562,0,20.1947146780083,0
569.5334138396381,0,39.5064988903618,1,96.59420587911092,0
1401.4970508476074,0,412.7681936412223,0,123.87041742122128,0
134.08501046283152,1,183.7795689599853,1,7.0491459882714995,0
1095.1657923068424,0,231.9253934057968,0,3.2478585333800365,0
300.91165144269144,0,356.7588478054941,0,18.555908355851177,0
802.2357358321358,0,294.7589794313163,0,133.97495372493833,0
557.9926100097026,1,365.1599927033885,0,50.93197597811602,0
138.27934816320456,0,134.93772552157992,0,31.70756350702653,0
504.5145564432058,0,51.83839280020784,0,40.794964458067014,0
1101.5048449514145,3,87.19797696102296,0,38.409351238772246,0
168.28636566734835,1,62.5488509726139,1,49.71055235252811,0
1545.4742840918998,3,48.85631653070142,1,36.378886918666794,1
2050.0433730411864,1,232.94021116771466,0,180.70492595812968,0
642.0227848202807,1,56.37353195245812,0,29.36004464248601,0
275.9363200515992,0,225.8188248239989,0,75.62729955124001,0
235.58435198827505,0,263.31438761758073,1,118.63627152510902,0
220.38428195188737,3,106.35453396987253,0,20.40326099643242,0
340.367754364308,0,267.8620380171189,1,250.0,0
40.0,0,75.16661848313528,0,4.350367738804789,0
1209.3046756930576,0,208.37958167543758,1,39.402002008977504,0
348.1360899363045,1,759.2730459105044,0,163.1459215039476,0
151.6227526359431,1,154.2499129983693,0,46.315839567313695,0
242.99839606754225,0,200.52516448453375,0,22.114613923172755,0
428.22864699304733,0,246.86319042638442,0,57.55558861535157,0
1365.671732982947,3,202.96726323591142,1,69.84057042525633,0
261.3216632702945,0,170.6561545561819,0,20.18131520496812,0
116.38626889600258,0,429.11393918808795,0,59.61689160155787,0
5062.737353773633,0,897.7539938858429,0,209.27186731201627,0
386.01256227246546,3,64.2641548409094,1,16.32160893160897,1
521.7591318693802,0,851.7212595220593,1,250.0,0
245.8235116707353,3,575.1784479027219,0,23.455457381362947,0
399.67830815906893,2,293.6715497783658,0,117.1766887905755,0
2478.32780830638,0,36.47581091355036,1,149.59569406776868,0
295.7941402117272,1,199.5867096489804,0,183.40236033261667,0
986.6432260779446,3,418.9452151030265,0,44.98678776726633,0
1297.859076517417,0,116.56249672501863,0,20.897887462306663,0
688.3866813032423,0,882.4617408165926,0,153.95791086608025,0
562.7651997548139,2,72.19755338802472,0,80.9144012163076,0
5448.930274547644,0,205.4355813718964,1,235.49472420541355,0
1977.1263478114809,4,42.65473312613429,0,3.604089551797061,1
1996.1021232306755,1,147.8233657151369,1,250.0,0
2573.911766789937,0,41.90148522112229,0,250.0,0
2715.8006977814084,1,87.53498413168104,0,250.0,0
1053.7478685899264,0,154.17581757013212,1,60.53363463806746,1
213.3959427164823,0,214.53668754793173,0,23.309966591025805,0
59.00534388353616,1,278.51396789866715,0,120.19072906949117,0
15188.181081391931,2,51.37735131071029,1,37.75239933186843,1
4368.781467178211,0,137.42355257642765,0,36.46059260151218,0
174.92511449372313,0,95.92985569196075,0,114.18737734305275,0
220.35777722340137,1,267.9187033913865,1,81.67468794226619,0
847.8206567911294,0,212.1864923285654,0,150.93792911177212,0
77.43487954683326,1,43.38659141352544,0,74.70374233934895,0
3357.847194657908,1,489.52500986769996,0,27.881025999022494,0
501.2615531870594,0,431.04313823860304,0,162.4621357762882,0
433.5140488763064,1,293.3317834380681,1,148.4530224363025,0
303.2855378484002,0,486.9189834991328,0,32.988933193336074,0
781.4149808902049,0,458.84404315819575,0,38.51820297668068,0
76.27044594788202,1,207.3263368013758,0,152.2841029176557,0
43.35835711749771,1,410.78265346261867,0,127.6507604620691,0
14232.651209492204,1,344.6899723140525,0,57.16193457565612,0
769.3488840139138,1,387.78592337757453,1,229.69054129216173,0
1236.4862499598216,2,197.5484628814387,0,16.201249244206604,0
52.10310480731786,0,293.3236811244768,0,110.45122433153881,0
307.8372123486778,0,104.47412774395184,1,12.171759956518093,0
820.8492049563757,1,116.64986158250203,0,250.0,0
167.93742063644672,0,400.94137346730747,1,45.43892669106563,0
9484.499206624767,1,79.74032026042705,1,51.67937263232245,1
4614.231833378449,1,137.06360614847344,0,239.50464256599875,0
571.1409104610093,0,423.8143236067797,1,3.981690783808983,0
1202.8963494563388,1,98.77068335293987,1,11.128978465173494,0
5524.6344885074395,0,915.3706143972893,0,199.08941605703578,0
41.90778164891821,0,206.6472207138649,0,152.51680585846967,0
2232.369732757869,1,286.72689256217006,1,16.802908482995605,0
5310.638300856586,1,68.18161551191676,0,5.9505040399025315,1
1137.397560549808,0,179.64620791038976,0,88.09877305380958,0
1386.1584631233973,3,156.35204065206133,0,14.017903873576014,0
581.6576031360137,0,124.66270702976716,1,20.458843950437807,0
254.11781850040947,0,235.81475037921612,0,12.770277175926047,0
574.0098171171744,1,376.3639324638843,0,3.784638902688902,1
166.08120092578037,1,65.19226851649154,0,1.5780361412489594,0
2507.557378292962,0,139.9238132402326,1,10.459957067419932,1
1111.0638640422453,0,252.16245422350093,0,11.473131092367822,0
234.43374563528184,0,80.95812694738206,0,14.871983829643762,0
729.1526322804137,1,109.62150198430201,0,218.2112930853907,0
583.3917585029045,0,132.59335679157255,0,12.46469032642619,0
802.4309284087542,0,85.1306588625088,0,250.0,0
272.57870280760164,0,218.62019020373813,0,13.052986531806617,0
812.0473711540212,0,78.1689938464595,0,119.75124223025983,0
597.4610052577596,1,381.9135873184635,0,46.03832756218772,0
696.9821714027504,1,116.14794545447876,0,47.434627137528,0
574.5148037639451,0,29.391180142674834,1,58.79229397019148,0
116.81271507240899,1,357.0660670549547,0,64.92016703383756,0
131.71722196813388,1,70.79621665335702,0,103.21809963701851,0
940.1920037217462,0,115.28282628024097,0,75.23907752266243,0
378.2234631884496,1,181.23046434579447,0,192.6747825590458,0
961.9904811694573,0,105.7452505445874,0,95.80174093685531,0
1706.4339861690726,3,29.653160568543882,0,11.050231712996608,1
499.664869477828,1,47.86021038216987,0,3.138950760365081,0
3050.417125876569,0,103.61059453433218,1,129.0353484545154,0
2106.4101751937155,1,619.336511608986,1,54.278869316104476,0
138.0710647871721,0,64.18253540242809,1,250.0,0
934.4069960485896,3,35.41962461157227,0,39.22684196592233,1
2385.4312244685257,1,84.07017493268097,0,25.2837456136468,0
233.79855939827857,0,351.2571807797903,0,17.168834549918216,0
441.19622138047316,0,279.75572060527406,1,99.0758442032276,0
77.59625699363446,0,957.4674711426312,0,19.66870164703381,0
1071.0871041469488,0,84.80608484288392,0,250.0,0
139.85591258119695,2,149.76801044545775,0,113.40684173183514,0
852.358288158226,0,245.80014808783744,1,49.76772404896041,0
359.42870074597215,1,1432.2706900466235,0,228.85081858303425,0
90.6470011855675,1,139.59805417886935,0,11.61031332369555,0
434.7506801648813,1,478.374338240308,0,210.4591236605124,0
2863.0990616319323,1,161.2670388356304,0,133.7948124036317,0
2547.4071175431454,4,139.71957693825357,1,1.1049106662821186,1
854.5297328157609,1,330.34438870482495,0,44.89758792775344,0
3219.6819179736713,1,134.12450680632716,1,28.24075738920121,1
191.4090317690447,0,324.0983514443448,0,5.612497002308342,0
131.2757878041494,0,374.3283002276743,1,181.3955791663504,0
328.1903823278015,0,185.68726751180688,0,101.22113376269309,0
344.3763365019699,1,274.5071325195523,0,22.079875846373646,0
1138.3865982820294,0,252.70171997472858,1,11.008865600383679,1
103.93252875004829,0,571.0002140557301,0,147.93730795783594,0
1438.2093988727386,1,141.85280187598283,0,250.0,0
558.3278287852215,0,353.9235555131532,0,55.2451295636944,0
361.56669238258127,1,187.3838236040532,0,50.02623272891362,0
302.96098312037543,1,392.3033343087084,0,29.296796909728055,0
100.97186997452974,0,249.75852560884354,1,85.29872782747127,0
2092.7059839489884,0,56.73992465884242,0,1.758854697329794,0
716.7623655974825,2,42.52747798722082,0,116.48831394622896,0
623.2430499529231,0,29.340907623052505,1,13.918630362106594,1
919.0691196352341,0,164.28494656430246,0,87.50932080743728,0
273.2289348070452,1,235.5449761044767,0,22.690574357239935,0
3354.3153799303523,0,253.02145281519444,0,250.0,0
934.5099496813752,0,77.87077886212941,0,0.9331246224806946,0
1285.298400460053,1,106.92386384609138,0,117.39112518927908,0
624.3172658135032,0,151.57127199621857,1,4.929507797011469,0
276.66993064504,0,306.519309002223,0,12.79948431886078,0
797.389531335513,0,181.82700853555653,0,158.991529758374,0
411.1899073210258,1,100.72533763047424,0,49.08991075632545,0
683.8215226319525,1,514.707156440736,0,250.0,0
2399.807107542521,3,53.18365186589702,1,0.8701807420932061,1
579.2284140973569,0,120.17286458234257,0,83.36332602473209,1
224.91924309331108,1,77.7833100537182,0,34.977841838697906,0
370.95727929382673,1,472.3168486138845,0,164.6373390188105,0
533.981653322302,0,83.87118419976069,1,51.472608821573225,0
1283.7130258525217,2,206.47869031345357,0,234.26513659852785,0
1699.701919502972,0,145.55589013768656,0,109.1969125010159,0
128.7621558224007,1,502.0063855648708,0,250.0,0
384.2242452000076,0,347.8552085834211,0,174.24743119192857,0
10819.57282604039,1,176.33900696513732,1,53.3298255665833,0
708.9460670750599,2,165.2032894016318,0,141.88165922365684,0
159.88929063622984,0,110.08501304718384,0,60.18682751695983,0
370.25713790085575,0,130.3535542853025,1,102.76707289443178,0
5659.847687540143,0,218.01736407622658,0,12.742857000691584,0
161.42947957485472,0,188.6394946733485,1,38.98953541617594,0
669.3324569331684,0,309.4671730195854,0,141.90471358987097,0
13977.09501965863,1,290.42516371057155,0,157.85800892463806,0
1004.7495141501004,2,509.073913107621,1,1.321098698108132,1
1287.5205022519538,1,317.55578369112305,0,192.728158591956,0
2416.438967796109,1,47.91185230004509,1,33.67396149348809,1
139.46342726397424,1,434.4011171138104,0,164.86283419943692,0
122.50638452014867,0,172.31074909234115,0,52.20311698791632,0
1827.0060317047623,2,304.06231040102887,0,250.0,0
2567.6969722449944,1,42.41991669300543,1,45.810652578981596,1
6044.604345400502,0,158.33838852311868,0,15.556808851242247,0
182.51356298220847,1,248.74363565519337,0,82.31358595160869,0
582.2752674479652,3,78.08393428387262,0,36.64616885008998,0
52.20706139002597,0,188.90762795622678,0,155.77177121640713,0
1849.6874069242801,0,263.5018245373471,0,62.359740157422856,0
561.8474436370424,0,116.07806535140476,0,189.4950315857091,0
167.4392222751572,0,141.04982096452068,0,194.30301175009373,0
784.5886863758136,0,119.94601257626526,0,70.8413922937585,0
1083.4467117138074,0,18.336025358155894,1,7.781318098841624,1
690.7172230438956,1,79.87318196143868,0,128.30098871763641,0
85.47771457798325,0,171.8328552296965,0,8.23291108220287,0
498.3677247503964,0,552.6822859190822,1,88.68221567579766,0
112.02646624450213,2,169.5624834985211,0,68.53669186965004,0
1737.8985131449447,0,194.6884169848529,0,15.769652620601063,0
348.4894223198532,0,241.04272114388363,0,16.13693825790177,0
198.8199577716129,0,33.26809858624584,0,67.29111924126508,0
231.84610988875247,0,548.4456403159307,0,164.36962066863552,0
233.5752092022507,1,496.5769141700165,0,33.9496926763223,0
349.118016652863,2,75.04014135825908,1,79.04829152638239,0
571.5810353616284,1,129.48228723252384,0,17.197493224277395,0
585.2252453501137,1,185.47336566961013,0,104.22862076426706,0
1127.0893678049554,0,185.53850671278562,1,92.45599951569429,0
611.954754521184,0,276.61024649872996,0,116.74752999508574,0
509.41494541649774,0,455.7092762259516,0,135.6508604939427,0
129.04841087797843,0,302.1597796363412,0,184.7379086452475,0
125.38998201020667,2,158.7543624055506,0,42.39762108426877,0
458.35399404625514,1,134.52737878416085,0,133.73839123387268,0
1548.816028622575,1,139.93812685480907,0,250.0,0
506.57272875049404,0,125.97576043917799,0,44.21328805263154,0
838.5620917653506,0,97.44944330488592,1,44.966526817470864,0
657.0200411529521,0,177.47076894089471,0,176.9182538429337,0
458.0847470623807,0,315.57863893679956,1,13.419165151013022,0
588.0812342222265,0,358.64794599610167,1,148.4568344539127,0
346.48044303904715,4,422.43969530212246,1,250.0,0
335.80929295685604,0,476.17540548051716,0,7.747122293283588,0
430.9696870105768,2,427.9788826163952,0,20.524572288079373,0
291.502082400341,0,809.0628104729813,0,11.191684371565444,0
949.4889444860605,2,80.89639175658671,0,126.30387747304187,0
48.61267968110191,0,62.28558984760307,1,148.0973368243882,0
690.9061668152284,0,314.8988762101745,0,83.82500950552601,0
461.513088288601,0,335.4495002752337,0,5.254213350781043,0
1072.1533293266118,0,179.23993347145844,0,140.62512272335118,0
863.3224013430753,2,252.25075157474865,0,250.0,0
3443.7658846579366,1,193.92502422912708,0,85.7957542124423,0
374.933148763377,1,368.23358991670943,0,14.792691880260268,0
78.03434185893133,1,323.51193693472914,0,130.9651946505883,0
1284.7481695785032,0,68.83617780869437,0,102.15457055686808,0
128.0017042438594,0,23.542151916596183,1,7.661868338496226,1
310.23590794548244,0,681.2196484655735,0,167.72633858029207,0
1685.6545735362104,1,622.5112596158752,0,102.45962368792199,0
277.0642709803562,2,712.7222295116254,0,125.71454944181072,0
474.8505608294769,1,38.49141336689762,1,250.0,0
40.0,0,482.5830768843637,0,32.30390485590109,0
593.7967647759425,1,113.54649599978025,0,71.2868736125192,0
804.0356006571428,0,121.72853365829751,0,96.03478442487199,0
88.88313846178538,0,69.84069485336332,0,54.92553685237844,0
398.4185658498753,0,161.22351351926721,1,116.71043031825525,0
1851.5202563419427,1,223.08193398287221,1,1.0540244100409586,1
410.9006437956917,0,532.0743940970426,0,106.30773190743743,0
339.02852686282284,1,297.10522413043697,1,49.10373271129144,0
2447.9686165832522,1,1161.5675577353486,0,62.350155134975154,0
1596.473063726243,0,106.61859373299374,0,250.0,0
345.9084547173415,0,187.06112947091344,0,250.0,0
804.2178596693948,2,67.72482345609924,0,6.030256263771844,0
983.9724760646469,0,92.66254570751497,0,38.080445669716404,0
1031.086782729867,0,238.90176601863686,0,56.32438054342818,0
436.1092921859852,1,252.89780568216767,0,23.657203826555367,0
677.5642155604177,0,1778.6794750363524,1,250.0,0
503.67881000246524,0,218.60842416822447,0,97.0370611562809,0
125.49063544179812,2,227.40599525362123,0,52.63655633476318,0
1133.5972424689878,2,48.453809604076454,1,3.6196225655366905,1
217.51182358401192,1,101.30121536415301,0,250.0,0
286.5797032664756,1,103.66183349860303,0,250.0,0
383.43404094198655,0,1468.4920646664157,1,218.28848327468785,0
151.71628963495817,0,124.46678762733976,1,150.6070371074874,0
789.1128900854321,1,137.31622520318675,0,5.239981546988538,0
321.889577601778,0,367.86297548297637,0,28.186887318153346,0
1234.030748628885,0,462.7709380152309,0,43.37589976240628,0
379.755561429386,0,262.01209364044735,0,250.0,0
431.08552306639194,0,407.10719725642474,0,46.61184121487027,0
190.55771601376722,1,150.4539959590036,0,76.41237316507657,0
588.1364889979747,0,118.48469499138105,0,203.15278066278722,0
727.4766327843554,0,193.96508926832357,0,229.08346774703648,0
178.15815042547803,2,255.74771204242765,0,43.72454010106206,0
312.93231939555244,0,484.41574409799586,1,208.81345407362102,0
892.6956055574794,1,540.7192375036542,1,190.87894630072327,0
364.4603875488524,1,208.41838027808285,0,21.979858039586357,0
1091.0908301679535,0,894.8750010772261,1,47.7369616721454,0
657.2894566737757,0,107.87122832370467,1,68.06030989233527,0
1632.8463127097605,1,537.4166954992014,1,18.148272748908518,0
933.6264126715439,0,152.14592267574992,0,50.0702172526058,0
1784.661104988179,0,110.18683376290724,1,11.448491289680469,0
199.32965853931344,1,172.8254606619231,0,42.4475276575552,0
2332.771049025109,2,108.50120255923358,1,35.981739258870455,1
202.15523374656073,0,23.745194177335517,0,121.76703963438213,0
440.87086991791654,0,476.58621142912483,0,51.020906817607994,0
892.6567597609037,0,86.72556592751049,0,32.359935396243166,0
142.6000110651724,0,205.6801940343248,0,233.55938691596003,0
69.87883614946726,1,120.05249616684586,0,250.0,0
96.83178218191223,1,267.6331637129639,0,99.11885802658735,0
280.1045148426151,1,521.7010307346419,0,90.70933643984135,0
111.30626266343027,1,31.30041114720248,0,116.88411958816715,0
91.22148250804717,3,106.88154851675202,0,109.44311265440413,0
127.54232694472456,0,749.1102165910037,0,155.12328649801597,0
1157.8596325628428,1,85.53074085916045,0,250.0,0
317.3970200508099,1,136.4497450022687,0,105.08504837309701,0
188.45776218170454,0,85.36338783584799,0,131.84565305699837,0
1985.3906145222545,5,49.31139173694975,1,4.931247935246493,1
263.09351055404755,1,683.2327947155114,0,116.29759172795184,0
541.7262983777475,1,205.65057381002862,0,60.33741796909857,0
760.0889193468754,1,317.2652610960193,1,136.2199373624057,0
3864.03323770946,0,283.8501422020037,1,121.25475449670932,0
272.8402626307119,0,192.50813320352512,1,18.442035301285223,0
3742.3064387918084,0,297.89353461310503,1,160.5222382575984,0
347.4154049503363,0,254.55573730999308,0,22.146215311124195,0
704.5586995527609,1,268.4280951504149,0,135.35875119280928,0
452.33996470468935,0,43.56958931257963,0,23.960291272736438,0
351.9489310229465,1,97.98282235270436,0,20.083238791293326,0
836.1539851528867,0,287.7432962364732,1,103.6612665203479,0
1314.0633673499594,1,132.28945810175065,1,83.54803247482182,0
40.0,0,57.43828459134359,0,140.25686098481316,0
357.0232069309044,0,440.4798750878191,0,18.514579536768924,0
662.6893392745397,0,69.82995523238132,0,250.0,0
1191.5255888015986,1,26.506807557718556,1,5.561778533594729,1
505.6948337037373,0,106.31840371936579,1,18.690981456196784,0
1977.7213283577642,0,62.098925083446474,0,203.8488767491288,0
130.04040433083583,0,504.53794906827477,0,220.44011059494363,0
148.41145634737092,0,98.4792859407794,0,101.81974912702067,0
9256.016350861035,0,179.23561484009832,0,124.66813696013693,0
90.8580363865872,3,136.24808052417396,1,76.04774812358924,0
159.8964777999232,0,407.7689968561505,0,89.28539077493919,0
648.4671355477294,0,106.68540989322904,1,26.808046586566824,0
148.23767507733302,1,366.30167547303995,0,65.50894069005633,0
779.7924883772271,0,164.79088485779852,1,29.76371967897232,0
709.9963043446924,2,177.96407961758862,0,70.68058369325027,0
1148.9738856354782,0,111.87849305738374,1,250.0,0
644.8121806940084,0,176.74944451795253,0,53.900448129740155,0
334.9666168426902,1,234.89821884313824,0,250.0,0
505.5849105846485,0,181.63379948903918,0,57.05397888135888,0
484.64359220931834,0,134.5459721570596,0,99.05661754920303,0
1466.2660514369727,1,119.39794402052473,0,172.65567723245775,0
731.3824731156492,1,133.33434945445887,0,169.68003814405427,0
831.9043331945069,0,320.44121508757735,0,117.7672714004853,0
1296.988605372942,1,153.997107069224,0,187.83940491921214,0
266.901912909206,0,199.21606922072962,0,74.96304532676118,0
465.8480262225087,0,148.9837913959956,0,3.669295193248145,0
483.1089986082538,0,500.595034093031,1,233.59347087095577,0
2955.4980573622825,0,268.1820639309041,0,119.43382250645561,0
1135.761339739159,5,114.34382602910341,1,15.814343327039666,1
616.9752051539798,0,476.2602782976544,1,183.95733190749198,0
1432.6659372763957,0,83.35841328966158,1,72.60694831961482,0
1882.1435671521504,0,105.33463795749,0,42.045494283645986,0
230.4888431834788,0,354.7859181767054,0,24.621810160351387,0
111.31618588857754,1,64.50761643348785,0,114.64638767421937,0
690.8567843889366,2,84.57361724113561,1,12.45432617177383,1
721.1393491119504,0,419.25526472739506,0,116.02444286828113,0
212.51838717898042,0,69.59584651935224,1,70.06874896221018,0
1243.357654831453,0,67.79473866111127,1,78.46027422721936,0
676.1246049950782,0,203.8869591401094,1,90.21580713032832,0
267.1771043190376,0,444.7791338375864,1,44.269321136278485,0
471.32955786009353,0,91.17162161701805,1,64.38155520496626,0
1242.353444929959,0,376.86572971046775,0,113.29836882920907,0
538.0004645617826,2,344.7205700857853,0,96.43040693905607,0
150.8600131610468,1,686.9313449744168,0,63.914279892701195,0
2520.159484828943,1,202.28510377479472,0,250.0,0
822.3651571458075,0,132.96177361561342,1,250.0,0
837.51999849763,0,461.6216567804536,0,14.593931472957335,0
168.9923446320022,1,705.71763433543,0,171.68867679771364,0
897.6075417240622,2,28.287253468331418,0,175.06091108136067,0
170.62142061682516,0,310.2564950753084,0,9.944036438611487,0
1009.0199747993228,0,319.6898841207594,0,4.990516264611928,0
158.96811437804428,0,429.89949585566643,0,110.91553919206049,0
746.3037189433526,1,481.23143214283493,0,241.48328390817392,0
2663.146665455483,0,101.01070954968905,0,137.25649259147758,0
255.39355153000463,0,673.9561252167568,1,72.86167243979651,0
370.7618864713914,0,335.087319948469,0,2.1906451621524967,0
247.6483802266431,2,339.40920702037124,1,250.0,0
312.2418315358259,0,310.4334187429454,1,50.8864741335408,0
187.23917392981957,0,274.15874611908356,0,90.65517305054084,0
1100.4350837622537,0,493.6362158430233,0,149.00313451785652,0
581.5747794562159,0,96.91175229296778,0,19.633905407958633,0
297.94553774550735,1,43.996283738899685,0,250.0,0
1594.6467674084795,0,173.17092880793953,0,52.6010596075088,0
327.87248832825503,0,178.98550890368313,0,31.756405143065734,0
384.9771885228747,0,95.57357670024179,0,250.0,0
801.6324093054862,0,276.3195603481209,0,92.75427570061484,0
175.31207443222945,2,313.98100010757975,1,250.0,0
700.435432256799,0,278.5012343128788,0,7.035306484088436,0
986.2760637127363,0,948.5015621664521,0,14.722152994833545,0
487.23358359041015,1,479.6504153880205,0,126.77301371029627,0
517.9033167730214,1,312.75521911400836,0,88.89408032785353,0
271.00636354940303,0,204.7388945334066,0,241.15606375106498,0
775.2261438896988,0,102.76449178626306,0,184.7378028214126,0
216.3166978108086,0,512.3115435940891,0,119.71239611289121,0
603.3928363117373,1,366.3186614377234,0,65.37772990686855,0
99.2880177170755,1,36.908536122591,0,76.36585993000183,0
847.1933806371811,3,19.671853646843665,1,21.709063505946816,1
449.2433720865145,1,89.65019281924097,0,142.4338697863261,0
426.08237746855946,0,67.22781814286854,0,16.225974071350183,0
306.57016639532515,0,493.4232911876941,1,79.98765962176249,0
1698.8832349437628,1,90.83111396050566,0,250.0,0
652.2123975268916,3,210.7319937095949,1,11.975561045077505,1
1747.6210467375063,1,148.4192148136115,0,44.207881672925,0
232.51330907964316,0,233.49171694688792,0,83.23624018562953,0
1304.6864772614392,1,258.7446674052255,1,75.4943935595784,0
411.9912587388879,0,108.73931140219507,0,69.48332319549903,0
3105.397107339083,2,55.6080875444023,1,20.574042050363193,1
193.53098023723183,1,66.76087408201386,0,250.0,0
1037.2817086632303,0,124.58184702474759,0,77.75979642912692,0
1988.7995137843345,0,463.6883084934032,0,250.0,0
1737.5624540029235,0,230.60605971205047,1,74.89220543059349,0
202.37122325998823,0,241.01720108963153,0,12.334096743659405,0
2412.6887548635473,1,178.71279597856386,0,90.08301878802327,0
966.1914357820752,0,93.03621100435478,1,91.26172751717108,0
573.0123688372713,0,103.371073195759,1,0.9152532473722292,0
481.50607155533277,1,301.82115714622455,0,166.400108846162,0
2281.156924337605,2,36.962677344212544,0,27.071374000664303,1
98.47948281688812,1,814.7652626555852,0,65.22820937475149,0
1220.0317554802618,0,76.41130314036133,1,21.309717205129715,0
3482.2698945883,5,52.08578046489413,1,20.337605751235003,1
456.37720231684085,0,234.969806822226,0,101.21680925499533,0
407.497927809658,3,143.85389610765438,0,36.3473564677706,0
408.6527482800956,2,713.7805143500385,0,190.3809121358073,0
558.2213409319888,1,94.10126520908071,0,14.575903821299697,0
2970.8058620631205,0,45.0515947062895,0,129.39812388288064,0
1939.9674032828568,0,184.2744361120629,0,184.622995957685,0
305.9460588521958,2,124.35459781495827,0,10.485614626675838,0
109.11534024690927,0,91.03396190627682,1,46.726671050279776,0
327.0591318037752,2,395.267925808518,0,250.0,0
1808.8513313078533,4,27.14558626827778,0,3.286205278396787,1
382.39288932071736,1,74.12503986059886,0,173.1970221770539,0
140.88407344261523,1,76.35707664857097,0,223.5758164867882,0
106.94110745226614,2,532.1215624383959,0,133.30787493754426,0
1711.7922157365367,1,52.31021464251312,0,29.332836597300293,0
754.6379176371147,0,352.1949986145118,0,3.9607648695600193,0
40.0,0,487.35693669376576,1,96.15416420373647,0
1555.9539807654514,0,804.9735742553473,0,41.21716854131317,0
203.71495805148209,0,281.4893088603844,0,250.0,0
759.9088842565917,0,535.8269080658674,0,1.801060300924229,0
1226.8982104669922,0,193.1043869778004,0,5.630975129923391,0
83.22410512466058,0,182.9037541123358,0,73.38795300919904,0
487.9304211204681,0,94.64479487849007,0,22.078502558900116,0
329.4747348814125,0,64.92840430644162,1,249.23245806261286,0
2487.7820230128896,1,106.82199935174019,0,250.0,0
1506.4488547028539,1,74.88538783665591,0,32.46990110422603,0
474.2404071128977,0,221.9287211712686,0,250.0,0
158.52263634027216,0,40.39832809382475,1,160.6636701949157,0
1843.007081500722,2,121.441598954813,0,88.9048433079956,0
236.13112759535989,0,151.8483870165598,1,46.11247802005321,0
825.4929806513765,0,173.38130452100248,1,105.14772653075445,0
259.94176378045677,1,551.984983851416,0,203.55845415573265,0
77.43445798018652,1,226.6605272615601,0,13.017590231544116,0
971.7557392573674,1,115.35496930756739,0,10.207440984785583,0
374.6341786872836,0,413.7190459130934,0,179.21020792714728,0
3166.113669196266,0,1003.2857950518137,0,201.26704431644475,0
762.1277316409765,0,1566.4298355294204,0,250.0,0
920.9846067388569,0,128.68235291076348,1,2.8737861963447906,0
789.0176868468278,1,237.24321832267702,0,53.22153878489823,0
248.35203374952462,0,1094.8295416662845,0,250.0,0
1435.5077047776408,0,35.493552266829305,1,14.274931576601347,1
537.3468006889594,2,603.4669603058328,0,77.12019120246624,0
3537.0443765078544,0,248.57844799069574,0,201.89491355094347,0
3052.062868685032,0,71.64537059861787,0,21.156111248712204,0
158.21973605328745,0,44.94786916909219,0,250.0,0
2153.901509066034,1,112.36544063716865,1,74.26586236522543,0
560.6657661935222,0,91.64582081131283,0,250.0,0
217.0137349831616,1,208.72656731042588,0,10.804660266476741,0
58.462687610254314,1,810.4103321755465,0,19.388665213176964,0
833.3743819522066,1,132.99334408212843,0,161.22557895564506,0
506.3156314713279,0,219.73099578290027,0,66.63426538438249,0
1239.0017424448333,0,325.6684192493142,1,250.0,0
6965.688382589048,0,135.75955201762844,1,92.6661139170908,0
512.9994119930761,0,56.85714517437384,0,66.63261963372561,0
1478.6275242902134,0,95.98967454907002,0,124.93045850382067,0
688.0985273035922,1,399.63182827571234,0,0.3587766807232678,0
285.17168050676173,2,412.1986304096673,0,118.98240948506829,0
486.6165285118569,0,127.25775702941796,0,198.91653407171822,0
2027.111138742676,4,105.0519315531187,1,0.017712333101111383,1
910.4103345670835,2,263.0957986157358,0,90.07088982367448,0
1058.1389188521673,0,281.3605100617879,0,108.8051143119481,0
711.8069371657391,0,109.80844236546494,0,74.49998948667897,0
408.1947356711607,0,169.70725807118788,0,9.024481136579661,0
244.78901459700134,1,160.37373700102313,0,12.826396203441638,0
386.66974618459034,0,138.77606075909512,0,80.25722221560216,0
129.67634650888357,1,322.6287346149995,0,61.747699890653166,0
416.98569253410676,1,123.54347010581645,0,59.33060841490448,0
111.40234599332518,0,312.536067936182,0,41.862162748438124,0
1115.7816015814633,0,196.87142226084543,0,46.46457330222643,0
6080.69259129634,0,284.6934500706688,0,54.36721377079718,0
1366.2298938205201,1,77.8537806802345,1,250.0,0
912.0004964677364,0,1252.428068860481,1,79.62541700525078,0
392.5931645180439,2,305.6778887513253,1,21.71567089660807,0
596.1073381446356,1,653.6967104454891,0,32.14399734858897,0
91.51046369291889,0,269.45279876811776,1,166.08832195240785,0
355.30662097286734,0,250.31869781113355,0,250.0,0
464.2310754557057,0,244.04157104754879,0,107.27697431978675,0
327.280387721409,0,345.9751907209055,0,177.29499584509165,0
844.4213407000125,0,501.4981545715615,1,121.27868302011096,0
543.4613257064376,0,255.41875537120103,0,124.38398383418769,0
770.2979676426905,0,157.79658393668385,0,98.13713966812901,0
3072.197568463238,0,1870.0856953007233,0,212.489036788709,0
469.0051487097728,2,259.4290976699461,0,67.57319212287368,0
779.3327282852713,0,58.93325318699554,0,41.03126408778128,0
1606.2695873822736,1,216.89884022478515,0,11.7620881920972,0
636.9918701006885,1,462.3756046564143,0,154.2162007343739,0
848.2352039632891,1,245.85885401183995,0,216.78285306509028,0
429.11742978116513,0,460.7089327479724,0,103.13118049023413,0
713.9418387766326,0,237.00840954045563,0,250.0,0
972.8492840217028,0,683.7881794271564,0,58.25503883045401,0
1213.3518374172024,1,307.3041062483247,0,21.967578902126352,0
376.89736962682105,1,145.4102049993276,0,15.152356936523624,0
200.28898804904,0,231.43968002742565,0,16.227715477254712,0
140.27239949696752,0,195.28979639567967,0,183.99764728950288,0
4183.817658680974,0,395.0994587467888,0,2.3609311145224456,0
5106.009103370226,2,68.07871514927719,1,0.46676138454894606,1
859.8279176533763,0,1042.0538656336487,0,8.857031113253608,0
5408.58088324383,3,55.07562762815716,1,0.7639773441919632,1
958.8496624527187,0,293.6548904565517,0,250.0,0
145.6252989303728,3,227.3811655756641,0,182.8359026082915,0
445.99766423825594,0,57.357942356652096,0,153.70513585407238,0
245.20154294014932,0,139.48408107559322,0,250.0,0
533.8879331349316,0,201.250685944578,0,2.972408932659907,0
2334.938095639647,1,66.99924845468242,0,2.5332852008567075,0
79.41093552837188,0,669.4319657840207,0,134.37917276696516,0
1867.9290681018704,2,31.878500387752222,1,4.584549754420074,1
862.2080409402982,0,252.63533742863382,0,22.027113411875668,0
385.53686756769906,1,1042.9496968463802,0,16.581015396172607,0
169.69645309859945,1,92.80711582231925,0,210.79972189558023,0
474.56705742058006,0,648.4321375842313,0,26.591627486236593,0
857.7084776199285,0,50.338085928248034,0,143.490035012025,0
436.77426336181117,0,351.6692014033713,1,17.137919005687692,0
2656.9805225881873,1,219.31729557825756,1,35.131658835215084,0
738.1734966536432,2,293.11146216829405,0,12.055651123055345,0
331.4807443332147,0,278.54373150441324,0,66.16410729954616,0
606.7796651827612,1,233.68413892317872,0,250.0,0
387.34353333051604,0,453.5255931668316,1,200.64651969945731,0
2253.77920145651,2,1238.8303050497107,1,152.0930044834752,0
512.3612308250893,1,206.06889943166297,1,143.60115711498028,0
986.7728681479108,0,105.02656953916275,0,53.08173853133485,0
5184.081114986515,1,72.35807191374558,0,36.614409785450256,0
148.59240733351098,0,22.008130422939026,0,250.0,0
908.2778825080835,1,177.08929987352957,1,65.47874980182242,0
493.4952249338839,0,376.4750688228906,0,135.26923115536096,0
430.27248689073,0,49.46525101802224,0,96.57924765885932,0
552.6130952479446,0,253.9601803073187,0,36.54858849507752,0
514.529071953457,0,33.063556721324474,0,2.7270223216225635,0
685.0118802135687,1,190.9923775162564,1,6.974643714131332,0
3092.1358292476248,0,63.42498291539478,0,215.23921510967696,0
137.70576219516437,1,214.14306432213414,0,94.69568179878729,0
214.63055836755663,0,90.98780035018136,0,250.0,0
1262.401777039386,0,184.56049391945754,0,250.0,0
1240.3444680895832,0,288.7516960908306,1,246.05248053930393,0
2609.761324138975,1,210.52971822038737,1,201.07045875206063,0
162.5412881472903,0,276.6968032367015,1,20.55992554576435,0
1195.3708287741529,0,191.77217689657684,1,120.38113656880202,0
290.7465782583292,0,150.75172682102556,0,58.42503927117635,0
241.01732001511726,1,224.46687492139782,0,250.0,0
2577.6435507875076,1,38.93578377036733,0,15.834064713869681,1
228.88742231906662,0,174.28724521956318,0,1.4666816815404666,0
349.62930260184305,0,326.6162712277897,0,207.55317898671825,0
79.0642138281317,1,148.03442888971628,0,4.653256657357245,0
1108.4237977263924,1,468.49446074760095,0,113.67021490800917,0
639.1636677044478,0,60.77217565996467,0,36.21900683151135,0
195.87690152952436,1,155.06204587334562,0,176.80149650626788,0
831.6262381400388,0,113.27457594160943,0,216.89149197843898,0
1832.2330660572193,1,105.02947809537584,1,2.343342636470915,1
275.722623807503,1,807.0012671224627,0,227.50428407561526,0
1719.0068387686238,0,1243.4077965086803,0,73.45658242537043,0
1173.51504583731,0,1120.9748048580743,1,72.44590611075694,0
195.6272103155756,0,158.1575228751818,0,57.5130521167923,0
184.2908790068678,2,1828.1415524141003,0,25.818517234422146,0
71.6136787496389,1,1605.5545855884202,0,14.285007739022003,0
1054.6112092943968,1,85.72917019340264,0,9.265425534146585,0
349.4952225620009,1,74.89509069253576,0,117.34896431952602,0
505.1205460951994,1,460.37961641569734,1,83.28328912750993,0
821.6307255100866,4,18.200985306077246,1,3.2315742572716513,1
236.43810419799922,0,29.46549135562032,0,12.581506190419583,0
919.3290085327952,0,245.43574968199437,0,176.81187547834045,0
329.04854623926263,1,464.74225120254454,0,12.971054227093289,0
639.4172781811566,0,1300.5141541514179,0,72.87130541109822,0
1222.4152762162862,1,158.08259352112648,0,224.16452240023992,0
88.11034597660598,0,310.14506217302585,0,148.94229604542946,0
1460.683085024388,0,228.0924510984049,0,33.10675277063332,0
315.6026262564957,1,76.74388986291756,1,27.058813081019288,0
309.15801322224917,0,41.069478557405226,0,48.4708524186226,0
1844.5865460438397,1,592.0301085892653,1,250.0,0
427.63572247267314,0,35.19943921920804,0,102.54730767993709,0
2870.1298674225695,0,106.84854675963422,0,29.622057891867094,0
2408.6387494190435,2,462.0338934467212,0,100.830778813358,0
1738.7625405828073,1,348.2047664600071,0,30.883499371580264,0
958.6209549073917,0,140.39097101421066,0,38.027099760993636,0
211.0157841952063,1,179.14268869891444,1,130.2303213612959,0
457.8685855901242,0,655.9418805926867,0,250.0,0
1288.6139582984817,0,164.28649951030184,0,177.92926115012853,0
123.50881484236874,2,131.9944053320258,0,181.37519276047934,0
542.6093161474457,0,170.65185142998925,0,167.27484847453803,0
1692.8145671838247,2,150.39152880350704,1,13.342273117710036,1
107.92256183013744,1,462.8103978990129,1,250.0,0
105.3767653281203,1,270.15633854821834,0,250.0,0
532.4310416109296,0,867.0863888402508,0,250.0,0
1553.2386279124692,1,600.2035618710079,0,3.316185168670074,0
875.3577778328637,1,895.1935830451258,0,10.971468601451067,0
1658.783312672822,0,76.0062038205389,0,74.0042510028402,0
2980.8916878917,0,68.04085401621329,0,1.4328278315599292,0
1085.2379328220497,0,631.5768562092471,0,250.0,0
174.51272864996955,0,60.40882093679019,0,250.0,0
501.088014258443,0,108.32066227233169,0,12.366499474631109,0
1864.7356153950548,0,147.91824712213332,0,120.82412627529989,0
945.8414198630272,0,14.703561989941331,0,182.18082992058473,0
939.0142691378396,1,211.07615584417348,0,50.495785781189454,0
483.971079922867,1,318.93685729000754,0,165.6425251290076,0
649.7411815258748,0,7.971251721072609,0,7.782111209767586,1
1105.2235076967538,0,284.83830177183586,0,4.342310215381658,0
188.42793197335916,0,316.8109715298044,1,250.0,0
1244.17088471855,0,320.35188096755513,0,250.0,0
446.33588583972386,0,99.14619347233865,0,70.6755841198282,0
2134.8297559079824,1,122.65603425820325,0,46.279120291965235,0
1349.3736960766835,2,83.29754350704611,0,97.99050948122965,0
599.1083851993561,0,146.19688373309293,0,27.40443194394612,0
1757.9264192589999,0,134.38872372420005,0,56.10914534921717,0
373.48026187983226,2,512.1911037913475,0,9.892157028636156,0
1980.2595031675082,3,67.5187155807141,0,111.51831008172643,0
650.1854430881343,0,2035.028492875742,0,250.0,0
1198.920314031509,2,75.03991862048389,0,122.2030163839492,0
798.5121866510719,1,53.52592530380623,1,22.328133571049086,1
814.6856046660438,0,139.36715714444406,0,111.42102429527202,0
237.34055484879,0,38.58385891039316,0,166.73956279848534,0
520.6716230804983,1,191.18956102958845,0,250.0,0
46.224556323920915,0,293.87252992652145,0,87.31462750579371,0
161.58354439550715,0,226.25695001591566,0,11.91610883040433,0
819.6128565021568,0,112.88774675206862,0,77.18560874231615,0
624.4355783229374,0,49.00315501672929,1,167.46140792293392,0
236.28514858285266,0,438.13451369163863,1,250.0,0
176.0385553358229,1,232.28933527846291,0,4.894293961896269,0
157.16870157626153,0,721.0882265677094,0,246.57203115318654,0
10458.730425368785,3,35.293426361494156,1,36.84504535257804,1
328.01189670982745,0,40.412253526457754,0,39.69548781523299,0
471.64367708739024,1,154.66330013108174,0,53.64272265481627,0
10970.161959941657,4,39.625098193582566,1,27.784535154905804,1
188.97674261436615,0,264.51031412500544,0,79.19952419469925,0
559.2075772523749,1,31.26815126102727,0,250.0,0
3616.492168238175,1,32.35089009186619,0,32.805841092892976,1
742.5281009147093,1,94.87799477361673,0,37.664527342549746,0
1268.1640877137452,0,147.5957401748912,0,250.0,0
1431.896890067698,0,445.8399826575125,1,176.1660912079504,0
40.0,0,38.02077303578819,0,44.11002821240347,0
795.7473841243319,1,803.3063999993531,1,81.26926482707593,0
1868.3426903274112,0,145.62715544113692,0,40.11283658464283,0
2878.8801009890612,0,52.38682083425611,1,3.0624316896667723,1
653.4721406695953,0,301.8635671235775,0,250.0,0
505.2534909877888,1,25.484899222108176,0,250.0,0
788.0619952959179,1,156.74356352541193,1,107.39509981209919,0
800.1459053806865,0,110.9204833081075,0,132.06464201995195,0
162.33515799987123,0,1265.872540332422,0,160.84818499958624,0
1360.403046879339,0,352.8104900218547,0,53.57403674014809,0
521.1942202552665,0,627.7264997647816,0,144.2746223161715,0
4065.7386757245827,0,302.7198692078211,1,135.76215764488586,0
86.40604950682287,1,61.549888517577216,0,165.12902677026557,0
2250.6065685221074,1,47.95238018963818,1,2.1909780632904674,1
1694.8959861036608,0,576.0357473333772,1,71.89720769170233,0
943.4391949022018,0,525.91828826755,0,64.96804007862121,0
538.1510562599208,0,140.990674440801,0,61.47500844602679,0
84.60667781536117,1,41.16076838156986,1,50.985367355617186,0
588.4019858488786,0,1377.9050268668605,1,187.22094699153064,0
453.78106045098593,2,199.18163561980896,0,95.26003853930402,0
2339.803676120533,2,145.3285487515389,0,46.29406395798283,0
237.16533427925646,2,76.96003003449277,0,90.99614429527162,0
139.51297351726762,0,101.97907088117715,1,99.38480969463674,0
266.11820216914657,2,127.40065623289827,0,40.46990145221139,0
4981.41303027949,0,8.65938917573084,1,30.000911830954387,1
2050.9127970897252,0,745.8057776001463,0,87.38820324794236,0
1066.7107216457575,0,205.61647144714914,0,75.33559746983585,0
514.2248722001711,2,153.12187546951634,0,54.1746541389034,0
2401.0928459162315,1,198.00396788776564,0,250.0,0
14411.480838362306,2,46.079374270012785,1,12.805350949059472,1
327.3536584004638,1,316.4549175668579,1,230.4270692233772,0
160.8936104378762,0,48.12372213075373,1,123.0792459799031,0
285.91541217810675,0,32.83325004331909,0,11.610440557260441,0
1669.3438644209577,0,59.495189027309124,0,250.0,0
300.10800034873364,0,237.6294263018712,1,151.21963968725706,0
399.4635608067083,0,449.14523671308785,1,11.282014537695323,0
160.57033652539408,0,235.76019666690627,0,103.9653785001459,0
366.9329002842067,0,231.45015395654085,0,86.75930581341646,0
49.105324317555564,1,299.8058587829784,0,250.0,0
388.59238961260434,0,56.92362313723172,1,60.01270456878777,0
788.218911727261,3,80.65558968416357,0,66.64520151326954,0
408.2831726809113,0,444.4244036790331,0,110.561915986131,0
3058.53847867132,0,214.89361951891016,0,12.720596255107168,0
2243.087924799611,2,329.3811843651584,0,40.20045652242176,0
90.67285867976395,0,159.83169322160717,0,27.45681510077885,0
86.32073396127336,0,437.95556791177034,0,6.746200190175833,0
4470.0510768040085,3,66.84622253500595,1,12.13889308288452,1
111.17860063508707,0,118.48306431248218,0,53.025772763197416,0
1795.8076588271663,0,127.34694202692366,0,47.174879847138726,0
173.59691210784723,0,108.85770845422826,0,155.927006816163,0
393.9073427782595,3,285.1769943501683,1,218.91582812513747,0
778.4737615453341,0,112.23395964716455,1,43.55260457412926,0
100.84526696731061,1,206.06642316292303,0,37.993446176463216,0
3180.310545195775,1,108.88201157027359,0,73.26303032752278,0
838.4398880434346,0,174.2407314274491,0,3.1853246537703983,0
463.58897384908124,0,349.5591739654713,1,7.389780841279799,0
1013.6812599627656,1,237.58491833232,0,52.75439079447336,0
368.4826105392896,0,208.25097443298574,1,72.95604397154322,0
152.06168780047713,0,629.6462991099818,0,0.18895755890648144,0
781.3130109452303,1,154.83962309478304,0,250.0,0
1131.9570496076205,0,129.42917317086372,0,127.04001361365127,0
2070.5111388337737,1,255.61216661795262,0,177.94618008207004,0
312.0975676395538,1,99.72583772508274,1,90.95509893705217,0
1404.1737804344052,0,148.8769458381544,0,146.71504908833464,0
866.6218168495094,0,299.9164537657411,1,15.004060940718155,0
455.66657285860515,0,141.74765050770415,0,11.718963685246775,0
275.2005660801139,0,570.5955021409254,0,21.393404233868463,0
778.9808023718392,2,299.18037747312064,1,250.0,0
55.936621231541814,0,260.3934316004714,0,116.85520855695725,0
840.0325969537246,0,292.94272022641803,1,19.810598556633686,0
460.23069696976074,1,113.1193702237922,0,21.318962747075673,0
317.9406560485991,0,129.5395205480286,0,158.00047537727656,0
1409.3979952080065,3,32.90043768655106,1,3.2575150438824667,1
231.57629868811645,0,122.71532520026511,0,17.509918887714388,0
981.2006781580685,0,208.89563373523882,0,149.32480309013863,0
1194.2068648393983,1,150.06579895561248,0,161.73191260766262,0
160.26850472057595,1,277.45211910927515,0,81.79852513120038,0
263.6009072910028,0,270.3493840988626,0,166.66891537849529,0
372.04866456538133,1,90.12013927048734,0,50.092754294364724,0
4184.082393037038,0,120.8669358129058,1,32.51872189010854,0
164.0681032221934,0,327.12061175379404,0,188.51549212857407,0
364.1310317588709,0,462.1723436381138,0,36.244269643842216,0
725.0805194446738,0,285.0761314692386,1,108.76761901753763,0
788.6166856436387,1,129.36164282351817,1,7.772073316029353,0
2673.500145011996,0,153.88827987323245,0,40.03303738936787,0
2117.4612812333985,0,705.1555879663122,0,68.21252075124134,0
7664.693977982162,2,61.69788257902356,0,17.16613899462441,1
1416.5678079813902,1,266.86115058521716,0,74.65299632310968,0
1765.0366984649356,0,82.54478906244323,0,126.56851739327736,0
1452.963452672285,1,170.595903861391,0,250.0,0
295.5948258599529,2,85.57587334195173,0,230.89404700492642,0
306.34057485062533,0,165.10992989688413,0,2.8107403342996857,0
1605.9751875394652,0,63.03714870518829,0,0.5225574594138961,0
1257.4342990318573,1,395.595100132354,1,55.532042785517774,0
88.80831229099435,2,106.31537244016722,0,250.0,0
2707.580230563178,1,89.9767686023598,0,114.66190260781504,0
259.10187253202173,0,403.51060116187455,1,12.315577490807483,0
53.367465608923474,1,134.297629941784,0,66.0905924729539,0
1858.1156037397639,1,101.05247001818678,0,14.864998216506846,0
232.33266672837723,0,213.92955273203052,0,76.52214210092608,0
168.10604454045443,0,237.01078958964138,0,42.43516617654755,0
432.20724034314605,0,120.93912276089301,0,219.27290302361016,0
313.555744530648,0,297.1155207015184,0,5.25539872125756,0
2487.893224589669,0,50.6791822517828,0,52.53717323275765,0
321.70668512437715,4,262.22535078582,0,29.98791942278089,0
609.7272086938336,0,56.55747098773425,0,101.41943321236661,0
594.7325849213959,0,48.256221004140784,1,199.44503783301474,0
266.3557149815256,1,704.3472263219455,0,24.02368699321965,0
784.3298598073162,0,79.97652000089717,0,64.58176550296902,0
1390.2883353459722,0,253.186339593692,0,26.597580735579875,0
501.6736133246547,0,109.10547323461849,0,250.0,0
1981.5231404196231,5,73.22709426602188,1,18.244760812620395,1
1562.738424126788,0,105.87047883192184,0,113.73145187521426,0
667.5548483363209,1,142.16253782564945,0,11.827672832161772,1
598.516150220958,0,153.78580106288769,0,27.35607818562901,0
1566.2108347220892,0,223.61344559694012,1,118.35105074247177,0
126.62546893775468,0,157.81076566748732,0,49.969145466924374,0
813.523435042461,0,107.2997821597995,0,58.02372104021153,0
1280.8764303441546,1,78.10211679773596,0,164.5744597823967,0
205.19074093483087,1,343.0468470261181,1,38.76578393794455,0
618.1048056834813,1,591.5477082508987,0,250.0,0
1029.9193318469486,1,503.82836504235945,1,250.0,0
288.9447315530758,0,135.9974220762392,0,250.0,0
420.8575476793615,1,522.7747500445781,1,219.0421225759099,0
898.8458982053631,0,155.45033897470677,0,115.92435476396464,0
1805.8882253647475,0,101.94783786539246,0,250.0,0
651.2890210314848,1,280.7657899162282,1,138.05561566321452,0
445.13777280842334,0,95.59335458347252,0,4.606604587546633,0
3365.3840123575014,3,22.247414372005505,0,4.775526181087033,1
242.5464348535897,0,131.69553544957336,0,246.29564899997143,0
865.173696154068,1,156.35817904047573,0,246.5096751515439,0
436.69025054742565,0,158.41938280096474,0,134.00800644456424,0
2454.882716420295,0,300.43715590461596,0,1.1575833593571994,0
230.00643927239352,0,245.4367991368342,0,25.215197802465976,0
261.71174266453346,1,910.5905523194473,0,28.73619326817548,0
204.40082274485252,0,311.29247225937263,0,172.17710369992054,0
661.8865292780025,0,653.0592443085313,1,203.79781578553371,0
287.7738679228234,0,71.37431507515853,0,195.96620909841153,0
98.92412830463181,1,141.51864065098079,0,250.0,0
433.78125536586856,0,142.66865399745157,0,69.88387846402911,0
360.11571379331593,1,135.17576577101352,1,92.18299820694484,0
279.03746138105726,2,199.4994126596964,1,16.16790678442034,0
804.6813775314607,0,405.4886883966275,0,89.86972021174113,0
113.65917202654182,0,106.21687023453988,0,53.413750664151095,0
332.305334795019,0,125.20179236834046,0,39.580880901014815,0
816.0973449267831,0,123.63898451932994,0,13.859660303018984,0
1047.140549928903,1,227.73869368606594,0,18.05724342839413,0
504.9093712366152,1,379.3235259821345,0,171.61361002744113,0
1651.2571361016546,1,303.76082513032213,1,250.0,0
158.95906685656038,2,112.1870118865087,0,134.0493960262316,0
92.54112897930017,0,70.1760708701133,0,89.5027674934253,0
464.13008140747036,0,274.49840747190757,0,250.0,0
3983.477308083211,2,208.11527174022498,1,3.518193546628006,1
692.4957323451475,0,145.95444763751235,0,8.417539491967029,0
808.2352964243689,0,248.4949795488043,1,18.467123664225042,0
515.9561081202098,1,593.2441636792333,0,145.8531843437733,0
272.3593826175358,0,504.55889977298483,0,82.6949607686575,0
2153.86258026597,0,168.31575003363577,1,64.32021601094534,0
7837.584809756803,1,172.5957923226742,0,58.263005866977714,0
144.8879041709129,2,153.412630309377,0,99.05720933402256,0
132.14725925479502,0,344.26615670419983,0,250.0,0
1136.737671825747,0,390.32231187736517,0,7.934172715612263,0
1187.1445597179954,1,359.2004960881548,0,140.92859440559945,0
377.02206045923884,0,528.7480798327745,0,32.47732027901149,0
562.963621803281,1,363.1469039981443,0,3.0259084491045933,0
158.876332309434,0,453.4746688277206,1,17.47056663629013,0
1620.8122317806312,0,138.56349254269875,1,27.549981226584478,0
820.5646867648823,1,29.43494511763259,0,131.90809911649822,0
601.4166642391251,2,243.82471706015988,1,222.9754820453657,0
341.7017806993798,1,133.98823004663404,0,75.85799824271706,0
287.79203622348797,0,792.1769569005354,0,25.295609980676712,0
678.2117795901613,0,140.75207298781308,0,16.35440667492991,0
409.6210273368363,1,66.49251787108786,0,94.02339784066675,0
105.17738469726748,1,241.1227283771246,0,23.351465953603046,0
1357.965099646529,0,618.405493536902,0,160.51032909075067,0
1602.4524511595268,0,309.7832880618421,1,111.85073811914951,0
132.87008388346533,0,80.23141044580514,0,84.26427783277337,0
63.38932675159573,2,188.4048708629693,0,250.0,0
1865.6297314305373,1,502.0838915489202,0,109.73558258489669,0
684.8804742111635,0,290.3313923860974,0,88.8352719601129,0
958.2120374666707,0,342.88869276932405,0,95.40033716366676,0
221.84591244874085,0,247.74198561126573,0,250.0,0
5479.426088956452,2,140.82508793668987,1,4.713704625976754,1
2498.954949148837,0,42.684970682644924,0,221.49764107528168,0
3384.823202763026,0,230.44575462294367,0,141.97610190479443,0
262.9736373001129,1,133.76181436443156,0,17.378067027694506,0
540.4931805042595,1,73.16680987965351,1,170.14664317148325,0
68.27106097613748,1,1627.7656444485392,0,110.17774192829731,0
950.0547684262386,0,456.6464670558438,0,0.031752596761954535,0
775.2451306445731,1,227.12333858659798,0,31.341702673938073,0
831.2474814399684,0,141.76772868105,0,250.0,0
621.8641535646699,1,3320.8987187601083,0,2.525004495817373,0
624.0668234847454,0,1563.3469170602946,1,5.5180381563454715,0
1933.3978489878682,0,37.24745613951041,1,139.23806429410098,0
352.53110667389143,0,379.6186493155334,0,94.4718559247532,0
1308.281861618413,1,68.89702273597327,1,55.27413910249421,0
513.0151663713724,0,101.07853250262643,0,250.0,0
1613.5971872951873,1,122.19010240152997,0,204.59601192112754,0
119.79981674445364,0,249.84873812439443,0,237.16966330743898,0
482.6832983047393,1,56.675355681136566,1,250.0,0
1289.3480736885015,0,277.0160899230816,0,111.34927795845553,0
1536.9246829416497,0,231.9898635120471,0,30.504441512590187,0
309.1564374308674,1,260.5463265174211,0,85.02562142317619,0
666.9155244833814,2,289.41544176825,0,100.32404245986311,0
582.2430683090575,0,426.6990181097857,0,17.67948234049766,0
226.72004397664327,0,135.33112225350135,1,207.66224551704002,0
300.2395671357668,1,225.77811813169052,0,122.7452909565002,0
1096.805779543292,1,193.51686480505634,0,2.855927317956585,0
479.7308867787311,1,119.54790201199336,0,250.0,0
270.35161174055503,0,254.8434369380107,0,108.4975227531157,0
712.993465781625,1,349.35565164761545,0,250.0,0
535.8527645143837,0,198.1202105120472,0,62.427006272569336,0
150.7731233100276,2,201.74237070326802,0,250.0,0
3687.672254887701,4,144.159247277488,0,19.852821043402365,1
153.49612104170575,1,375.9753658421921,0,39.83509356154758,0
321.1059656253426,1,558.8204816680137,0,163.66580771518264,0
272.4946624010731,0,143.54898592552667,0,24.247607572356827,0
3104.551018153038,2,96.73121268818679,1,6.717167278405066,1
982.1938501269029,0,996.2092721636197,0,104.56261592609617,0
897.3931493565163,0,106.20981560360418,0,93.01434474965323,0
223.0457883291697,0,433.6423016920985,0,73.30699938770609,0
791.6860122570436,0,141.08182821177778,0,25.705045366267036,0
642.2264484102058,0,94.04912746420989,0,214.47529159241842,0
296.1834993255292,0,152.05300884412145,0,250.0,0
1112.739342415785,2,33.183010038512585,1,46.915038496213825,1
1026.0248057269414,0,91.78223018281415,0,13.790512990815888,0
1002.6742454961686,0,95.87240370652594,0,74.68573766191939,0
119.4501243407303,0,21.62709180835832,0,19.627330006761678,0
1291.4593433434366,0,66.8042008145483,0,246.16293588969586,0
695.1775372920971,1,212.47266750453883,1,250.0,0
854.2505183532571,0,87.87130361834208,1,4.889502696984825,1
40.07021539368226,3,370.62462179388564,0,20.765065643873626,0
1235.5991580437485,0,206.24041687913143,0,2.2447670171105165,0
1368.2149060377033,1,28.029449925165256,1,250.0,0
166.41330177364296,0,36.3733699868621,0,170.45940224418572,0
88.51420911852142,1,1534.126613415682,1,250.0,0
1204.583413360049,0,394.7614162313562,0,233.49628133076354,0
799.4431503531587,1,185.34382669132452,0,250.0,0
854.6402049943598,1,201.4628035565704,0,250.0,0
551.396701297179,1,81.13079771823834,0,250.0,0
113.18288247538504,1,248.61525820020745,0,154.68780685867426,0
150.91146077821702,1,75.14158866399616,0,36.36911371044129,0
317.0662709934817,0,209.07844517950014,0,117.33471364686324,0
209.0821288510149,0,53.118059048145724,0,233.74642899617928,0
1206.3854056298255,1,53.92615618892714,0,2.0950368925591945,0
372.1599525167817,0,480.2456206809703,1,50.64923126366499,0
366.8261925993707,1,75.14458708855344,0,22.57913980846169,0
157.03434190118566,0,130.14003453953487,1,111.0758806572317,0
616.5965189723929,2,334.5654719181395,0,231.10305118837343,0
478.7430705984567,0,852.9533120408781,0,21.288171305956325,0
106.37264491669741,0,101.16499124123649,0,250.0,0
2202.88620281339,0,1218.2440484299113,0,122.37109148171822,0
376.05235265488653,1,317.9073783457203,0,73.10038707560946,0
79.99204238764955,0,140.83778266592876,0,100.32228268434835,0
5315.8256360610485,2,178.82297870264168,0,19.165862060654966,0
131.80611698048583,0,476.12498874279834,0,29.381441461169285,0
981.2905602218384,0,41.36994042137904,0,90.21894843614976,0
136.64226028781852,0,376.7569053827151,0,139.22881604690667,0
188.68362563757304,0,806.4145087002246,0,250.0,0
1132.1653370384279,0,79.23175469027707,0,125.7884987124113,0
5449.452365130919,0,211.19527722622846,1,12.98449701104237,0
379.7186359174703,2,314.81407584110605,0,162.50640688131304,0
636.4690164385711,0,976.2352536019072,0,248.58098377332033,0
174.91737982289706,0,145.68138837762055,0,151.4940901278782,0
537.0102924991492,1,2551.6534153415287,0,62.71600853261782,0
6272.864185265549,1,38.80388774251815,0,44.12433934602906,0
71.39382746021892,0,185.85667854366193,0,127.75625612707417,0
455.3033957051683,0,175.88407318176615,0,135.58370104417136,0
943.1844088871754,1,432.3079988028941,0,4.117584867148859,0
1140.9601689844762,0,229.01175692634126,0,15.569620351068691,0
2175.307200014261,1,100.98392072616872,1,65.29256025072779,0
233.50246787791463,0,157.44211896314323,0,85.05018464025738,0
135.33160729110057,1,822.7787738139724,0,143.3565868180276,0
591.7779742399782,1,281.58680514833407,0,247.62701647490394,0
193.8019091547001,1,826.3570401650389,0,87.15137350835423,0
146.10393144399708,0,1939.9782703100236,0,95.75690356365897,0
817.440874665333,1,240.4763284552871,0,41.38303423737279,0
452.49590862827546,1,93.17513697838946,0,48.46053853717992,0
40.0,0,108.99875404355718,0,81.67744254859218,0
150.79536588211684,0,159.28275784932464,0,2.6233330486175324,0
440.7779432810581,1,428.6726650739586,0,130.48015087585196,0
2481.477918243251,0,214.1674997695335,0,43.49493360656278,0
480.6897664724287,1,271.25693894761764,0,250.0,0
421.40781136812046,0,95.7964729845911,0,131.41847078565016,0
206.65966266921737,1,225.2915429494136,1,51.97166848385457,0
612.6298668029656,1,480.8867810597246,1,29.969946542221358,0
264.4866243508245,0,195.10960378200866,0,102.85012003162771,0
92.71487147768406,2,290.34881933229116,0,226.67350203106895,0
1356.680296483809,4,17.9946516115784,1,19.47934393760817,1
492.77249964698234,0,495.3553343730194,0,107.90302182432264,0
5193.827572344707,0,44.582299191188,0,250.0,0
390.241258100725,0,154.73494073114207,0,99.41804722102376,0
997.2740357329944,1,297.24082007921857,0,250.0,0
3079.671646393726,0,478.36211175921574,1,6.822107355917375,0
158.8022869476808,0,151.00030240881495,0,96.72343012832393,0
554.4016861412407,0,117.7877778462231,1,174.27933255320227,0
1382.719447147375,0,142.22042400564786,1,51.791679738595285,0
1091.8639300202808,0,37.53911726726966,0,55.28443649019606,0
315.0199928589599,2,154.10346906646828,0,227.69801657065054,0
878.1372705645322,0,232.67899742175956,0,216.40018259791924,0
6093.388690850574,2,30.648656666009433,0,0.20228159752586672,1
1343.1624785239587,1,123.69640316597764,0,250.0,0
1620.016788662737,0,209.17327453096766,0,16.749363402018698,0
450.968126110285,0,1679.9202377010538,0,43.8950558210582,0
490.10466207463037,0,161.44867701958276,0,154.26470693424852,0
622.0164120623641,1,83.89050066401316,0,24.142820848907203,0
3095.901986303153,5,91.73063052310727,0,5.120575168237379,1
221.78851368446323,0,314.7305489595888,0,155.42200578444886,0
707.0984214348249,0,85.87910039450138,1,208.79250710657587,0
287.0809273941434,1,153.3710641409857,0,78.668260837176,0
601.0070949588264,4,455.97331286947343,0,15.184920190018076,0
273.06302260705684,2,55.83035010409646,0,182.48236302305799,0
1277.9224859603617,0,106.15441150259741,0,11.182540614846898,0
215.2003393044373,0,459.5338896708476,0,155.1394845019967,0
1954.7377641131952,3,708.7286063539325,1,156.2778075572887,0
242.89043158790372,1,636.5086038753474,0,20.055191412593963,0
633.4943241341529,0,311.76770797119264,1,49.1243880014007,0
125.17976032483224,0,151.89204146137175,0,31.392205504599183,0
1264.1907132272045,2,51.61159845982334,1,0.7841910660567388,1
2520.814840229759,0,68.89436631436612,0,64.06996040902114,0
1479.7984070948,0,78.11505350542562,0,65.64419119516633,0
162.98870775966242,0,271.02304745457917,0,45.13470726464162,0
2527.0578759110485,1,23.621404293551013,0,8.705780347712192,1
2265.451455886544,0,140.52196735094958,0,140.51809542314473,0
262.57471923039844,0,588.7280874432319,0,250.0,0
618.1713975178102,0,184.43189475618294,0,14.770861210957719,0
105.73011313639941,0,110.49778869266926,0,40.555375521993454,0
369.98903521937706,0,187.83213717472233,0,71.13607615112493,0
828.8090066644043,0,141.0760924274334,0,83.45797119218766,0
2338.7216241182664,2,178.80484307040317,0,95.41797590421115,0
78.31424800341863,1,597.3018942606358,1,3.9170379646820073,0
556.1073587762056,0,86.85511167230119,1,145.3465760435533,0
9248.274849923004,1,186.0404933279968,0,8.831484830630295,1
805.9276896620208,0,535.9569955752296,1,37.58861555278721,0
1133.3144251811498,0,228.30094372920973,0,1.0833951559921275,0
920.553264585322,0,309.9980697841037,0,250.0,0
415.2368950683971,3,152.98583619432802,1,63.83102066682963,0
1659.124536829776,2,38.05168002034679,0,1.789622200074241,1
1211.3782990808468,2,349.7492972670273,0,95.76956664401509,0
155.20934780508563,0,674.9020684313282,0,10.739057988640164,0
61.77190145475236,2,278.9960950160474,0,25.24234353499624,0
1076.796905299505,2,221.45389235938055,1,69.21574126824451,0
1319.4274976406803,0,975.0199615509582,0,54.96763593911695,0
298.9715721817937,0,305.17514947273355,0,186.76038338228523,0
105.75449504400606,1,100.99442775407466,0,132.52377500408366,0
331.18659957670593,0,37.086464688731716,0,10.94014276921285,0
3031.7144185887732,0,240.49937083257072,1,121.05157426753132,0
277.162338239571,0,158.96632497616872,0,182.9962076688231,0
355.78198960522803,1,418.6261820407688,0,128.78884686497915,0
446.840202653708,2,506.76119007622947,0,120.94301746800014,0
3093.5439114067235,2,121.94380669922107,1,2.622485435248443,1
180.30886633125763,3,479.9744984385129,0,250.0,0
2737.5762338152867,0,9.793794626802898,1,28.778419136891564,1
947.2671658556585,2,96.09793657457541,1,57.088618223995795,0
225.25489632230995,3,439.1225667797319,0,52.93722798807057,0
534.7261630804988,2,508.58446926397465,1,209.9959498767286,0
199.3530953216901,0,205.0371689852692,0,67.82575343905184,0
307.81890365882794,1,193.4507016062254,0,250.0,0
3083.262657787298,0,460.50618087758676,0,16.568038511519173,0
465.38167235401227,0,317.6901215502633,0,6.086030180814791,0
319.25553137815945,1,69.33132843133275,1,163.165621140889,0
6768.217991969408,0,172.17255471785987,0,144.6333675460881,0
626.2609337646904,1,330.76230373915973,0,88.68092850005984,0
1987.7707653914233,1,44.46612418905253,0,41.45721843304724,0
2329.2087535373635,1,101.20701540877569,0,22.068250453792984,0
2855.7009132388466,1,67.35950574266977,0,139.401686972486,0
1249.463917095769,0,44.55394985774186,1,116.43728893207518,0
1331.1972100224018,2,150.90063642946512,0,188.16974666429098,0
102.30080296164628,1,294.9065494978021,0,249.7258873452877,0
468.522435428286,0,138.2886873535638,0,179.54283526849295,0
139.71960324423316,0,96.7999722290799,0,27.39448185541694,0
246.79325331168243,0,201.0480235409228,0,42.858960321018394,0
960.4594848359778,2,528.2936257816295,0,41.786211723226884,0
620.2342498921837,0,901.4718714352449,0,36.30548719384408,0
1147.3270642781674,0,677.757548907212,0,1.272036324432859,0
712.9891637551458,1,572.7133334427211,0,194.82459062274384,0
119.02773823056874,1,64.36971555801651,0,250.0,0
122.42123521520895,0,273.00826282202434,1,21.544340166074665,0
289.359380704441,0,134.57497996062474,0,62.4980895578695,0
399.3170338046128,0,133.9311006912706,0,40.485466816680066,0
444.1383672207044,0,84.63432919901524,0,138.2700239615744,0
2562.9023472835142,2,98.05960892004524,0,250.0,0
281.00534852477637,0,219.4206524025763,0,38.51662334140767,0
1975.3919106835722,0,835.2066462910767,0,181.39188148677732,0
528.8856441808283,0,72.46242836018924,0,95.61494654994827,0
105.97357052740682,0,150.27913439777402,0,3.81215667035942,0
68.61074497742847,1,56.7342164996302,1,1.3130618947959147,0
331.00070645455594,1,77.07029149274449,0,140.41847948024127,0
1737.0111771732275,1,56.600612114492066,1,6.1803379163786225,1
182.42158412853638,0,204.34518501598887,1,42.22084034694049,0
765.7330179929886,0,211.91183564621963,0,49.57378434553114,0
785.7542935699851,0,314.6847943253943,0,17.98577629968995,0
40.0,0,216.45845939480287,0,19.89485186713601,0
959.455514764683,0,110.24083970679891,0,206.97236353874683,0
261.33347021418814,0,662.6420297874105,1,198.0056894570942,0
289.971913826862,0,268.5195936644268,0,20.003324439464578,0
2061.0029979551746,0,747.5911723131769,1,179.6558449144867,0
307.7678480452378,0,490.671418795332,1,70.79941608358303,0
385.33662126866784,1,757.6959117032635,1,250.0,0
256.9667774370825,2,445.0682736379481,1,4.122744367445174,0
3080.585031390884,0,138.879067251763,0,187.61408487494853,0
760.6230857675679,0,113.69504687096327,1,144.71989138571527,0
687.7983645658155,1,265.0657044377488,0,250.0,0
659.1414251997907,0,67.4358568616693,0,250.0,0
1524.239158074789,2,25.850867707927005,1,12.064049702318568,1
1128.5300897701613,0,1147.177437017181,0,194.71775572333354,0
498.3381586427457,0,180.76386863072076,0,97.77522227859805,0
740.9298803310234,0,257.6220475295133,0,117.07971681713973,0
77.67440540066903,0,85.09452818633727,0,134.09451248537707,0
89.49624706612641,0,126.90942031958743,0,47.73328166740217,0
537.4515947610284,0,262.30354463214076,0,105.71908475775996,0
300.8057301689769,0,222.78267447500588,1,50.516658120782964,0
1811.7879096201905,0,116.75252709538967,0,218.1704392529007,0
274.42299698729704,1,30.585372185390504,0,250.0,0
1475.6394321896353,1,24.328013248702227,0,26.454473203991327,1
343.8539827474788,0,48.58410163120046,0,69.1852752473872,0
289.1005755674658,0,198.17674744647042,0,195.14646692215265,0
429.61689950283625,1,129.13571691797932,1,75.46702209098531,0
2320.4824451082914,2,321.84532293630974,0,66.78190684913665,0
1217.0719114215497,2,141.40064868927104,0,127.5024217801498,0
62.903913908590894,0,133.37698940430565,1,250.0,0
668.2793211440982,0,736.5763501589985,1,0.19362130756913315,0
973.7181374243756,0,42.067946343497866,0,101.35493796592085,0
1088.5993530416124,0,192.47227313289935,1,19.67600661519483,0
196.70370703665216,0,272.19987594421104,0,250.0,0
95.48757768976931,0,749.6198219949828,0,22.342828202238948,0
347.4225217241675,2,410.6239598750473,0,93.44816843854258,0
1328.0206948198897,0,154.397000660545,0,105.73108216727202,0
3376.699211044035,0,126.87187128227221,0,0.7606499176246514,0
325.4993803772116,1,671.1107433038426,0,1.87340633661583,0
704.4004015634227,0,83.76550300572266,0,250.0,0
380.3361768465873,0,160.20385906660272,1,26.77110713443497,0
538.9439225986126,0,100.8461848568623,0,11.510709466827334,0
99.8950005735771,1,77.06271332703055,0,197.22078063558095,0
1191.5233293895872,1,457.275644958872,0,80.2093134632619,0
2965.510542518608,0,189.4158919257838,0,21.725652341318344,0
157.40587166979407,0,49.64214678974943,0,20.25508001760996,0
171.42242304932566,0,494.40878397527814,0,73.801019978599,0
856.7844551395203,3,158.58581101474886,0,59.975093602442236,0
511.0610382690084,0,307.4131690048189,0,193.37908610822845,0
1474.5954019210926,0,143.82788449400832,1,140.922841444154,0
769.3523176467091,0,786.252691999387,1,91.64541050464821,0
211.4583734650209,0,283.2261084042686,0,3.953436867609006,0
1945.3048661252622,0,41.65358549368514,0,12.833602848477991,0
172.64474430791157,0,101.31434827479205,0,47.52408130124966,0
259.74359247640405,0,497.8360800495088,0,107.40098109896192,0
369.1493896236828,0,217.17987468965285,0,33.304932846903164,0
731.1004507439325,0,1387.786928021995,1,250.0,0
300.7865009689392,3,81.06952840309286,1,19.530180110149075,1
687.1496275459776,1,220.0667517342011,0,168.12061064414547,0
394.0394888659188,0,126.2629610678711,0,56.307474777491684,0
350.79881300795336,0,368.86955812146834,0,1.7713249039083587,0
291.7276314561686,0,195.0516035629662,0,101.33046829763065,0
279.99069020182816,1,308.282855362752,0,27.391996249833674,0
783.0535533693486,0,233.40581163432415,0,250.0,0
218.03895829030594,0,55.45692968543617,0,80.45261169377318,0
268.67460435297295,1,207.91619868571078,0,32.28881951312283,0
289.27905210842886,0,747.4866720606055,0,22.78998172033776,0
801.576428672074,1,1459.0555345822006,0,9.35171241222907,0
225.23885707873472,0,75.83437104158533,0,80.8502090927213,0
619.4311701992441,0,310.9841243684899,0,86.76274866728883,0
1231.068856925493,0,54.30808107852617,1,70.2822259041123,0
107.74306278451333,2,63.085950143858625,1,152.81407462295044,0
564.142665128437,0,130.53738355849416,0,177.62379817903042,0
688.2922159190381,1,358.56934215405255,1,13.464324685409338,0
486.66891345768653,0,344.58884557298234,1,39.22052597952907,0
1128.9597618098321,1,37.13059003248572,0,13.91165488301088,0
471.2108796643337,2,658.8308938986007,0,250.0,0
212.83090108342066,0,191.64684441097563,0,96.97207136454755,0
810.6916194386393,0,94.74585538407639,0,20.0028017941472,0
5179.794183667214,2,163.9401436725462,1,8.157000233523657,1
2614.412934901441,1,260.2647415249173,0,131.54238665577194,0
225.31013699860614,0,117.70003416552728,1,140.4148943593433,0
304.53427223173105,2,419.0484357614179,0,121.78998261855016,0
232.33457977360123,0,952.6754385095991,1,8.789335974441931,0
978.8476789706069,0,526.7720258996658,0,57.14615557786781,0
1161.070179056838,0,332.75052711584385,0,238.67481357839898,0
324.64925555221856,0,147.0999569694836,0,153.02837748400623,0
2095.846686041123,1,258.5393771297161,0,67.77594577342508,0
124.78758009379696,1,69.54399426743936,0,151.33986746636884,0
119.29021496458404,0,108.65279219137334,0,18.03409828918766,0
658.8652076550702,0,513.2848440881814,0,110.01714250695518,0
326.8745200131396,0,309.08241642840744,0,116.38470573270916,0
317.690548772795,0,1252.3612571980912,0,219.09979232909745,0
198.19202424146332,0,154.6386211262789,0,49.45314810887638,0
3017.4127715725112,2,531.2513963431462,0,184.23877575176178,0
1098.0624279768986,0,681.9484570916035,0,13.533007918956676,0
1217.1311582988637,2,97.26911996543656,1,7.509568498219919,1
154.09144977935924,0,307.9339766398658,0,116.4622005871939,0
1321.9448692079627,5,32.087258890990384,0,27.806402774176206,1
40.0,1,68.47646074334911,1,70.53440559953614,0
657.554478155338,2,168.03131508132736,1,250.0,0
72.76894999740493,2,212.09956265092578,0,166.586185047352,0
544.0732981995612,0,615.0964142990372,0,28.658180184511657,0
373.4822644877602,0,252.04657811960487,1,104.03033648563023,0
1074.7068354758953,2,2182.090667390346,0,103.29456046613845,0
293.44294295507666,1,144.48842417111172,0,40.67398602494013,0
546.4002090289758,0,71.0838056375462,0,31.686768685280136,0
409.0755035525517,0,393.3655398750586,0,0.3073361157309762,0
1319.450380231877,1,221.44851776896147,0,189.9331755370533,0
1092.1872960976036,1,190.71364238471855,1,87.20814443611293,0
278.9158697609613,3,200.9638927831029,0,42.5075755604536,0
224.37190630542307,0,349.3962240904844,0,220.74505712274583,0
1334.5611380596436,0,1084.3655331584139,0,55.51381535167072,0
3336.7647978899063,2,558.9205251898371,0,40.56621607054329,0
885.2429565796647,1,223.66862826724656,0,80.46713650698277,0
175.85940505972388,1,2814.9241354658475,1,225.8905699855266,0
208.0997259595622,2,154.62013727020368,0,3.673392356440447,0
252.0953772818581,2,49.51440911104978,0,97.27533757813325,0
567.595436823797,1,324.6732185430508,0,18.20409350050046,0
122.90167086146432,1,171.46138738574848,0,250.0,0
511.1253622486199,0,534.2606450899654,1,27.376620959147353,0
309.34539321548107,0,144.67224053121984,0,199.1465715838319,0
986.5380263516306,1,224.06308111466853,0,20.421470082890977,0
7528.06251748531,0,141.8035982130935,1,6.274520223885973,1
626.1171714222179,0,111.16279125406169,0,130.85522592744053,0
575.6648733409478,1,339.6692230224712,0,36.80381359217413,0
1337.2892539111174,2,12.644666694875562,0,12.377315268256554,1
3084.856390918511,1,53.06256165244325,0,5.9078500164313095,0
144.36213965905048,0,115.70886848300312,0,236.61932619160578,0
4167.158297513496,4,13.12438461699236,1,21.32536993204138,1
128.19946566123463,0,68.23615937671237,0,155.51178944901892,0
161.53448832293287,1,194.85129263982128,0,71.73297119593691,0
149.8726144040842,0,327.4874225309691,0,35.52961021579369,0
535.9639545229686,1,73.40974628925983,1,159.29353768135223,0
473.80798566526283,0,265.97664246750566,0,47.63657033349047,0
740.9751017349708,1,1134.9900499840587,0,150.91243792022996,0
986.4292644781618,0,237.06549513443355,0,62.29800340202293,0
61.15703223600842,0,426.85431133992637,0,250.0,0
73.95800684014965,1,93.03986435143314,0,38.5765938764632,0
189.9820555618133,0,808.3144586918216,0,37.45938109717855,0
40.0,1,52.06160569812591,0,80.10605738299388,0
301.7801104787906,0,211.95815409312144,0,82.21705292352067,0
138.19327420147164,1,134.628672074568,1,62.44138502015271,0
198.6787471666624,0,160.81124400429562,0,156.19430889015572,0
1297.328008127424,1,116.87566466389237,1,117.93971686514143,0
227.2738734395423,0,363.1405068562564,0,113.78026549450605,0
372.700136373038,2,261.52138596350756,0,135.24480232612996,0
180.8307130211915,0,262.73840682078946,0,56.32606531770851,0
953.0799361478115,0,183.89258301443448,0,14.52664086531637,0
149.69296832268247,2,240.9047420955922,0,250.0,0
150.076509842705,0,46.973708984095644,0,250.0,0
7471.242175530534,0,214.84907006718652,0,6.821206526914016,0
336.04844171345474,0,638.8332371556276,0,164.7086013827852,0
740.9131782043955,0,164.3140248687609,0,54.55246194384865,0
175.58539167777482,0,104.10409765871329,1,33.691318033175115,0
1170.7214919708524,1,503.53458701497334,0,12.318495626980594,0
343.915370604057,1,99.79395266015744,1,69.34356880750116,0
256.3298721505337,0,379.74472657577746,0,105.56981080727127,0
376.5141241109585,0,131.67698765523988,0,42.13022534823143,0
628.1610573904535,2,290.3330737677385,0,6.683777783190367,0
3792.7737453243353,0,38.91964108671572,0,250.0,0
477.0025866880854,0,1143.0830601084103,0,98.53794189365787,0
914.9866256586953,1,449.7611134435819,0,16.03402231414559,0
1046.4769065445487,0,130.76809297823127,0,107.77776786413659,0
413.3347435863518,0,249.0639972701096,0,250.0,0
64.08491583495962,2,183.25339816356407,0,97.01189681143536,0
175.5124499954083,0,137.35115478982496,0,79.80211581405406,0
362.0340890845703,0,900.6365780992583,1,49.589282244177134,0
457.6066809907986,1,207.60870969876495,0,164.50920848126168,0
205.8545206968056,1,132.4652926979287,1,56.32834856559673,0
1328.3183655253488,0,658.8301600683492,0,54.6060225764474,0
256.80539544253224,2,102.99014369008287,0,23.43003327788505,0
1452.1087538841055,1,734.7320404234074,0,87.31656464284349,0
2333.1398077234544,0,106.05041620904943,0,196.13089803803814,0
240.0297448716326,1,195.64383762998733,0,4.960209456623386,0
340.21261201580836,0,454.1814197632784,0,135.66773458763308,0
816.4743435771338,1,37.26230794058538,0,99.0562496413172,0
871.8561197051948,5,16.929431750503422,1,2.304500245077048,1
460.868154858643,0,141.51204151751406,0,34.10726303796112,0
495.24624024545074,1,318.3606404199847,0,163.2756233159648,1
690.9001898062586,0,553.3726211968941,0,51.85375525086347,0
145.42001160482525,0,419.36059020912717,1,19.126186946269875,0
405.75070111223573,2,255.5680649838845,1,250.0,0
304.73485521016397,2,77.11414655346381,0,130.9326505458834,0
1177.8100765933896,0,291.01762335715915,0,193.26355601004374,0
3032.662046855622,1,167.90158715640624,1,27.582223432184833,0
1078.7842711515218,1,391.69661920593484,0,6.319479147533028,0
1253.133220720404,2,12.020833811674638,1,3.1300042747833245,1
65.21643295681402,1,417.4711649417028,0,250.0,0
422.6062352716894,1,109.10246356649668,1,85.26283425843789,0
118.36709055308438,1,191.69150464579906,0,26.801292069468825,0
791.8528849804411,0,476.8539061932362,0,108.01027542211595,0
455.03342857396075,0,43.02290835254416,0,78.18279684249705,0
30000.0,2,14.522471112728216,0,7.416654496852113,1
471.44623038598644,1,213.87091699575828,0,146.55212853701832,0
6754.5671268638325,5,378.6905384450918,1,14.073112360410569,1
318.3290238667633,1,19.686823870475898,0,1.483107109142961,0
15446.755905592325,2,41.35375827448445,1,13.93925997124178,1
108.06517354763142,1,310.52344087899706,0,22.165164279348563,0
2182.951383376353,1,727.3395335660056,1,0.0850808257746356,0
1591.9754205731697,0,396.02332446770663,1,127.39244049313643,0
987.7287822005103,1,20.994885413783482,0,7.431196671571433,1
137.05296119157245,0,67.5534429368,0,13.435642932658226,0
719.22139755971,1,110.67192495073604,1,52.41530834139912,0
608.380123405187,1,146.91062718492944,1,60.505269259405885,0
311.37520313924506,0,70.29413749717531,0,250.0,0
2994.0281633703316,1,20.021195969390096,1,34.506380472305146,1
1058.0758861958163,0,296.74832779811413,0,95.79589253159334,0
4341.660385761761,0,27.628878924180214,1,3.670313769739941,1
306.7583369762501,1,404.1714959123414,0,233.2098119419753,0
278.10714661080266,1,317.06555915541355,0,92.71943499193877,0
2472.2507508718113,1,69.1627541886215,0,2.619592493762539,1
99.57132240118996,2,77.95707904523013,1,7.9442080892765174,0
1579.170981790383,0,761.7236028036579,0,56.83925823398417,0
353.4981062088453,0,183.7963930668731,1,126.30223946773884,0
428.7027045438388,2,902.4818668281113,0,62.525935080186954,0
226.59197656001052,0,200.8187400485074,0,59.80382587756469,0
177.4420413653953,0,211.26562191686088,0,52.50215123199051,0
144.2652454360127,1,505.2592685254791,0,250.0,0
196.25781952003905,1,717.2258715064032,0,250.0,0
354.0636041981879,0,79.6498118704759,0,214.2478915305026,0
540.0365365181361,2,114.0019444967589,0,2.7246698575935158,0
1492.813765692498,0,727.7059356723914,0,250.0,0
2013.5766717607721,0,152.80270037745535,0,90.16297135550349,0
621.512990864456,0,463.8156105676496,0,25.863390613632706,0
884.8206486178211,0,34.806191553956815,0,250.0,0
369.72118309468345,0,212.54004141094745,1,225.81445151533123,0
301.57380317395933,0,126.33875406997741,0,79.98758912419446,0
155.5291495406966,1,92.12833582557784,1,37.1706781946853,0
401.9015716080351,0,793.361048866562,0,132.22533827325242,0
1854.7796916204436,0,72.27660522947744,0,250.0,0
397.1059679683306,1,43.80853175420169,0,23.43907625396358,0
659.9032884483584,0,202.81504401971358,0,61.32408889912271,0
3134.74156559626,1,89.26988699637143,0,23.618464215897358,1
305.7521205304169,0,498.56075975963853,0,77.5722069892392,0
315.3077882087087,0,138.45768100626393,0,94.85178168714148,0
380.8677174980028,0,197.18767927023623,0,32.95886218068421,0
766.2283780931181,1,71.4062217133346,0,197.9132068877052,0
4541.800091638206,0,329.23004093463584,0,58.33255630214604,0
286.23330878634135,0,191.91782983336148,0,51.72536824437796,0
1376.2008622524743,1,126.81506546243527,1,55.62550506367606,0
1265.2905064493827,1,521.3596620621776,0,138.66380390503465,0
2431.0365917342515,2,27.346316941857882,0,7.698467318699045,1
425.5158300457203,1,309.5729189045773,0,250.0,0
542.3121332443135,1,33.28558525026435,0,29.437062877664445,0
182.76726244448147,0,94.96162812105875,0,98.6984813512309,0
164.2188044186562,1,280.60658971212365,0,142.5889292371392,0
117.43924614753105,1,82.44117617747924,0,250.0,0
314.73073829397333,1,70.94330868352947,0,15.383593685667291,0
243.9957442894841,0,280.09189399056817,0,68.99287618553987,0
171.36416378209475,2,280.2198543476446,1,18.767800343768183,0
1442.5851526683068,0,298.55169219369805,1,115.451138571381,0
41.595011434741345,0,88.09505471164634,1,94.21626906391987,0
209.2965784481123,0,296.03448282856226,1,26.447795876617562,0
196.81845177009225,1,119.5219270797062,0,54.58810332199274,0
114.5387604831797,3,232.9370722414043,0,13.155714407849201,0
279.02145268146626,1,127.97000485183001,0,1.9220093937896823,0
566.8078615156062,2,58.905334877224035,0,205.52785697267203,0
483.6575381549414,1,177.37021398134962,0,50.49087252283513,0
2073.96758922871,0,171.1277918462755,1,124.0241320315179,1
470.3313763442289,1,186.77111183228624,0,65.21988523581552,0
3435.4908518929456,2,12.437816810278747,1,53.39540168572596,1
61.46301351532844,1,686.2633228739994,0,250.0,0
524.8147080780783,2,199.01279727044655,1,68.74355504773885,0
408.7356627850371,0,419.8346423820128,0,214.41124212218446,0
1809.2736801136878,0,373.8557426287193,1,33.46545562410518,0
1003.721603971422,0,331.68885138152797,0,87.63640893930844,0
52.02323306241176,0,46.5965380122816,0,119.09746380894228,0
1186.3745907741495,1,1652.7710935340183,0,73.72588653209667,0
127.30338179267422,1,148.4727619870024,0,26.19974030521636,0
622.1537351688352,1,475.13918161504847,0,33.479034198436636,0
235.45502997125055,0,25.495578394232876,0,213.73504161731105,0
267.37687230169996,0,267.83329336527413,1,142.28196029629913,0
1320.0451744314514,1,921.6042651144879,1,142.4405718941825,0
1244.2265727896154,1,30.782649463641526,0,22.150177427777212,0
3289.882541156572,0,193.3714736818311,0,53.9524037292919,0
182.01198308227936,1,429.26336850891823,0,46.212949463392924,0
1449.2272032426104,0,151.40244039727153,0,3.529648809872124,0
144.77472930418324,0,107.89466774627017,0,42.04756334718996,0
1832.0734483314156,0,107.42124071079115,0,110.15703477640668,0
1060.4598738955178,0,106.78776270046063,0,17.868993194670352,0
198.30745039793223,0,128.3552107944387,0,20.530393529525362,0
145.6628288129723,0,288.12159291872393,1,41.21458002488916,0
2209.4735480105837,0,59.217110934184355,0,100.43236855307882,0
569.932739707813,2,339.28593086637716,0,43.48147349418915,0
187.53148899227702,0,489.02561027653496,0,145.95662297693372,0
258.38608141707704,0,71.29355677437997,0,250.0,0
461.13751914526586,0,213.3654981310711,0,70.10475211741135,0
219.58670382034748,0,534.9988840638146,0,250.0,0
281.41916339629853,0,117.60313017893009,0,156.27251166915232,0
1636.437067977955,1,282.6945952599659,0,62.463663443410276,0
748.3771976340653,0,116.56044482971559,0,34.71933281214117,0
149.84132108812304,0,111.85481304424549,0,55.48676448201342,0
152.16538399260477,0,722.606676855069,0,15.499136968944791,0
90.11275968857063,1,519.9668758645048,0,197.98117074543714,0
984.137638147609,0,69.15196471374941,0,250.0,0
1280.210578139335,0,105.31841885832833,0,200.04033985305003,0
615.700984072493,0,106.85066271588637,0,153.51847401699,0
552.749117602604,0,193.7679588973791,1,135.36789867788582,0
239.82343670486335,0,105.19010784389071,0,26.6790916821497,0
197.8196607211141,0,316.60548376853274,0,128.80162990984633,0
82.40328257904179,0,142.7999092822974,0,7.7921445174328685,0
119.90580179432806,0,125.77565937963153,0,74.38357906405551,0
314.57995629252406,0,98.2210230449751,0,101.38587906212486,0
7854.535432281551,1,26.106928151881743,1,9.23593366067459,1
244.3594229893004,2,510.06447579229507,0,55.78676320018999,0
383.59959044318236,1,265.11859661796115,0,129.07743401203498,0
159.49245810499147,0,1269.785842536541,0,28.657735754240267,0
99.66019833678564,0,160.70488925242728,0,25.779407329077642,0
108.57981381151284,0,103.2086469513938,0,82.03745126129014,0
857.2775011098694,0,368.92953661665734,0,35.07966862281355,0
3247.485617019358,0,449.2057748463645,0,125.72553888571969,0
86.78765759502399,0,81.72210188216805,1,188.3277228538669,0
1991.6887196279815,1,91.58132282113922,0,123.58857702442667,0
1845.3324997673833,1,82.1561921933187,1,0.4792361946854968,0
752.403528989163,0,151.55078169377313,1,61.0767807234314,0
331.0189167055427,0,174.46630108429233,0,243.8228369691805,0
182.57050817661522,0,173.96062683496626,0,63.16069822717425,0
331.87877776180636,1,373.1792122141519,1,126.35282205248105,0
281.6941435129714,1,73.2763184218206,0,19.33772040114362,0
183.92362019802513,0,57.589369601536184,1,138.57525069954448,0
219.16914056680537,0,46.33440282971193,0,227.50125156872093,0
618.2188207042461,0,332.53075798716947,1,98.963881219151,0
465.75282677023995,1,1518.893948019549,0,96.14827497183921,0
635.1444717072018,0,317.903342577944,0,60.386313622183366,0
665.2085523079704,0,302.84632619816824,1,72.90679220691608,0
3888.6662681745725,2,30.055316952762578,0,0.2963771844992855,1
765.0502521767987,1,132.72589903629148,0,35.203839232446526,0
339.0485346217408,1,256.3496954954233,0,233.85146974832264,0
206.08024496678343,0,45.03889464955299,0,220.59411920940886,0
321.15453370400047,2,148.73039644724145,1,24.076816318002347,0
3314.658532705309,1,129.03717118070887,0,3.0308021963673313,1
392.964691755064,1,200.69442455799822,0,250.0,0
786.3205979617105,1,289.02926160001743,0,96.42323606754607,0
1191.6171992525833,0,37.95816157096104,0,17.423979339395093,0
161.7011842238977,0,257.14631308979233,0,250.0,0
2110.07703326677,1,231.5272772251868,0,100.31014467832063,0
1524.1785337899537,0,100.42155546654638,0,195.4927492453572,0
1598.580206858972,0,265.0110072395025,0,11.167363075353515,0
277.6913203800655,1,243.11624688265815,0,81.33178314123334,0
209.12501544214015,2,475.78488104376726,0,31.582094256938355,0
316.62650058417546,0,96.52281823124325,0,216.96931256004535,0
418.64611149918034,0,66.77953262683425,1,25.590022134432722,0
376.58512448897994,1,289.63297162211046,0,31.587563209352187,0
391.63714870410377,0,354.58350252088394,0,250.0,0
103.38307751269681,2,283.50310426318407,0,250.0,0
395.65924334834074,1,36.46295003610552,0,195.46933914502642,0
459.87087972210605,0,310.4548486151338,0,250.0,0
2306.40270089126,1,56.73319086466678,1,57.18040013349719,1
599.3472402424503,0,184.81009874843028,0,64.81385932186758,0
1996.9412723788553,0,94.69268206409636,1,99.54119551326946,0
529.5357333630589,1,302.169511097805,1,9.384122559128011,0
298.5410992902401,0,185.75876777950654,0,35.10984011075736,0
44.33699067399325,0,176.81648635693813,1,63.63988097423366,0
1688.763552295216,0,590.6677218959214,0,194.72495820109697,0
380.8172695720373,1,264.52959693412225,1,170.8753970798567,0
660.9492242821822,0,20.72009294884766,0,25.747269367116854,0
1475.8253565309537,0,166.23208655377366,0,23.057393931892566,0
329.6555556295165,1,42.62670246833402,0,215.10308433701454,0
83.28607298645198,0,247.8155662953365,0,129.58998948134115,0
2378.02036590203,0,497.84975258769856,1,30.073082152493367,0
319.405492487657,1,174.0318821736691,0,47.43962656571129,0
795.0333191303534,2,147.3402002851116,0,77.50816180577054,0
187.29459631021072,2,82.97173785938571,0,51.16568387716002,0
224.66001823612095,0,614.6681583078139,0,7.380574369236147,0
136.30323898137468,1,127.93862746255542,0,80.54212399711794,0
2491.5751546781776,0,392.2554731482245,0,206.49934261883863,0
1551.7386185596388,1,122.21088633965181,0,18.825801679826235,0
265.2894387512355,0,74.73383497723809,0,33.137381140254746,0
449.4964070955922,0,635.1879194895257,0,76.89054239159952,0
935.4811324379396,0,191.5800728108345,0,0.5472259012527159,0
848.9142880499006,1,101.38792893460493,0,99.99117435759861,0
167.9006789366425,1,235.798874158474,0,8.695064747766503,0
234.41370994700605,0,216.5154644150346,0,123.41567246966216,0
112.7757223965964,0,113.73773233620446,0,190.3784055955443,0
3240.85466477343,0,99.00070985656113,1,72.72166965302655,0
875.5329783876787,0,1950.0409884660846,0,13.17041349239149,0
708.5447098452851,0,159.5616972153105,1,34.436904187358685,0
616.0479532163866,1,99.03535161492094,1,180.3522606501934,0
1542.6037061464417,1,245.53626979716796,0,250.0,0
1609.5256700666766,0,115.93640614029418,0,3.022740978363518,0
749.2466915768299,1,239.3717678086694,0,9.58518242096551,0
158.25440133454032,0,95.18534468916539,0,151.71898846091224,0
85.48840108899708,1,202.11948241587933,0,81.16716282551103,0
1181.3558408256717,0,270.80429317236076,0,5.7480914963281675,0
522.5557535493044,1,462.97002238635133,0,6.232294267632182,0
126.13999962510879,0,45.526889579663646,0,57.95656631060306,0
1378.3532172762953,0,397.4753286628599,0,161.5373180245572,0
1116.0031795894536,0,31.541911662192422,0,159.99668522737747,0
95.06277945231487,0,287.04799052089817,0,134.47260539959737,0
308.2495087103115,0,364.82978742681087,0,4.507799183415027,0
245.30411834005423,0,311.93815568867,0,250.0,0
1125.0232980917046,2,185.912751048466,0,81.49805414911216,0
520.7881663097775,1,128.70089267943794,1,71.89457449427438,0
1491.8428089489769,0,40.80294436570562,0,20.732425391431157,0
91.8677477704567,0,126.05601923650691,0,224.1439869277631,0
103.52424930288784,1,1400.4877750029657,0,42.786457397242366,0
4996.901524566423,3,359.9011101362065,0,185.1279596933644,0
218.08939844907755,0,44.27678110280075,1,16.277057953640142,0
423.8339050395942,1,62.84981569179627,1,64.63851363750817,0
826.7338402294097,4,46.45203253322867,1,1.9957191275517951,1
868.8196733454698,0,369.7897197587663,0,81.4056546466104,0
872.858722237114,1,96.864492913423,0,72.18873721347087,0
4764.841332933784,1,112.7742828093874,0,115.5713081175146,0
197.34399521197682,0,229.16894821587684,0,119.35404044782497,0
144.5248544498025,0,78.92290863861281,1,26.65261140474071,0
159.59918969354544,0,318.61249797291606,0,250.0,0
2166.0111595947437,1,78.8238256780204,0,162.67442145233386,0
146.21922909141975,1,92.65810917949662,0,250.0,0
377.24001607017954,0,191.3228732791575,0,26.988119818121675,0
762.5780713617505,0,58.33382244751704,0,90.46059679785752,0
997.3677622335852,0,63.92225470253224,0,131.2684692092807,0
661.1733945233618,0,358.3769616159476,0,97.04344881124312,0
865.4363364932345,0,175.49366413798896,1,250.0,0
592.8481619320928,0,128.99312674538726,0,213.96411707021963,0
530.274577336796,2,236.41592395086968,1,115.3689624710258,0
322.5063470704365,0,125.79062436838932,0,100.07674865709645,0
1258.0467550229228,2,205.47053878810092,0,129.13167745463946,0
383.98855433555343,0,1200.7673310944745,1,250.0,0
191.27671129494212,1,67.87550443092582,0,24.00544760565525,0
125.19311871845679,0,201.71490963662833,0,168.07240171775297,0
409.1008880814124,0,288.660057600917,0,38.88400553081803,0
239.2315457678917,0,144.73613587382363,0,210.12470543864976,0
227.2775540279431,0,81.96865434577852,1,9.129705802712058,0
780.6851750628265,0,60.614923196901756,0,159.2467142946034,0
1184.170725348452,1,264.90410460027454,0,64.72693476473331,0
223.1895901112354,1,226.36350373433584,0,71.74474651514043,0
356.15537128897245,0,273.7523835945349,1,31.777558902806128,0
497.7930231658608,0,695.2365531771402,0,250.0,0
1045.270943919672,1,106.57046491351535,0,107.37966626230592,0
142.60638637641662,0,86.52019206251806,0,70.23952689386091,0
876.3979348995607,0,795.2453191636776,0,78.53945913851024,0
226.3872093321752,0,225.88587064462527,0,28.963189804469597,0
1415.6643735305338,1,87.94743258344423,0,67.33163078742359,0
263.65655877627626,0,97.95732306678117,0,79.48641677341364,0
40.0,2,43.73905675198651,0,37.152968103075715,0
556.4704729137898,1,69.26049853877399,1,39.14515586996969,0
429.01546373290574,0,131.45713552999777,0,68.71195230439473,0
390.6361207261915,1,260.6495395990409,1,12.00735445109628,0
1333.5148766294226,0,122.24219419479938,0,71.62997266926993,0
358.3714267950806,0,1245.7085148815281,1,15.153229259953811,0
307.83411727828064,0,316.3203845020501,1,250.0,0
1942.2509175330938,0,493.5287824623158,1,247.02109910003605,0
435.16914391783513,0,139.6625587870275,0,69.95694349940146,0
94.87228613113773,0,115.13151040534333,0,145.2218287716175,0
89.07804440933896,1,124.81953609712956,1,16.47676895231438,0
730.1353126178299,0,361.89106688728884,0,87.52232608671943,0
188.63975497955542,0,375.7721632094894,0,152.70137856589358,0
84.62151070337313,1,276.3567837835157,0,140.8676871833038,0
555.6353228217839,0,109.21969090256577,0,9.846268998138815,0
657.5967700102315,0,427.00624529962386,1,250.0,0
534.7693329116578,0,233.25457830558258,0,38.50681239109095,0
397.06579365760183,1,305.9419765576282,0,250.0,0
1020.4628043324565,2,156.16041831603604,0,20.880276094388954,0
72.62990326604768,0,593.7763033420308,0,249.3268701318534,0
173.11153088011216,0,48.71938724781495,0,9.680981572158592,0
150.73306953092717,0,642.1379762393996,0,169.99176010339798,0
312.99704080529955,1,518.5945448633063,0,39.81175698538274,0
301.0435692567567,1,723.9768974324285,0,53.173782958414925,0
1028.0006994535133,0,152.44408484935315,0,78.5532329250707,0
550.0198898443304,1,451.21623916887876,0,227.68861970654032,0
480.69399599003805,0,214.63799042369726,0,3.0882011294373077,0
285.88611622989373,0,150.4877623988868,0,159.03238163523898,0
397.38864715859074,0,184.11198221916587,0,42.585915051964236,0
708.8670001387865,0,100.54866626611165,0,157.10692645167953,0
235.95732922441735,0,558.9694894267109,0,250.0,0
1176.4718245940132,1,198.2587427381062,0,68.85752823376727,0
770.6867671242162,1,68.93561582800834,0,82.09291090656856,0
3145.8687875008045,0,161.04465065552378,0,139.06986320428896,0
446.80878437130343,0,266.00016152165904,0,50.58764053024062,0
1917.145009195029,2,270.6195892325908,0,133.90178203707387,0
127.711827527868,1,480.01850533923215,0,19.2749647632422,0
3165.523311165799,0,21.469342104410035,1,22.564979912355643,1
276.9539868267301,1,105.53026364203178,1,29.262885244525197,0
788.8120733682977,0,193.93265747035719,0,68.79403968115295,0
310.5978047210805,2,460.87027503011353,1,196.9590736520978,0
521.5151042962326,1,288.41769950143544,0,122.49168849450982,0
170.6899930442979,0,124.09921617355849,0,44.29660163921357,0
396.6967148909861,2,121.48390294184918,0,250.0,0
179.85752875275207,0,388.280874123656,0,103.59334434987403,0
274.79510225858616,0,224.62446895371704,0,86.22173619335601,0
7400.727007909453,1,84.52039025614691,0,5.299645520337249,0
256.2484560552086,1,140.43566428307685,1,191.7197676038144,0
193.66210714250064,0,381.0577781595782,1,1.1200115892183466,0
703.9225204811872,1,134.5307512443296,0,10.970341882726023,0
542.7860648615496,1,279.1063574157814,0,60.306298456558594,0
413.8175024346453,0,154.0138113342151,0,28.931867070091084,0
352.65760750953166,1,111.16483897432627,0,137.36401701753095,0
409.5776546649597,0,194.09069859667812,0,3.9151173551182756,0
200.0082546518915,1,281.4440576146141,0,75.78043465790036,0
1992.6362613190263,1,95.59351670163092,1,5.744110717981759,1
1434.1735326713529,1,184.5821426182182,0,250.0,0
1973.52523748006,1,42.02341236043564,0,42.73439274600294,0
141.90812717836528,0,50.056628634212935,0,155.8124062385135,0
531.4964011887928,2,473.7500475202088,1,250.0,0
1365.4198269615401,0,185.13443587736407,0,224.57909886436926,0
1136.9488390963143,1,98.52570899182791,0,250.0,0
603.2454946599684,0,424.4120436673795,0,91.40205021101293,0
572.3032091683135,1,296.4750918545111,0,9.481411587788179,0
70.31154539132807,1,138.8925735304559,0,53.1137192231974,0
1775.1407897054987,0,142.3053924833335,0,24.135167203700377,0
261.2465972755574,1,339.0704017223256,0,49.23442445603801,0
328.34772790537454,1,49.94097018091337,0,43.865278418378416,0
1502.5526808978361,0,132.44936760805507,1,174.78852753687733,0
437.2780641262859,3,168.00680314447976,0,24.758800236437725,0
463.70757223547855,4,114.02105270452321,0,83.53165017366621,0
640.9798756184903,1,136.30430396974427,0,126.8380875574635,0
529.1856901398857,0,55.59721235848661,0,161.96198031555832,0
452.40167341897813,1,129.8366914429722,0,176.36982309658922,0
161.78975028807182,0,454.9246610659868,0,250.0,0
1149.688744558875,0,164.31528373701263,0,214.1674206314067,0
1396.8987625392385,1,267.2511881704312,0,35.59467382461719,0
317.1967625752744,0,286.00581960878924,1,67.27091053651037,0
353.05665343177577,1,120.16847029652004,0,66.47070374587257,0
328.62922958893404,0,152.34241236744145,0,159.64736084832734,0
2551.206198359151,0,446.4602465419761,0,57.76170115294431,0
152.55845972986822,0,137.85932857343545,1,57.245439691200495,0
156.4916400119143,0,185.22124318278776,0,194.01235034708776,0
984.7463723706487,0,53.629797212018495,0,250.0,0
235.14158679673415,0,308.5972889951309,0,23.071779858045815,0
1526.3029414220011,1,170.773411556184,0,49.45157420840751,0
573.7909573076197,1,90.19902048493843,0,50.079675777552254,0
2376.451509152719,0,161.60549569130467,0,250.0,0
828.3022189832681,0,82.22721044224801,0,34.28696022823553,0
1437.9623745004756,0,85.25169897790938,0,23.605695568379762,0
226.07692117250195,1,260.0158129334243,0,58.04882466437756,0
342.28116803587716,1,476.10299922592804,0,168.98214442309998,0
337.00008559847976,2,169.25039363980952,0,36.90438228957755,0
50.23478633319962,0,48.04744593145723,1,81.00062485648392,0
191.9219495845686,1,169.54032011733938,0,197.57972998507861,0
5596.833525481191,0,57.556460777975786,1,25.631714222185348,0
241.63095724876453,2,104.3346806944468,0,38.57943340913145,0
89.3256055085317,0,960.7405364862592,0,53.57477294790537,0
1511.7096229170063,1,552.7175348107226,0,232.88986024797882,0
137.06901093361913,1,953.2680463220634,0,58.988486909611666,0
121.52895296202622,0,519.1477428616752,0,91.74251473101849,0
2211.580546983858,0,92.14789956942863,0,250.0,0
623.623316223956,0,162.77279196237345,0,109.46346264213607,0
1217.7825609275505,0,147.67747929801243,0,250.0,0
1449.5287226897308,1,73.55805578723148,0,26.38423240177904,0
187.43040979184835,3,228.0859490770395,0,142.87308556307858,0
800.5644859853979,0,340.5326643296012,0,88.21987134152238,0
251.36196282649584,0,208.02429783362894,1,45.78659613062159,0
253.1619271717535,0,139.1507182168881,1,10.855615693661038,0
2154.598384055697,1,21.849011850172776,1,0.6027678476998539,1
46.93824611983773,1,219.4030186529906,0,250.0,0
229.73620512323285,0,212.28815926966033,0,175.55411010772713,0
193.7881476976557,0,105.8107636121699,0,250.0,0
922.3946709043506,1,120.57231597473799,0,4.593070871612799,0
4881.0157405626005,0,313.9160563141199,0,149.14404577368504,0
481.4616842433441,1,420.40906712036843,1,39.69874312706334,0
416.9843303708986,0,156.72571017880023,0,80.77049704292222,0
2834.9928535288277,2,33.18226012254714,1,0.7538745011670311,1
292.33726255968105,0,87.12305621825925,0,1.2142719000699718,0
446.6075684724787,1,64.65486929495117,0,20.978026781224536,0
877.9359146932123,0,62.590887451349886,0,133.39306066910999,0
179.74489726884465,1,1834.2408876306051,1,147.72439613209468,0
1448.838807012141,0,416.343486029022,0,68.27696398420137,0
539.4563108620241,0,45.46524807743093,0,44.54877107556651,0
8292.52718244897,1,88.21836837963623,1,250.0,0
425.8748329467078,0,394.1030804387729,1,185.68152119576516,0
469.59875024965385,1,755.6087921245855,0,114.84876069039878,0
366.061672884116,0,88.25093452300037,0,89.31519380206781,0
455.4004382458815,1,148.4062781112707,0,44.38477223551119,0
248.41422801631387,0,1500.7299706729075,1,75.32644921888615,0
128.02990985883676,1,367.05171533519785,0,40.71974023184926,0
1072.7173182298075,1,47.84130937661737,0,102.42380433054848,0
120.1947005812529,0,111.95183494623728,0,191.1097073892825,0
1420.3014598349448,3,303.12396876309145,0,51.900016369024264,0
1361.587895958851,0,115.17687753383254,0,197.55230181648037,0
281.723250947262,0,160.5446108785227,0,67.44027080256376,0
106.14098330798733,1,147.00574619711637,0,250.0,0
40.0,1,130.58151794132345,1,50.19274638328127,0
1072.0365982539042,0,404.2474479167237,0,250.0,0
54.55977752382524,1,516.3406172409545,0,133.97156727996736,0
300.8638930753884,1,229.00270052905816,0,27.519042692974214,0
1515.9603912516843,0,934.0545862269573,0,6.659841158021929,0
409.62774511793623,2,499.5465717707295,1,0.7346859641371808,0
425.71562078357977,0,182.42047605482767,0,8.610636241730052,0
741.4199145691442,2,206.23390779041316,0,9.036232369397819,0
910.7619712368734,1,1099.6442829059492,0,191.88175262737815,0
1339.1912555922502,1,594.9276901628474,0,141.1365290292753,0
85.43387313051389,0,260.79282794507924,0,1.634358506597132,0
450.23865665308153,0,287.736780504624,0,64.23471395001145,0
637.7991850418148,0,1012.305606905448,0,50.12797644044305,0
907.4136599929201,1,106.75581165768614,0,244.50003686648034,0
1066.2110993859606,0,258.0280837105481,0,250.0,0
664.6147350376052,0,714.9058867283954,0,247.8564815305872,0
616.4602775643567,2,188.3507363522049,0,21.479368672109135,1
1094.8524674942778,1,29.43662171486513,1,124.69644040875468,0
1512.873981135307,1,44.921823593521935,0,22.405157569067427,0
300.77474394107026,1,43.620738602318696,1,159.2052770630259,0
366.6124576452068,0,556.2527022699869,0,131.73116509369558,0
148.8981676084436,0,545.3973915424383,0,31.847149217816238,0
1025.5668003004453,0,55.24383093417651,1,66.50949071387474,0
109.56102488130703,1,505.52220894398164,0,96.73376542333943,0
2393.157281310715,0,195.77508955191695,1,134.91695505519732,0
3660.1021395606567,0,43.26349815025136,0,250.0,0
1538.5924753252941,0,162.41822021549007,1,194.8932055010455,0
90.05682621732893,1,159.5447874447291,0,14.890466323994096,0
70.61928250811805,0,598.6973946217189,0,53.72380524483865,0
2707.0577889772253,0,44.09614653789461,1,43.63919065307271,0
982.331347666935,1,78.56667020895304,0,86.57682643746637,0
149.54924748336384,1,559.1681450537798,0,82.80715744376778,0
436.3757789643848,1,170.61096616591155,0,226.4263840147939,0
439.5821530568693,0,70.45885049408881,0,78.19110947519866,0
102.82934910989803,1,83.31427358113412,0,127.87214793871483,0
686.319215567454,0,296.80935092504524,0,21.199094281026728,0
2230.8159768818646,0,67.7660021826449,0,180.40730603087857,0
53.51969374575518,0,73.9721491867574,0,143.27820752384324,0
186.71906394858658,1,353.7079766343168,0,210.6485346552091,0
67.64014940245711,0,99.77128900866472,1,61.757090725561035,0
213.37535166207203,0,214.61680762416108,0,36.48540606133517,0
1280.3486504313908,1,224.08265287359816,0,11.002149945500697,0
284.6353024731842,2,2046.3296349809439,0,22.08923210502722,0
521.4273282033511,0,375.3060968435518,1,193.9021530438246,0
231.3051594904578,0,95.52052829552467,0,75.16964549516703,0
2011.3911872058088,1,7.162517424753089,1,2.6699195538693137,1
550.9002589874547,0,290.43096505201714,0,250.0,0
1178.3909146921467,1,131.253394881241,0,66.97549448714041,0
58.98684144765154,0,41.79888840266486,0,250.0,0
1416.7196009296783,0,271.0949694726615,0,11.675590205107392,0
799.1925184914566,1,119.45751737876218,0,61.427011983635495,0
501.16425530848016,0,469.56292579319273,0,191.17640317612853,0
1996.1384834980508,0,526.6704648837343,0,32.28368103277773,0
118.81917774221995,1,65.8775931099194,0,246.57399786931245,0
227.96188153698182,1,107.8010082567663,0,36.59963860740742,0
148.47345699274166,1,79.4491765307871,0,40.81690112596823,0
166.950484790115,0,62.55578770714517,0,141.28764974767438,0
125.37509555617827,1,261.2193831892261,0,90.4256433147309,0
395.13264603120626,0,247.65883042384442,0,98.15825215818158,0
1558.0768941012452,0,2343.1420064660338,0,154.85959207810524,0
931.1466954170251,0,233.4094895577466,0,250.0,0
737.0675703425148,0,517.3740282076727,0,99.99423639684706,0
177.5021808811426,0,111.96931961918021,0,250.0,0
1498.0932162847446,1,96.7371772458496,0,60.97272064154241,0
902.6568431044757,1,87.37634322468456,1,2.1015804930603825,1
1065.5513387718886,0,172.9342409216743,0,250.0,0
181.80525556317738,0,337.78611045957,0,12.17847104299337,0
350.20849251962875,0,321.11436348840823,1,102.84328078350707,0
759.3380219996199,0,109.69568690594545,0,99.94831411797514,0
470.33039589413204,0,168.37368701817604,1,75.00422555462559,0
1661.763567046128,5,21.250149799028495,0,9.268483420218066,1
1018.4360547702586,0,95.4500954955307,0,79.8212077961015,0
7493.7848465017105,1,14.90276425346905,1,1.7282611241188321,1
179.3353883440867,0,246.06290920852155,0,120.85321506170001,0
380.08883342134044,0,369.6300222374037,0,21.49289844966819,0
149.77168417847435,0,301.565494175377,0,30.798198985154638,0
257.1540435854111,1,462.99100820287623,0,241.8422978803185,0
1142.324608718265,1,426.2804392260441,0,151.23264305122012,0
811.7630020210241,1,512.295366280107,0,80.06676012688085,0
289.89667931700285,0,55.35148415972335,0,132.77153911148997,0
879.4764831782873,0,58.18293613497476,0,26.502598144314486,0
2398.7318839177665,1,18.58894188890874,1,1.9122476246496802,1
1479.638804966279,1,133.54466344151834,1,13.497834765526466,0
1900.8571229401693,1,88.96524030737804,0,200.2046683574862,0
1407.9950495487747,5,57.34767447898231,0,8.113293764619604,1
2038.3034660747264,0,79.16673708065701,1,3.08332104603253,1
465.21241098724585,1,164.85480400284234,0,98.40315870775328,0
94.52648963539751,0,77.57143900410193,0,57.50583775170165,0
189.40825232083404,1,1055.2705590361372,0,39.32699674232096,0
150.191314018033,0,100.67875922391029,0,250.0,0
672.4962276945391,0,352.93800136539807,0,183.38579483163383,0
723.9699716588441,0,377.69857304950847,0,89.83545620690114,0
233.42870281425832,0,795.9487185084186,1,230.68133444147784,0
168.4758345033023,2,226.69202701867184,0,87.43973503754893,0
359.36094285704974,0,132.6568101251796,0,10.338153903078396,0
2175.8352032552702,1,42.976994345278776,1,9.635368565708681,0
147.10749829443412,0,37.45001380044339,1,30.22125941867381,0
188.07907281279108,0,241.78364845943318,0,247.9387550288938,0
84.31540917644855,1,153.41204149862605,0,86.47016481604743,0
575.9964583019104,1,575.7720538703302,0,6.515585855773951,0
1052.49396883056,0,94.13817178279136,0,129.35532707991223,0
157.8124596670544,0,157.69238987164366,1,16.68828139940399,0
376.59900950605964,0,495.78524450776246,1,46.70908208865524,0
291.6691458207327,0,237.82529946131697,1,28.220016295213867,0
382.0240171085651,1,248.8335603562009,0,250.0,0
1221.3541575635177,0,229.86593317292275,0,7.266001725108974,0
137.6291761645076,1,117.45232464336922,0,23.918960765018806,0
1146.3707296556595,2,188.38717938872628,1,74.78874353985657,0
4151.955187812838,4,153.02538715579007,0,85.54079211253013,1
170.56186288959964,0,185.4533124535083,0,51.7031825037209,0
551.8338716778538,0,83.76954701076517,0,139.89456047042685,0
148.80922091242257,1,102.429064004039,1,4.5430969951888125,0
130.94079873104255,1,114.02991939009564,0,250.0,0
1526.8716515209192,2,128.36061579782142,0,86.14488828852387,0
198.53740960284617,1,683.3096930046806,0,67.07609677401416,0
57.32395708980501,0,212.13465413347444,1,141.40025817521695,0
97.77333087356745,0,861.8042211062284,0,125.54243808835851,0
3059.2763747873278,1,32.41854406020511,1,16.0258674702956,1
794.0543392586724,1,738.0358578145058,0,20.21587565841422,0
2544.168580474495,0,47.332410270327486,0,48.28499705607516,0
121.824930386601,0,104.48370253298569,1,245.44826984404273,0
182.27490724493356,1,502.003497308791,0,96.73954973284975,0
145.44813783479557,0,191.84728276396305,1,157.71936255878217,0
1817.7216441917667,1,358.96570815848406,0,250.0,0
186.0140905849113,2,120.59110937445492,0,44.74241372460955,0
331.7493519464623,2,2068.227867882558,0,129.75947497449735,0
92.56737902625564,1,340.83269465388815,0,17.810557755388132,0
2111.479282420514,0,311.0083015989567,0,67.97571152625918,0
428.6021849204081,0,381.9060375060873,0,10.762375457577997,0
4138.796326045452,3,26.902455660482385,1,2.897146923878957,1
1632.2126578375705,0,268.4904902631522,0,77.86046613383697,0
1758.6201284887559,2,13.51408491413753,1,11.766370128227562,1
952.4266883455613,2,500.2375005319434,0,109.87207393354983,0
283.1007861757695,1,561.87268172533,0,33.11907367254381,0
157.0162137109549,1,84.51128123966657,1,73.92989795466289,0
871.857307783664,0,236.40845094574945,0,128.56910337044064,0
3835.273862954596,0,204.21867393901402,0,93.77784696716377,0
200.93184321634462,1,191.25145573157113,1,53.89573202346785,0
1370.4676206244526,0,116.43752778119587,0,55.550723789129314,0
798.4002618273842,0,66.45714576274335,0,168.11520750231224,0
1168.9665845478346,0,193.5553235802261,0,98.45877683148738,0
61.150619728511856,3,383.48585036252683,0,250.0,0
3172.4768809822444,0,66.73069934766919,0,8.516903891368004,1
199.59165574608556,1,166.7444695628985,0,135.00312567511003,0
173.41312752261865,0,283.50686979141364,0,250.0,0
407.82174283064376,1,369.6866539409274,0,87.48314768914301,0
208.93652845404273,0,52.20853096884023,0,45.399473045820294,0
578.6710108667318,1,988.9994365170744,0,88.82780375183921,0
398.6296450887967,0,462.49158228447044,0,90.10812108442867,0
479.6860408178266,0,69.40552650403382,0,32.65635030302842,0
128.7149627667502,0,237.84866415192832,0,10.207822590958152,0
446.1248995959222,1,1574.230504093545,0,58.59537345928501,0
3644.2893953051685,0,148.46321037840565,0,140.8465098074783,0
95.58256284671606,2,876.4311571457648,0,125.38824283775557,0
6509.454662685525,1,228.1139980846643,0,246.1105311574125,0
2847.4637202111144,6,50.16827960069431,0,2.4907067604848634,1
379.8197762016985,0,183.10892400941685,0,63.97950688425282,0
75.60502087493482,1,257.6097413460436,0,184.41108254490206,0
6991.768607178814,2,23.73334419247997,0,1.5031080248055424,1
448.94760782594733,2,148.1358278197653,0,65.87345954434447,0
792.8669804920264,0,475.26897956117017,1,155.91584568765833,0
775.1486602860809,1,101.91307597954533,0,109.06637431608856,0
376.68973234428665,1,162.02848128454391,1,68.69396069115923,0
770.4969911088249,1,325.5028954065181,0,201.07223737580628,0
192.33207109459858,1,52.462017421007566,1,250.0,0
968.1930988005832,0,432.55599032638685,0,108.82807508670248,0
167.73586404888485,0,166.98369199020186,0,31.303637697127407,0
215.6683638165724,2,67.31311904047438,1,0.016212694214174112,0
1154.5984575689058,2,93.77986078186754,0,1.7215574067704622,1
245.44199223262237,0,644.9709373211864,1,101.12293396800547,0
1480.8781506808773,0,506.59686863237005,0,159.07294456776032,0
110.39702898216072,1,1473.3898907262233,1,48.45856799391755,0
2767.70733315126,1,75.80377756736247,1,24.40257033483439,0
405.75897054338924,1,72.17368170284553,0,42.902856869318,0
979.0695143771464,0,63.96986345527136,0,93.6134651856474,0
190.96137433573216,1,139.34509272986497,1,16.38334587105207,0
203.19015816106446,0,94.09097778975975,0,175.13760026172758,0
303.0215085944889,0,195.2753549505302,0,97.7879867335422,0
113.03171117781297,1,273.2788181161399,0,11.44010334479886,0
3427.617092553244,0,118.10339421173751,0,42.806717906681385,0
469.66287404932353,0,200.0377967579309,0,250.0,0
1827.91639430971,2,20.862488966791446,1,6.002709443831165,1
303.84266088158614,0,408.88857167679527,0,52.77514601262157,0
1225.3193743808786,0,65.04507718575528,0,26.033800181418943,0
614.4189082856535,0,175.12081573494535,0,19.824030314588864,0
218.69751154469208,0,51.78394745549102,0,246.5707628119282,0
678.7268010922202,1,154.6072986454186,0,58.34020926344377,0
406.1252609624125,0,209.08284782388031,0,181.66173310451822,0
120.1481529737655,2,91.42770974505461,0,121.71379889640741,0
1582.2360323716778,0,38.31118155615521,1,6.296423680664186,1
426.6417694849055,2,76.93293523871381,0,250.0,0
360.8146444566265,2,76.81836337105563,0,23.69549622308781,0
271.4485451449316,0,99.65182393276196,0,123.02055553744451,0
1093.2977205897769,0,149.98660124299138,0,91.29933222126598,0
4202.104135914702,0,113.28451311734035,0,250.0,0
1971.6799344309693,0,76.27350586271562,0,245.26554894789354,0
605.0724315213206,1,417.89044323870075,1,70.27656818798526,0
830.7191675355194,0,156.4269945420632,1,43.789546868117824,0
369.15417836615694,0,280.68934144956245,0,249.56930966099588,0
784.8453701964005,0,116.47421999138699,1,199.01782434506683,0
1398.0727230227337,0,107.29781310591464,0,250.0,0
307.20328321524664,1,94.78997379507305,0,250.0,0
479.26321270844034,1,727.2685797211026,0,53.05443372599602,0
2340.1258051269533,2,43.11385979501946,1,19.01469868677399,1
430.82458564642815,0,628.2263592089802,0,10.819058527628112,0
714.5359004147701,1,45.090912470686845,1,58.762920105438546,0
101.61496715704574,2,50.88810858209305,1,184.07414077878428,0
209.3801409077078,0,251.35104336568799,0,0.5961003312384536,0
166.59233256557292,0,546.9422938551444,0,20.438500201741736,0
3522.707092480716,1,30.364352929745895,0,15.14082595056777,1
4614.934339419336,0,644.5850302375859,0,15.831510806625083,0
263.52821219073473,0,856.229317774032,1,98.44025208069152,0
461.8359291039493,0,99.40293416515902,0,10.728736613765259,0
1222.828140155127,0,1012.5553671501383,0,91.84410472417477,0
160.67945801511118,0,224.11409236001288,0,213.04501589745445,0
294.112511281968,2,833.4896342287827,0,131.21510894561516,0
655.4494047312952,0,94.24665651187868,0,19.044151774250167,0
29158.552470603066,0,47.75586842978314,1,2.007368357950052,1
955.7149007407774,0,1933.9030152870896,0,36.24316174983279,0
395.69609529925106,1,45.650104869675324,1,53.93647420558064,1
1865.2937276705904,2,85.80179097268022,1,7.671767075168122,1
295.7348291206808,1,50.60105834852741,0,128.03314412398316,0
548.9559822549332,0,141.53830130775683,0,24.746451862885145,0
504.39775533027586,0,147.7980929808061,0,250.0,0
1199.2341868585327,0,254.05955621146379,0,13.835067916199371,0
886.8274737723206,0,127.92812022467972,0,39.18683445437929,0
73.59881336038283,0,164.55228187750282,0,72.63750984427912,0
854.5448356582209,0,226.09299506656328,0,31.02679289357326,0
408.8764708335385,1,278.77740757943417,0,66.62889875232325,0
728.0878190167347,0,153.39537575594332,0,105.04178191344006,0
236.24761298399122,1,217.83013418219687,0,227.3489324988922,0
323.7125871313034,4,204.363686635185,0,55.21924931108833,1
1877.2925578305358,0,801.7196292303278,0,159.22315445941078,0
725.9842232256622,1,57.72892350083355,1,70.78241591878175,0
1089.0189717359294,0,80.88199422368223,1,250.0,0
1051.6477569157262,1,205.9348134682984,0,147.8755604141889,0
562.9215579981234,0,101.56587128626408,1,4.266088531627468,0
1882.7601839595816,0,215.59149655678019,0,86.55342790659775,0
1103.7204738454107,0,56.3662251896118,0,174.42797844903598,0
175.08893731270342,0,24.737480815297314,0,118.39938405211453,0
343.38457430256204,0,208.97316218058458,0,250.0,0
906.8442719549471,0,196.8938015072312,0,250.0,0
686.9651461263089,1,220.73971825706346,1,34.63993677434947,0
1165.9613698867224,2,1584.4798878404727,0,76.3867025532621,0
2452.004914694071,5,30.054027654532643,1,6.237408878270008,1
487.5194599012927,0,205.78853348004014,0,190.29584322476668,1
389.8160402307763,1,179.41683853965048,1,198.25756445920317,0
358.8527544915511,1,1029.745940898306,0,106.07346122349523,0
939.5413634990322,1,126.72530889553418,1,73.3299307062738,0
224.7984580767279,0,97.41525102113293,0,41.94351361033627,0
211.39044294627578,1,318.9356635470557,0,5.503307378684678,0
316.6649626348469,1,196.25723550836898,1,11.193309363513995,0
188.86196583786662,1,549.2908771279139,0,8.795432742513055,0
327.7391320985834,0,208.34873521128358,0,250.0,0
815.5671883120053,0,155.88354605019074,1,234.51127650090982,0
158.9614198383917,0,346.703430191237,0,16.71913353999044,0
300.6915251424668,0,80.23041416074113,0,92.57385434310926,0
264.69565466546686,0,168.77382840729462,0,190.1296807339419,0
301.32932370453466,0,332.3911274978989,1,33.79297218373378,0
323.8219768810038,0,172.33597658022651,0,34.69896843852574,0
553.7171895159992,1,336.18349022667536,0,25.128703010318564,0
1629.1891467575947,0,596.5870793243364,0,45.20232663193236,0
114.6733764179221,0,132.87037749220454,0,10.363891189222324,0
846.4509724810688,0,19.72778861677586,1,1.1927973420937716,0
727.9819453370964,1,129.88965490830986,0,60.04935678322279,0
11868.001588684121,3,33.28583278780974,1,2.3859197511051824,1
109.71434546422613,1,104.16911517773809,0,59.12770790917524,0
1400.4127791803028,0,234.1385933075742,0,250.0,0
201.29062579326816,2,198.08449689336464,0,142.49241953960612,0
425.30496907162376,0,196.26202421509248,0,145.4779353717863,0
977.5015555505096,0,697.5083734871982,0,57.365638526161725,0
372.552785365642,2,49.64730778926348,0,50.72944892779647,0
1209.2788215024384,1,678.5574740223373,0,6.286392678890324,0
62.75464196368863,1,92.76307456953045,1,102.98898874736409,0
497.97737183880776,0,3444.8313505673314,0,2.797650234407184,0
76.88306910872741,1,971.0919091261957,0,4.570819237648483,0
6884.847715603606,0,354.73473347978967,1,16.22293048649807,0
783.1407359271939,1,1086.6233995349503,0,111.2744162916704,0
457.60130497205034,0,611.871883739457,0,8.395190394446121,0
294.44502829578363,1,355.13745065686163,0,203.6443337036647,0
730.4793934861431,0,133.02806615418797,1,104.71309357876294,0
546.4811068933792,0,209.14041726875826,0,8.56268902483879,0
990.4461182745099,0,371.5114720226694,0,136.52325326705974,0
148.41470990372605,0,97.92594898956027,0,242.7983494527285,0
423.85574999407805,0,539.8006031334409,0,8.748019334175654,0
407.9619924201239,0,204.47529672708342,1,83.89232422102853,0
1910.9421901952999,1,1176.4633826577901,0,225.16171710966523,0
235.09381873994963,1,133.65999990043449,0,28.10127688867382,0
807.945910737025,0,628.6634802190089,1,25.933816735626873,0
114.36603266033015,0,291.6092196254994,0,149.2885147974107,0
423.0888750836967,1,88.84396169477812,0,250.0,0
3686.1720974895125,2,22.42337893183822,1,3.309587495748071,1
345.0561329968464,2,367.59679233018284,0,15.585483192621307,0
140.72132235343014,0,572.3091045699239,1,69.57441616901914,0
367.4099398914502,0,184.3420286652373,0,2.6557376135130766,0
951.5207258088464,1,356.1396150754811,1,11.380712102086118,0
732.3218210218488,0,1415.9963251028287,0,169.72570833420076,0
427.8148664201406,0,69.95768148905756,0,78.67928797493626,0
1186.8429412652126,0,150.65051624427656,1,250.0,0
761.9992907172394,0,124.7987741714856,0,85.14579020373628,0
149.70732923821421,0,148.92224095081878,0,189.30341857026033,0
2276.152434373534,2,60.94037624331711,0,4.537323374685062,1
241.07944529643146,0,82.51112011229174,0,114.73361704658562,0
547.0442425102696,1,95.97456025751038,1,250.0,0
1051.2799367313298,1,188.72693920131945,0,3.0058620527780144,0
724.7672364171591,2,319.247141069008,0,187.41695116941554,0
3757.259397729645,0,183.46778233802712,0,141.98990740809248,0
890.3726585649233,0,162.41205630233668,0,39.689029120371075,0
164.51568794304046,1,467.405346061443,1,40.84130725288512,0
175.33848671295826,0,325.2795111152369,1,41.89077076250052,0
909.9555247397375,0,612.071943267408,0,250.0,0
2294.3033618683367,2,126.79459710958551,1,71.30942461494979,0
259.6233701301315,1,131.91274841420366,0,98.90144504591014,0
333.2622140177702,0,207.2323953058911,0,57.844412377001824,0
134.13528161592822,0,1478.3259338308485,0,12.156937127243449,0
3783.8401847004193,0,65.35499826171561,0,64.00461250324264,0
763.7061766991652,1,110.18167115229635,0,42.577485220326345,0
251.06809671093094,0,60.53313184600813,1,44.65314904631848,0
1714.4794589548292,2,294.30306507498454,0,12.053466169455964,1
654.9147411181767,1,115.41275796510041,0,250.0,0
1014.6340855719224,1,812.624138249861,0,77.82591629344414,0
2049.339258627552,1,48.52209965995495,0,142.50299496665735,0
1011.3408898442051,2,249.8799584954195,0,242.6199927362773,0
465.63661151517937,0,521.573380300309,1,89.51567887612933,0
170.76607322161834,0,740.6257792746031,1,94.22196547935582,0
688.8077312969749,0,459.11070082275387,0,199.76294569720034,0
231.22005396600366,0,101.28126986910057,0,130.61600988238794,0
600.7412142856284,1,144.74140682290115,0,42.76562579518693,0
429.5165665643001,1,79.76518345317837,0,87.43754331340291,0
1779.127949767758,4,20.212658104631167,1,1.6609537734914275,1
524.0294868287157,0,97.22126056059213,0,32.72568062644988,0
568.868030826888,1,60.7442073973691,0,230.46301580006605,0
632.7647272235736,5,109.0267070212973,1,7.703077520633954,1
188.46278589818652,0,749.2727627578209,0,129.60518359494992,0
257.3876606836091,0,53.457219861145525,0,172.45561188104662,0
985.2078922868277,0,404.16688429072894,0,154.28347343449065,0
492.9153963850384,0,172.16605069367574,1,25.819365581290125,0
460.63358425769434,0,231.2874747193909,1,17.838718629956674,0
1253.5819071088583,1,216.36338763863318,0,115.97132938936372,0
121.39275390153185,0,284.3304762019609,0,55.29860757378147,0
310.39973717445963,1,57.0938766160308,0,41.77600919173064,0
12347.360308169993,0,15.278917617855178,0,0.9320427685124012,1
379.69682266352055,0,260.34102976253837,0,123.32301196230486,0
180.7597990006844,0,172.00479884619648,0,250.0,0
827.2757713398659,1,782.3329400464962,1,214.17944447894803,0
75.83117404615746,1,111.28133095304653,0,62.42099151932656,0
342.25072652155507,0,416.2924225152553,0,150.8587938549298,0
364.50074804184294,1,1390.0725876248193,0,250.0,0
153.5397056860949,0,496.2967475767753,0,151.72286294901912,0
972.3830358308513,1,84.04260758446894,0,1.3867752243962872,0
730.6182504076396,2,365.5040527572797,1,12.353138021324416,0
337.98409873332184,0,483.2933437211682,0,71.56848455505073,0
815.6112190093344,0,1281.818229283294,0,99.65533001074414,0
219.26927722903127,0,194.23056492741622,0,22.64506448845603,0
1398.1819457796212,1,313.61699785566867,0,250.0,0
1422.380751014056,0,196.46005027329633,1,250.0,0
83.91663350654252,1,264.7672957138799,0,67.37089349279573,0
268.98315141095435,0,45.81632669526476,0,87.8964246978008,0
686.6395411108429,1,8.488276116441618,1,2.9606198796518886,1
80.04023377544318,1,89.7662992773653,0,250.0,0
319.1045880343754,0,450.9218668363802,0,10.418454283712418,0
3195.4238077881973,2,34.18955053232118,1,9.65817211305339,1
176.82505347625863,0,823.2663523065853,0,103.0149145957756,0
102.7131168099019,0,185.63638482987696,1,250.0,0
782.3673363182295,1,197.15309542266593,0,60.444856550249774,0
659.9358794326216,2,54.35969013272358,0,55.52331846705256,0
223.73988824878126,0,91.92469833520101,0,60.62676796658375,0
681.0739647661072,2,253.77448250063526,0,242.0725019524554,0
1306.6543427558229,0,217.98478949284015,0,103.85368902751308,0
159.95456604188013,0,220.99928607497284,0,202.57559177414043,0
673.5914873414888,3,162.43271840197198,0,76.54575931741573,0
6109.624790204211,4,156.75306477424002,1,12.212227361036495,1
2374.9635901465663,3,6.497442294600696,1,32.677767377595366,1
338.62583496716326,0,208.95572507289793,1,69.14088561766584,0
282.4437506185721,1,189.4183165663076,0,31.68127265489044,0
79.4656759628322,2,731.4773099085983,0,135.1631184294926,0
265.88259436310966,2,236.48619401649887,0,42.334124127633984,0
829.0734756217383,0,159.9168206193832,0,11.385102704544732,0
1433.9629229490913,2,735.245243066469,0,51.94655842578351,0
117.03172290471673,0,122.07761190564486,0,164.80031884126151,0
446.66605555647936,0,352.88309779034887,0,250.0,0
516.7044296599427,0,281.62733690562055,0,250.0,0
1535.3885106643793,0,297.72074331069086,0,78.87972769091807,0
1510.0974916447083,2,307.55599875422104,0,39.76024174902756,0
436.00897742058237,0,169.77973467426617,0,52.33633521711093,0
378.194979974964,3,971.8561254333126,0,97.11223443411379,0
3078.4877860129163,1,97.89367306351802,1,118.26505504939117,0
1226.60492465812,2,280.4770682787259,0,69.98984748430539,0
398.47668611574534,1,85.35738148274534,0,72.17371742642138,0
798.6909216219059,1,151.32911588821315,0,110.47847722865718,0
1332.1301908605126,0,123.4166987129218,1,250.0,0
850.8220041210154,1,355.10831662110496,0,31.697058205421,0
1667.8443707054428,1,132.8842476238416,0,47.33216256809601,0
1276.1498569938876,1,196.33101159966995,0,45.078625510576856,0
449.29315371718275,0,404.64888659398434,0,77.63120702167649,0
1831.1838834847229,0,50.19283704575933,0,72.52917755882663,0
3922.1300979323432,1,189.61901993298815,0,157.2757190123898,0
256.07505977976723,0,46.45170108280755,1,250.0,0
242.08621399047462,0,358.4075189950907,0,250.0,0
316.4337921798756,0,214.99380320613074,0,53.130652187214075,0
240.71736269603983,0,328.1809125159945,1,153.90844815651448,0
263.3628423297866,0,997.5559776804263,0,240.91187524479133,0
1327.0292182881992,1,438.9961840435006,0,11.652386488188355,0
118.31259990351829,1,118.92402241991404,0,2.6562586728176254,0
254.04882465246214,0,492.4545387180442,0,53.90298867521373,0
251.520936743032,1,332.2485768803485,0,138.1555775166101,0
2319.68479134447,1,200.41735267391135,0,250.0,0
1666.2127756424086,0,347.574705653667,0,28.496364693502585,0
161.23277506200395,1,293.3329109673441,0,63.21738393375517,0
220.56677887406417,1,119.2878477401438,1,250.0,0
1883.1942754305433,1,1368.8212079278608,0,61.986380420838145,0
701.3873429593947,1,39.58657686491654,0,7.263784521905885,0
250.46755027480663,1,238.45829594234675,0,125.41502082242737,0
147.0748683395929,0,28.64937876009113,0,95.39456046175152,0
1874.8745715687078,2,198.09964786342175,0,63.852526530515256,0
138.4695620334703,1,464.5727773520707,0,184.31224427278798,0
289.875561691118,2,377.8186149670769,1,11.26225279147729,0
483.2394557230194,0,278.3234611814622,0,15.29174249964598,0
998.7656274168546,0,196.1286432136995,1,64.99192742185096,0
635.1700821922544,2,107.95664227244153,0,59.145454520269894,0
52.997400182703245,2,230.8995944012408,0,11.648170044231692,0
344.6959410498633,0,112.55954593924332,0,172.5725787540143,0
818.5992352486396,1,110.36356484505286,0,200.58714718924213,0
1176.5492501645604,1,21.229640662929857,0,154.07560640168782,0
310.38748081498096,1,139.28066178464965,0,43.24017026827978,0
410.99843513320184,1,285.479348683267,0,124.49630034818892,0
267.1206590920502,0,163.50432080912182,0,76.92149501266162,0
408.7366595483338,0,199.62979528958388,0,63.16673968278306,0
1237.573635950579,1,103.32732858345501,1,186.83752728047065,0
148.7403101895204,0,424.926024418707,0,17.529987048338,0
256.81307661582383,1,129.24327210177154,0,3.7971662149744705,0
534.4338248383979,0,158.66673159978615,0,119.27773418768729,0
93.49251082453254,1,374.01699551697254,0,67.83581608560011,0
1234.4087463097499,1,296.4569372402298,0,83.61388933411708,0
231.01825481150718,3,92.11839457159498,0,200.59136425737222,0
429.0315951540878,2,289.29824024663424,0,70.37160521295478,0
67.44497392180403,0,161.74770630111948,0,250.0,0
697.9143583072903,0,228.53398541651228,0,250.0,0
219.94777657812733,0,125.59358861591704,0,250.0,0
17854.826142930524,2,24.553109214254924,1,9.34136337898494,1
697.0821431800974,1,78.34166964492026,0,15.845080068084773,0
226.05887295752314,1,449.39457300582205,0,26.69069821509035,0
133.4856682922826,0,58.130914043407486,1,76.04869077259534,0
709.489729764442,1,282.3620529032447,1,57.72571841996236,0
562.4878878696309,2,255.38863588600984,0,239.49884911558647,0
963.1345374610154,1,444.4611296633095,0,169.10243752099095,0
161.89812851699173,0,179.9738873523676,0,250.0,0
483.41167086982375,1,263.1544389856774,0,20.248072787381606,0
3651.9860927438453,0,100.24675680810952,0,40.73490211754161,0
724.0514303924385,5,139.06659125691723,1,11.415451756973415,1
114.56298241352278,0,394.09783576462735,0,185.11453005041326,0
168.56774842914533,0,70.58967871943574,0,24.350484674551435,0
550.3709117765007,0,308.3675347334725,1,103.84937674018907,0
171.4872877158821,0,544.6362534009122,0,11.05782460419379,0
212.84522837399672,1,159.8924872099269,0,38.32760147545544,0
269.6176525447916,1,491.4607870014024,0,250.0,0
843.3140362962645,1,303.9818446796363,0,118.71765593154679,0
400.0754278327439,1,343.7253803234755,1,54.243119517004686,0
805.2240689123432,2,91.14251882450327,0,18.22723168393104,1
240.0482162168143,1,734.3987632666402,0,5.572409722140266,0
296.49694461610613,0,109.887802258612,0,127.61644202167852,0
513.7913723347381,1,513.2157363811713,0,194.77354166508377,0
4836.052814515756,1,181.5656454068092,0,250.0,0
205.09049348732125,0,319.67958978848657,0,150.57975079778907,0
490.40965062260705,1,75.13487352361837,0,10.449112519865569,0
697.6455791474475,0,345.6117553610609,0,131.08299797926568,0
3205.968980721839,2,56.91689729312961,1,38.88033568267449,1
421.6610996711949,0,180.2264885412447,0,121.4616359973818,0
683.0843736230219,1,232.28015458736405,0,116.45537570392713,0
854.1798265106515,0,609.1134193896323,0,9.108658521129334,0
829.3300512152546,2,225.92547516815767,1,2.082811988674651,1
1734.8353690931542,0,194.9290561743523,1,220.72051756013394,0
752.9748441411483,1,63.35392519320687,0,55.41318652179653,0
966.1736907281145,0,595.4700504283602,0,45.05134905813865,0
669.3313205940228,0,67.5536209241824,0,203.25137252537147,0
4772.852390678919,2,69.41659631287776,0,1.519650444054595,1
422.6316089632235,1,87.64719117652086,0,153.162624345796,0
388.82317268945235,0,132.60900556027389,0,54.94778116182349,0
875.7500161956697,0,1042.9690610391353,0,110.39759681532895,0
89.21242407562606,0,236.89290812081074,0,132.78618378512405,0
2967.386094213843,2,405.89452036943226,0,160.33306406849022,0
638.2981739121084,1,775.638524342112,0,104.76368136615177,0
325.46756411530174,1,125.24285720605155,1,250.0,0
47.559379612426476,1,252.12232365215823,1,233.83370842367574,0
202.33224398331188,1,354.48730058263845,0,181.24703716552426,0
2669.0348437708444,5,41.56449291358241,1,6.363376762461286,1
53.818115171713394,0,310.9492693399617,0,146.59379006823247,0
694.8111689874142,0,125.51385779030657,0,206.94430580618166,0
214.2694120143555,1,241.64222806497273,1,250.0,0
2009.689939990333,0,115.22462800335367,0,8.014545812083007,0
223.4446099457936,0,605.4814033310075,0,24.423586444519323,0
529.7036984559577,1,79.87459213784652,0,4.327977725526917,0
1783.4590894310388,2,199.26277859678072,1,4.366598048732204,1
1038.004583146396,1,93.71089676721435,0,7.317579666365397,0
392.21124693120646,1,104.49235965643965,0,250.0,0
1319.334846014285,1,293.9614365658894,0,110.66850709855144,0
412.12230963723545,0,430.511427204544,1,131.95838836490123,0
283.4740281739661,0,680.9261734509245,0,73.76029826574445,0
750.9659801704289,0,126.6244262566648,1,42.01292742701625,1
4567.582665141672,2,45.902787345038796,1,2.212081358695433,1
172.2322489802207,2,231.06468114363895,1,95.59668042686535,0
287.48907186830394,0,176.22128911712315,1,39.901945368831726,0
383.06600148394995,1,327.9569795321909,0,23.559282300826986,0
581.6717664562982,1,547.5307486718517,0,164.85545088133904,0
1262.2620216833875,0,386.400127875041,1,139.29996873813698,0
705.7550736921094,0,228.70559450457458,0,91.75365960198735,0
81.02531909657563,1,130.6776528423543,0,219.4824374881543,0
393.9291775593493,0,162.44870885101207,0,21.57424583676551,0
218.96229486009696,1,190.30999217775178,0,125.60269465774613,0
780.8939174354023,0,765.8638019091267,0,189.9041620049717,0
1208.0074637022194,1,14.080053648233301,1,2.142570991904832,1
980.5143685964204,2,533.3922431379117,0,237.14220875752164,0
3602.7710665891573,4,26.776049911312004,1,8.105963665277496,1
568.0023766194296,0,45.84650625938921,0,216.50465088524268,0
153.24220490303748,2,599.5181343076173,0,250.0,0
218.03084230530155,0,50.277443154623704,0,250.0,0
195.85226658295426,0,417.5827555563141,0,250.0,0
1879.1578509116423,2,51.22864523300001,1,8.93180635004166,1
1874.7532879569355,1,404.12041599974134,0,12.499757233818443,0
1069.7884751969361,0,86.31477067330343,1,104.31423395639845,0
210.3209357856426,0,763.9819355416384,0,145.76014906095648,0
134.94680101662976,0,414.26672016971736,0,34.908042226340335,0
2059.464581598763,0,593.9179708037607,0,28.91777824397247,0
242.33014456452003,0,126.69755968051955,0,46.868482427091706,0
9316.192445624034,2,76.4050079363908,1,1.2812408945172036,1
152.39979054400106,1,150.74644244990967,0,2.05847534697825,0
123.21199375867579,1,74.67489412393287,1,71.27263138403939,0
131.795002222081,1,180.00782976021793,0,68.52868603826585,0
1871.6515955624395,0,176.334683856136,0,9.512879540280094,0
441.1327770415813,0,1224.419247662038,0,17.69034377158086,0
895.9273111570525,0,68.71856794633374,0,122.4366678381758,0
437.53841500134536,0,207.49063988598022,0,234.59681959910046,0
1382.8831492690895,1,898.9461027196277,1,155.59662223470505,0
7064.410120576098,1,85.38403658731897,0,1.6897761845652879,0
156.47576147963883,1,148.59364592019165,0,137.65246436754683,0
1528.2830306102383,1,13.956461876675759,0,15.787484576831442,1
944.3806820592938,1,52.65434952613478,0,58.936873473928834,0
164.90333384791256,0,169.0604719257443,0,250.0,0
372.87695327823405,0,450.5480182340652,0,250.0,0
52.10388826105382,0,142.74106501830005,0,16.44419935409349,0
821.2253754420794,0,943.6240980086085,0,82.67621532830677,0
962.3523657277866,0,277.95882861738886,0,68.3397866506913,0
252.7874694099833,0,153.7373396052159,1,66.681592782301,0
116.70516437932072,1,231.7795164672891,0,28.814598220068437,0
578.2395346741696,1,132.5676937017151,0,120.29465870782064,0
383.3523882535748,1,255.71244303323388,0,125.77641123804722,0
1385.814798680126,1,39.71103376427292,1,17.73785895043554,0
169.4163756999884,0,182.0251117418037,0,4.299005601127968,0
819.5651804378748,1,16.238272867106083,1,6.422432634057676,1
1072.035097838244,0,30.06838902052294,1,40.87396336463934,0
228.4866723724365,0,203.69726228992076,0,2.4795650511156544,0
303.25724404830373,1,76.67917567575546,1,0.1284160899166445,1
395.6337885652712,3,357.30418362396756,0,214.34095289926813,0
65.02142604568836,1,227.50197690705892,1,77.63533973926454,0
529.9621527865329,0,321.240333218988,0,54.04276024674075,0
602.1333904664306,0,195.98864836624492,0,16.96147526001276,0
462.8962534123555,0,606.2052092001644,0,25.050330621420617,0
833.2904415858768,1,44.80986973271854,1,240.80653367681768,0
1843.47854250772,0,57.393919214619885,0,1.6468117144290255,0
52.300216892203,1,256.285271850594,0,15.7183625912446,0
544.0298648264032,0,377.5409415027382,1,250.0,0
872.5857802098953,0,1357.2745961987591,0,85.48363764184825,0
199.1306523906248,0,121.1097913180749,0,30.934768221431185,0
510.51130340714883,0,235.40440625508046,1,112.969162996447,0
367.6044490293535,0,113.46118392722455,0,26.58992493512022,0
807.8585975914776,0,614.1508659236124,0,82.52330269499843,0
444.9476949427912,0,271.11593119018295,1,13.521883237604175,0
1123.8504493378796,1,52.028518435150694,0,76.38622479591794,0
550.9068636199432,0,201.1349434307296,0,102.05052839935523,0
1322.2510955684857,0,111.47606914968276,1,144.89198675007282,0
378.94413144359174,1,68.6618053569461,1,9.212406472064865,0
355.33722939779983,0,137.64406000052904,0,155.4542637917167,0
92.17087655548045,0,130.1450892305433,0,250.0,0
2508.267560817526,0,101.72703246875238,1,60.50267051865473,0
372.22699833858593,1,131.61522956009244,0,49.027069041322555,0
1953.4052398390013,0,465.5187638571757,0,250.0,0
404.3774607294596,3,29.275372747797597,1,13.834336392301333,1
1135.5724956010154,0,341.5965537077972,0,14.99317386101651,0
217.0578146515479,1,320.5473000117012,1,1.7740269700651257,0
339.0712973363405,1,177.0498779860941,1,250.0,0
85.59704353750315,0,42.665468858367404,0,184.62463819277235,0
222.04322733635527,0,175.23781476235212,0,250.0,0
179.33713527562844,0,758.1381360633532,1,35.557847938871085,0
333.53963103135777,0,540.5885230345584,1,122.68005188635654,0
327.05941191627994,0,463.07274291284295,0,219.67593074742135,0
656.143862226479,0,954.218791686004,0,136.25212384472928,0
620.3560528094918,0,218.34954364515144,0,101.83558159568011,0
293.81372989177254,2,191.62391730371138,0,250.0,0
188.2990726389898,0,192.545595614882,0,38.051688011819,0
2851.7480430379906,0,91.58890857833775,0,28.072610673761762,0
637.1187348972323,0,83.13052649056169,0,127.36267466662454,0
1104.4066697497633,3,60.26919972475046,1,0.6962679928698566,1
339.41824257129963,1,109.73855081556744,0,45.75009977491731,0
123.95423009910623,0,136.75210255182145,0,195.40355747892318,0
1891.6896579048407,0,182.24179660213053,1,38.038607437743494,0
13565.766281583503,2,126.18068154659343,1,33.58796073534914,1
149.8431734626281,1,120.5605543769703,0,42.164674372092904,0
115.9818382035672,1,315.65927079060174,0,81.16021402488474,0
3361.6045888363738,0,83.26672826783384,0,46.84519469101155,0
591.3757520314716,2,252.17890436225062,0,87.8378915645794,0
319.14530108124364,1,81.24422866924932,1,250.0,0
485.01249880170644,1,149.1250052123066,0,116.89665764745136,0
1386.0044888720242,0,525.0777889671808,0,40.656639634938756,0
3189.7119567311483,1,32.861446933158895,1,0.35767166032495945,1
421.8032562283906,0,65.43075207851417,0,28.407889617972472,0
427.00760196585156,0,218.87204589228784,0,229.51334377112553,0
259.10227132841754,0,1008.9222053649423,0,49.83913035374452,0
626.1784149624849,0,205.4631493901154,1,144.05534338224976,0
971.031217088303,1,27.922800693130668,1,27.27250544260385,1
1219.306318219804,4,81.4153952299402,1,0.0704844696288969,1
197.8879859867761,0,45.620033155899556,0,86.32889609223247,0
40.0,0,651.5792262246115,0,154.42805793804524,0
593.2773208014378,0,753.447805186176,0,62.21495443219911,0
263.05902848252674,0,189.4767176682848,1,52.10595948485915,0
2182.55326814293,1,297.9529904520509,0,174.88780938956234,0
574.4149081760617,1,108.56727168253951,1,0.40280344970582904,0
2259.7250622706706,1,358.2000178525087,1,41.78353737599513,0
148.92046933816292,0,691.9515331243527,1,17.40225720090788,0
3567.5921936820982,0,14.999198570106316,0,250.0,0
372.104939478344,0,53.61552919513657,0,3.8945549298573874,0
895.8403182728583,1,23.556181090204024,0,250.0,0
242.16143723279853,0,290.53388029907194,1,156.75352402465936,0
1176.1267348231727,2,163.5219783231608,0,250.0,0
88.41483534551749,0,130.50455419911123,0,106.16632022354412,0
428.2421237020936,0,264.26836305750646,0,28.021458348815404,0
169.59432225533544,2,121.02104508254766,0,118.2408387578815,0
3147.2610513042846,0,39.56589576742161,1,7.330190845978562,1
62.214115784767294,0,32.70361735444616,0,57.61076318622288,0
1847.9930352688168,0,75.82813288153783,0,250.0,0
453.0407679308318,1,223.45988364411306,0,153.74334902963173,0
2976.868323551406,0,106.93237207705779,1,64.62040491335168,0
387.57615002992065,0,429.4526888648765,1,24.093913305482733,0
960.4518439755288,1,280.46005292271593,0,31.237669659432637,0
214.4826829594905,0,101.12161995967679,1,223.6664496476689,0
449.3737430305468,1,335.9592564166457,0,240.18425738342683,0
422.4058804637461,1,109.49374264984489,0,7.760949929910728,0
480.5922790546457,1,677.573401692766,1,25.247118468197836,0
787.4406111005896,0,530.7513025328968,0,41.848826436245524,0
1625.5413752196919,1,253.6364859825306,0,33.17114152916464,1
283.51203688371595,1,298.4613126329619,1,40.25373013629182,0
40.0,1,444.7544416467406,0,89.77304596690523,0
104.803981534711,0,170.7487755167315,0,80.79605346207842,0
2042.9175925587283,2,190.84241980300132,0,26.23883889985212,0
305.9340237389124,0,81.26695416095386,0,0.4953805361404285,0
137.59351793338178,0,142.51628260713997,0,16.033614933916073,0
514.4931938525866,1,216.6449115922308,1,62.16365454891826,0
1155.1822283678673,0,92.1715190512493,0,49.83191112941779,0
285.3509247575629,1,312.18992822186306,0,2.684714754215193,0
525.1782755346579,1,110.66731272313851,1,2.1259339298154147,1
1763.487892562674,1,94.25726624618706,0,11.676167387082291,1
110.80771867739313,0,280.2440178039151,1,26.378152852145995,0
355.62172295589505,1,247.29901890148275,0,150.67417735327012,0
2490.7748931836973,0,175.10368214592216,0,140.9999691162743,0
442.82282577836406,0,28.64910063830616,0,73.48458935364741,0
299.18867868818353,0,108.96226313309644,0,250.0,0
5291.768957108877,4,56.941953063212075,1,4.301246184462751,1
698.0007820537223,0,33.21338985203736,0,71.05664347716143,0
85.19060769475985,1,115.6396482962108,0,84.41152537844611,0
263.8411834779554,0,58.67200336111975,0,250.0,0
1394.352430595479,0,351.00296543262317,0,94.78629379122647,0
115.25941911081819,0,50.387130810866616,0,159.66731396529696,0
122.41596940258638,2,1018.5142729353549,0,91.44212021436466,0
168.0485045076577,1,313.25563061146187,0,73.18631247959271,0
2025.8695633191246,0,162.69149561610456,0,2.4796484523995863,0
546.4177803940602,0,159.75018110662643,0,35.719097751267824,0
1356.5510804818293,1,1339.445924332788,0,6.724602242147326,0
2083.647984373783,0,64.87553059313683,1,6.07653392226229,0
201.3606585212388,0,490.319118970801,0,201.41077218942817,0
156.27117300082216,0,285.56660120684415,0,4.561269977763281,0
833.8568812809243,3,49.36948707266706,1,91.35936568025909,0
835.0054881213423,1,547.2477401420874,0,190.2969854099594,0
957.2929670166193,0,985.7690009911197,1,59.23806426598147,0
57.65553630157811,0,214.26166816054757,0,29.507608450728043,0
1305.742279315225,0,197.60381443087644,1,250.0,0
191.16413331075526,0,69.81078381157954,0,250.0,0
1081.4721338192921,1,189.0688054583942,0,1.329990137158229,0
886.013710292179,0,168.57077871441072,1,58.87735233154223,0
966.4406398365003,0,224.4069778250143,1,163.64814650051716,0
467.2995465978263,0,82.64151310540187,1,17.30429609625591,0
142.47436497480172,1,527.0148494978275,0,154.8607848419909,0
459.64121891509416,1,253.07003747848879,1,138.68028635305552,0
130.77804904705,0,328.13085194978055,0,70.7892264644725,0
1375.8428163954281,1,92.04590817409071,0,190.3319291286049,0
2119.9295773718422,0,252.73399482147005,0,77.51682082711612,0
134.39359717135412,2,238.9048110096147,0,250.0,0
565.7869072912631,2,212.76511184548738,0,250.0,0
193.1138364066305,0,148.50381818606368,0,64.69640349246332,0
589.6863716241544,0,441.6303978388722,1,65.43994402266816,0
990.1522330152322,0,359.5541398368572,0,84.35264133874253,0
82.49014958058214,0,105.84969234440015,0,250.0,0
213.82937199169288,0,230.92374323801496,1,85.02041733519488,0
513.4339509545812,0,188.7460586129266,1,52.0127928390196,0
746.0134480907968,1,143.48701593989435,1,76.05110201374764,0
527.7091958765684,0,78.63868532316621,0,155.05999048347675,0
852.7021001226854,0,1075.7567760946438,1,225.83751519921213,0
171.84915869020432,1,734.7790550957036,0,250.0,0
132.2611729923389,0,252.09703937793554,0,181.61327299627106,0
4224.898274280747,0,118.22209756128716,0,76.1506443220784,0
637.2627557639087,0,229.5324555661731,0,158.6405157120777,0
658.5739631982048,1,84.59406994915095,0,94.81062163115351,0
223.70567687597242,0,210.79326576938172,1,32.81464119625223,0
40.0,0,84.52841225416563,1,111.4982783803448,0
522.2811915658801,0,57.65239469064103,0,100.09506024775774,0
952.1108646659472,0,373.1534804947113,0,131.69137489285364,0
208.1137532142626,1,846.6136290825567,0,11.552268107468175,0
1578.7773533506356,0,63.610639404068166,0,250.0,0
351.575255769664,0,164.6873450926724,1,26.40053924587606,0
86.61477748020035,0,288.03749236087106,1,188.883441836835,0
77.32042709997991,1,460.87265466812846,1,15.877873820340872,0
200.9897625012932,1,235.06880157825816,0,68.55952617719373,0
4648.034700652554,2,178.74452772888029,1,21.66643407382717,1
252.67407198929067,2,283.69897963803385,0,250.0,0
695.070762710177,1,209.62844805051384,0,250.0,0
1271.3268275362127,0,167.95564363959227,0,12.190733568942145,0
630.6948395666641,0,174.99954346196026,0,107.54483547597432,0
158.4285196225431,1,329.5595201389838,0,95.91214632458757,0
416.0787539145745,0,251.70544911862262,0,250.0,0
1044.584567088935,0,226.14505078684192,0,93.24388129213015,0
552.0260680958269,1,258.5005705512574,0,95.98902585861948,0
80.02043961178758,0,59.797978607422074,0,32.055828178557945,0
1306.2353133015592,1,639.4861988195973,0,131.94234579878656,0
349.3191496024625,0,66.634594091361,0,37.621445508777256,0
633.1809664804301,0,245.5327279542702,0,31.534547523715123,0
293.2189972160389,1,224.55231800298657,0,99.82360323844742,0
177.84696832019813,0,48.286081434646725,0,192.43722436918293,0
864.7949839329168,0,292.5555332847811,0,140.31542136343487,0
592.7188629411183,1,161.67981526337792,0,60.228136006130185,0
1823.2647001876196,1,259.8930115309631,1,5.5129853107431686,0
876.8124630590373,1,228.5208910406206,1,113.57001988453122,0
70.17589813373989,0,58.04635481274866,1,43.89375192518328,0
196.94104223204366,1,175.26876221334265,0,61.7815947040133,0
502.82451266040493,0,1154.3412714198257,0,122.351872008818,0
1346.5645037018257,0,411.52236966375887,1,33.7130465214029,0
594.9570015893587,0,194.80583746010566,0,18.595612106393354,0
2302.9522556435795,0,125.66645683781022,0,12.285871945025406,0
277.1383447987095,0,137.1471042141831,1,31.606018539312743,0
655.4468252971503,1,66.19794846960033,1,154.3718960907819,0
317.8959635393612,1,384.7367911247207,0,83.79130761024815,0
205.78485890493818,0,119.59805235987014,0,53.034294929918616,0
969.3002206579613,4,13.36731459151416,1,15.81666101900057,1
376.6400764378783,0,187.74533360713875,1,121.66231104275799,0
115.23783266489075,1,339.39316798520736,1,38.331162911222805,0
252.80041162395005,1,130.35790394571353,0,73.43866662828319,0
4119.142124923021,0,68.25471403303416,0,162.33821323050586,0
209.80748519065702,2,37.43223524496599,0,94.0321821209608,0
227.46668466427496,0,265.4972455226275,1,233.36998083916697,0
261.61032129493447,1,204.48781934277662,0,35.05275023984585,0
534.4716664141191,0,210.84975000765468,1,58.28928969990977,0
40.0,1,140.31659188245274,0,82.4252217635539,0
1712.3586740713454,0,211.83879054096593,0,183.67116471224332,0
91.32022803428518,0,393.43224075560494,1,49.97581502231754,0
418.9711988438567,3,317.1045933697216,0,250.0,0
936.321148998318,0,440.57984003017816,0,250.0,0
5006.441730602157,0,83.46798901509577,1,7.863424265357372,1
1192.6169311947197,1,281.4989913049625,1,128.1203619460875,0
375.7024807768091,1,114.63230408359136,0,31.704725185238964,0
467.0682624170078,1,182.51776259553773,0,124.8135731231267,0
2596.436319102233,0,112.11934696965425,1,16.51448329610819,0
275.2574266216525,1,72.73843089966346,0,199.90030962253428,0
2605.6453297243174,0,1143.7096153053424,0,65.17288775666918,0
735.1056951197337,0,374.7619011382896,0,233.7606654722513,0
241.7371094375865,1,73.56671982873767,0,30.883962409821933,0
1016.9504314965471,0,407.6072060717791,1,149.5890669126448,0
6678.700084802358,1,162.40941196360944,1,16.913403579485873,1
260.5512360159546,0,852.1959383752583,0,93.53183299942667,0
230.66756869262343,0,83.14252248012431,0,41.3895743369941,0
554.405941404712,0,841.7803990510997,1,250.0,0
320.9900903321571,1,1056.8002568720487,0,47.349909184150775,0
891.8388866170831,2,118.74366502384831,0,74.6721412706671,0
265.0066377274299,0,115.37301711210866,1,19.590235892214633,0
1253.0632376354963,0,199.53336979163058,0,23.270872334149843,0
509.94413555703807,2,76.49596048711679,1,5.937481822740932,1
129.08937217722183,0,161.32797791153845,0,32.817004312525036,0
2039.3453921116854,0,411.6121263377716,0,157.31558210188444,0
449.54427627456505,0,637.5039332157861,0,6.318702538959995,0
388.31042836699237,1,180.98536428464732,0,100.15419823748255,0
1045.6791867851634,1,306.5413913561335,0,250.0,0
422.2059878346403,0,890.7490344193687,0,44.06042093403858,0
2194.803440095068,0,135.14437228229184,1,100.7507125329859,0
157.28691718470398,0,45.673845751886354,0,109.77156018973074,0
134.59217806952378,0,71.76079327372545,0,155.3923789968752,0
453.6095888691268,1,220.31761367968625,0,71.89832399034881,0
362.78875521762143,1,188.28198935685896,0,88.38364363231258,0
360.89660678880114,0,90.62143117515772,1,250.0,0
142.05754199431502,1,178.84005784962147,0,22.1459453785242,0
2985.1832468262073,0,107.6295677500719,1,250.0,0
1149.1415961625398,0,393.2454112537524,0,162.26692322993782,0
348.4255050480513,1,136.4930327077802,0,143.6084204942748,0
250.99779657516376,1,303.818164083253,0,250.0,0
318.5829789577471,0,59.96684260728259,0,87.00944440569086,0
481.27011995094256,1,167.55646112400896,0,180.25295923862748,0
212.10611983635664,0,162.9494886645507,0,221.1538074271535,0
672.4957976232761,1,256.24244126656816,0,116.15476181634021,0
208.20484592915142,1,153.55391911569737,0,25.114064831005265,0
155.8811230719942,0,2126.9114147638097,0,14.999561598622698,0
492.1367290849536,1,521.5041895121906,1,23.300013007556846,0
600.3222809062962,1,201.13339362933192,0,250.0,0
385.6772020062317,1,218.32687190028804,0,85.41955227029483,0
2021.5161012298222,0,214.46340218915546,1,206.2766445033615,0
1000.4053134905746,1,253.69540038271398,0,87.80208293423497,0
182.2097355321248,0,107.82315470531888,0,40.95207460091449,0
1692.5381554818587,1,77.59130737667778,0,162.301580847844,0
226.78415120869818,0,138.17313641006987,1,51.85223840748055,0
7837.856404997274,0,406.3218716430526,0,142.86497312190195,0
534.9935669421901,3,213.37073386462407,0,36.312502443766874,0
286.6582547473322,0,386.6701505038229,0,40.54393255912365,0
1413.5236684896836,2,394.25012292613235,0,68.65954464998451,1
996.8526808010153,1,48.82068024847512,0,21.79162952992666,0
160.29003807669187,1,146.71629108805075,0,250.0,0
238.79740098676805,0,244.24060877085213,0,3.464530890249038,0
719.1839635642351,0,95.6381604451317,0,77.70762915288877,0
186.74386164565786,1,434.6372480924793,1,72.65986610720637,0
299.94674740555564,1,717.8406231403485,1,7.138972115818969,0
340.12723104300375,3,247.28997092622737,0,94.0055987886055,0
481.62256731219026,1,80.23287857221702,0,116.69427801795604,0
111.14722480411733,1,40.13580926329712,0,149.20020358955506,0
146.06096052184455,1,515.9983411665976,0,18.827860746638084,0
7742.980559560336,0,153.1513605951465,0,104.44988885711878,0
628.9127215855991,0,84.09887457016917,0,31.474514902946744,0
423.1521906716755,0,354.3839106640057,0,46.45381984814948,0
930.8707574816752,0,197.26013448527453,0,26.048293339685266,0
1254.0947491692377,0,1066.1585774342163,0,58.64602122277246,0
58.64598260850144,1,418.50222349318847,0,10.798931775061224,0
525.6717194714419,0,217.18807883134326,0,238.15840643791253,0
794.3775815533664,1,148.8861824411599,1,42.41867626123283,0
2510.0114297838954,0,281.0527357262512,0,42.871535290128996,0
783.7139581589649,4,310.8918470456516,0,45.05448719235132,0
207.45110676888842,1,302.4719534145575,1,91.26087743488434,0
871.0419592235527,1,559.7624952414959,0,61.270544072954564,0
215.6152549897818,0,1627.0341673546857,1,80.12260177181997,0
695.5521000190009,0,76.72115620407367,0,47.471415637376666,0
73.29451921182307,0,1597.823977394561,0,21.154378580384055,0
164.17594637524303,1,210.06026162584402,0,75.25410389000706,0
188.70790339798836,1,510.52486391816416,0,2.9213922749598153,0
3216.7159464164406,1,1120.1049950314216,0,197.9816149177624,0
1544.0274622641589,1,280.21049209050744,0,7.8026117877097825,0
17208.36692430581,4,40.75264749949566,1,11.478365979022579,1
512.8645476696769,0,27.434874081841915,0,9.928882061389228,0
1907.8321608690665,0,653.0769574656248,0,125.46288919216329,0
736.9465579509263,0,83.44969945509432,0,199.61915667540566,0
312.3217941901082,1,694.4474368806717,0,65.57369583205853,0
1395.906005811714,1,231.96300832559194,0,23.540064265555742,0
796.1476184007829,0,430.7004713149553,0,0.4197781553197183,0
935.1809039229337,0,184.92027673736035,0,98.44279432587308,0
4354.043149464382,1,76.77718536682714,0,3.90873324005247,0
1577.7822174029463,1,16.83093232397442,1,0.9895178424248964,1
253.8341068855084,0,531.2143874916881,0,98.68389570262103,0
616.3670119866067,0,212.64569446571755,0,15.92461563264009,0
90.58127384526702,2,137.25516795583957,1,250.0,0
727.0897357180363,1,130.66002654193926,1,250.0,0
398.39435590741465,0,223.4600746809685,0,70.13708540534856,0
381.57590951064725,0,137.60021701266524,1,250.0,0
569.0075884296504,1,203.69912469899577,0,250.0,0
2182.0941689066563,2,136.1758977568569,1,101.92615786630469,0
956.3296279168355,1,232.2600370509755,1,3.6966185067370794,0
457.14986646912047,1,589.7108924295975,0,109.46922125441155,0
2207.685323435195,1,114.8684325160468,1,250.0,0
116.6625674155127,0,228.3238939363587,0,62.33653215226645,0
356.06811452351894,2,49.10155450499335,0,195.30253116551916,0
3686.098151106212,1,13.673817553949004,1,15.296100215352807,1
189.78698621114077,0,63.230585016092355,0,250.0,0
3314.222961720351,0,289.4513014186778,1,129.79961871365185,0
624.6822162803853,0,414.75487950351277,0,23.252306436847427,0
217.16058382840615,1,334.19307620140603,1,250.0,0
161.92938364738473,0,139.910539535849,1,50.505143039319435,0
90.64837778785542,1,168.254299543659,0,30.583159645127008,0
1137.056290834702,0,247.92242551604477,0,66.85263033830553,0
1793.2201070694202,0,139.73039496535307,0,69.77138244198213,0
236.39405980743612,0,162.87203090060336,0,179.36835028384195,0
167.70264287192245,0,340.70606606060267,0,104.41472313981737,0
1380.3442922435688,0,333.3854489002281,1,9.866697496724582,0
721.2229031498981,0,442.52179460664405,0,10.323616394680137,0
332.0590804489604,1,392.0979613246709,0,218.12066491210743,0
629.6026081827079,1,270.43771856518833,1,144.17178320474366,0
63.33271272052967,1,585.4191325832545,0,205.9240252987077,0
927.5165542665508,2,338.8240386167835,1,93.98628927115176,0
472.49855456101733,1,155.70680506600465,0,81.18457513290932,0
693.4800611060584,2,292.8319428206285,0,79.38463538325284,0
1634.639028666851,0,390.70032732024276,0,214.07853940502702,0
189.8172790860431,0,77.45933668011094,0,48.4508397781047,0
549.8508629834972,3,153.54319448329576,0,3.542267050147067,0
1348.2666587427132,0,865.4312590923687,0,115.20687435790957,0
372.4124163183199,0,103.57705607697453,0,62.37100035593692,0
117.18764867197802,1,380.2224964084862,0,62.612704606947155,0
2611.455994979344,2,259.08722083161337,0,9.877517904172207,0
527.6028512162518,1,412.68191787699385,0,52.69367969623655,0
729.6791438059435,0,54.44860909670405,1,3.804286618915729,1
132.58755183814063,0,320.21472838753516,0,197.5560761148029,0
2285.256683012668,0,479.64558731315833,0,15.845580049519187,0
12320.387107618026,5,134.09683304824864,1,13.432358114395523,1
226.7855314678838,0,365.63842637866907,0,100.05768364838335,0
484.39668965931196,0,604.8499586868152,1,15.083724108017634,0
1217.9799280058253,0,1360.158311889449,0,23.73181178184814,0
213.6340798115157,0,155.24681681059113,0,215.3429041252844,0
390.47212511865183,1,1053.2942846454084,1,47.17452032304745,0
1914.0191286604622,0,172.03331881397477,1,55.00758098403738,0
577.1111559405117,1,480.0690533518349,0,211.79823805317847,0
51.68516059954325,0,62.91958071494693,0,250.0,0
104.82184155778025,0,97.64130782633053,0,206.21428985668118,0
1751.8631505077958,1,91.74485716400862,0,148.5461559587765,0
491.75034517000483,0,44.206325439934496,1,10.444129744939586,1
356.63554690666547,2,385.4384718605909,0,67.62294521354508,0
333.48387678308757,0,121.80079507430482,0,250.0,0
243.00268644042794,0,320.98648889395633,0,33.40941035800713,0
81.70789592513667,0,257.5094629073438,0,52.658854863030335,0
1444.525090302569,0,140.75555438332628,0,152.21195969685414,0
448.5361413436387,0,267.5018139554349,0,33.13162975895859,0
58.59427972429915,1,333.151012097137,0,14.723194563338076,0
212.19204451033391,0,33.31695659607729,0,9.26301608201576,0
415.7331307469021,0,482.21702185909567,0,157.24560322236928,0
262.1165118781666,0,265.60353062649295,1,122.25548776584802,0
584.4481072269972,0,619.8182848787553,0,10.165918019500534,0
3144.741989165066,1,112.09469372965243,0,14.792059624317767,1
379.0991389717265,1,287.47815243547427,0,0.5435454242966163,0
432.98769990840015,0,159.98827953878788,0,24.391339978160666,0
2508.6118321538106,0,70.5031769822389,0,30.309400495172547,0
253.02519236262913,1,213.04709139760038,0,206.97637590814583,0
103.44416108215947,0,491.6956650111841,0,60.6215074808943,0
649.0158772291024,1,1379.5301220893637,1,48.3420412387613,0
689.5836866266378,0,123.11668964199418,0,102.49641304565174,0
1111.3297297541535,1,520.9408677272809,1,250.0,0
1879.534760411987,1,116.92018617278622,0,74.7891538519935,0
646.2390208683694,0,185.03157305952107,0,115.53695330992903,0
480.47738588811393,0,255.9514108081146,1,53.625888997724125,0
109.8843175545557,0,2385.32236438163,0,116.80657895343305,0
492.7441858226497,0,283.3667734749613,0,41.747198107343586,0
266.2178791377503,1,399.9989294934859,0,38.88378451292014,0
757.4582962905829,0,217.53568306811178,0,179.31203381066618,0
113.51465269734877,1,146.05284465726942,0,139.69371596088075,0
1894.0828962536543,0,194.2632580458269,1,48.50878481850796,0
145.07649320818652,1,265.1008938398472,0,12.37146083167614,0
712.6237190061249,0,236.65573699731584,0,42.03832145825852,0
131.95736107082286,0,96.85694216029887,1,90.79264495059053,0
75.378417118065,1,13.745651899666328,0,47.15256226612237,0
485.39397012134356,2,372.34587573678334,0,245.46410929533462,0
455.59703090848467,1,502.9330261063846,1,31.579419064911406,0
6019.717346751282,0,62.53279115364783,1,115.91674085624884,0
207.67017037215075,1,162.19400758839072,0,250.0,0
358.8099991904964,0,170.46922408956226,0,250.0,0
116.60896581110548,3,711.4842285443392,0,102.58595415732525,0
187.78331769087302,2,564.0420091275179,0,7.898430235670591,0
356.0110894249639,2,1271.8177429591524,0,203.04682033010374,0
774.1479663393189,0,294.7424844522016,0,41.89278077240676,0
2241.1198782345596,0,226.5280950197887,1,17.34263162248332,0
600.6941687736762,1,170.1950761663373,0,41.27885847171846,0
1738.1813970375003,3,187.9837949780939,0,229.3443084362661,0
176.30917925698748,0,93.04895643922724,0,21.035206833974005,0
571.1219023174962,0,88.96487046381255,0,28.968181643296877,0
2660.9285585491834,1,259.7679876839958,0,250.0,0
241.55081922055518,0,375.745608853437,0,89.17516947063095,0
1666.0165210942694,0,236.2141025367639,1,162.72184241323367,0
685.6907102941417,0,105.34948212041988,0,185.44193104415353,0
1225.4722419374111,2,130.0364807900264,0,221.63275218195838,0
166.73417453096852,1,594.8866873312886,0,177.6523087794393,0
275.554497492549,0,328.2704468652691,0,5.186374956633417,0
2008.1201284438052,1,126.8951697049526,1,29.490482225712093,0
603.5970707498167,0,51.95816900402936,0,49.540266978843135,0
1588.876843033441,1,188.11739816162955,0,3.1774862182030454,0
226.2046376162034,1,652.8135129717896,0,31.817563494770678,0
511.36723211017636,0,246.85141392852225,1,43.429609200965686,0
411.379774276979,1,50.53606577002936,1,8.33107839823528,0
681.9208208870825,1,183.69533825161324,0,166.2405998751512,0
46.99464716824494,0,505.79575786002755,0,146.01165812918913,0
355.0376036799205,0,188.8713528162462,1,26.66503572795968,0
50.85006364042208,0,213.67870865714437,1,27.385989956967325,0
965.4378173146291,0,92.30825476775696,0,21.79311015450425,0
208.65909440361244,0,512.235726290124,0,81.08852803080306,0
1331.10239151146,0,38.46587629298285,1,56.701625228876445,0
44.24033174811462,0,194.45532716460872,0,71.0891026075407,0
870.6891935656785,1,390.37233463322536,0,18.63732997225857,0
2263.5232894228484,0,395.46184953920505,0,61.70172190289799,0
717.9381768459452,0,115.92144822586667,1,94.4596112270598,0
319.6078233093573,0,437.0598755331796,1,161.18738801938616,0
265.79913348520085,1,600.0941280332726,0,224.7573157685147,0
426.6682521116322,1,77.85382336365338,0,23.783334939891205,0
4250.606714588713,1,240.70981454988478,0,29.525867953413396,0
71.04892385603425,0,115.35618925403637,1,24.13142000822868,0
111.67301568242385,1,661.9145835545538,0,46.68278591642164,0
371.84872652023756,0,625.7911839242038,1,250.0,0
211.93969662600222,1,49.233662727146736,0,143.51811316498774,0
774.4133749944186,0,673.3760301256091,1,10.521738421929781,0
761.6214145213572,0,65.37670017567079,0,82.04733731199144,0
295.6355732639088,2,122.15696439866429,1,124.52108119791004,0
358.6693222489051,1,401.27811158100974,1,118.56384882901686,0
356.7809087005105,1,422.1152718448486,0,250.0,0
204.2329448478497,0,192.34646193861371,1,67.35402897542325,0
547.0983026978572,0,131.5141834586325,0,104.45713436931882,0
84.36774155714035,1,102.56744061959512,0,249.78126338128388,0
585.809449446947,0,105.74985820757047,0,250.0,0
352.73587275354424,0,103.20673216190879,0,250.0,0
375.8941150725439,0,50.64042458406664,0,30.059103571110715,0
946.3896950646701,0,241.7892028497317,1,35.830825721925926,0
433.9379098905997,1,1006.9900058636791,1,17.27441096525145,0
184.01922406854834,1,39.36270459465096,0,87.84581341067447,0
737.2818864049545,1,42.52243764080582,0,76.85206708596094,0
117.5064979176383,2,337.58092190213324,1,41.93958821850222,0
346.6858797751232,0,481.4535401720392,0,29.302903502096378,0
122.35494154413946,0,78.80379275942602,0,28.507493019708466,0
1702.4413207447835,2,74.36886009155604,1,11.705918514069147,1
174.436581733527,0,88.52131600183957,0,58.94079148255258,0
2899.481224791954,2,27.200371061389703,1,0.6503309592810852,1
1861.7561735000963,0,130.7406826793947,0,106.23805521937025,0
204.84336200454032,0,50.861378093380644,0,2.7619963615332916,0
462.12384784694524,0,191.99391086267605,0,221.08456338820747,0
186.3487466817219,0,105.24981601828911,0,63.34732651181721,0
1557.9535418046637,5,69.8340479088784,1,2.2992674458842988,1
380.1613733797827,1,182.69666580862037,0,145.2863704317975,0
1358.570158631034,1,1543.9946605979299,0,62.139331279257355,0
287.4723768526404,0,91.35063080362643,0,48.464658592484945,0
4262.458603189067,1,104.1420687794075,1,4.047610318097137,1
137.59056770307348,1,140.21384410776167,0,171.29349616677294,0
226.0528161841484,0,108.45983399396798,0,238.40786882490264,0
579.1684767593351,2,228.0402948554103,0,171.0415931185814,0
172.75162282841148,0,83.29641053982732,0,162.6085015767293,0
5977.978586533687,0,38.29790564702234,0,34.892219287502165,1
400.9804158990759,0,414.1581755925979,0,191.6522087816494,0
432.89357766079496,0,111.80392737687403,0,185.3965207728488,0
698.4643844519376,0,337.4547811162683,1,102.00451260075354,0
495.47100357567456,1,179.09635043867738,0,36.09116512001851,0
654.7868315542032,1,330.69124005345117,1,5.143231427014409,0
3434.3556641203886,0,290.30028216585396,0,250.0,0
281.0474905339584,1,86.46284180766567,0,47.14952232777982,0
390.66285005564447,0,220.876254146583,0,38.31258381134966,0
415.03428408405694,1,168.67003738461227,1,124.48106465540454,0
1053.4872939071481,0,89.96037622929589,0,40.155060922783136,0
658.425190430281,2,47.605522055279344,1,11.759854311559927,1
532.7195845798788,0,476.3830280126998,0,90.36903087394973,0
115.26072682069363,0,659.9505603446422,0,143.62038729378366,0
2968.121951066698,2,17.00432296695974,0,51.637491639920526,1
450.121563256308,1,437.7474439931854,0,12.280602769966816,0
153.39286607069687,0,158.27085330366418,0,56.12562124435623,0
1415.4996978261288,1,201.9845493553949,1,250.0,0
609.771933898265,1,233.0275960616282,0,114.55572903597005,0
365.1160786553457,0,141.32838165235725,0,138.59450807178592,0
1083.7706807163543,2,178.60218363146134,0,13.551427483224602,0
50.234602996507746,0,328.6659631887806,1,122.52423406294741,0
1838.5443880604614,0,125.58469411840998,0,250.0,0
944.4607348850701,0,134.80399729077166,0,33.01373121842208,0
326.3393112808984,0,264.4116835249598,0,115.61261738651837,0
464.2513143846868,1,65.32722939874029,1,34.400975777408334,0
355.8282564161545,1,171.91282713496219,1,69.39365156573398,0
327.41227249824357,0,285.9827189718705,0,38.17547671881526,0
1982.5454761098752,3,34.71446852759678,1,32.19574195322821,1
1037.5574008206313,0,190.86681068749925,1,25.85404078975018,0
433.3269605783975,1,211.80836080242278,0,164.3415945567565,0
851.3143026173934,0,562.3009397162426,0,124.5431407679708,0
685.5770450848795,0,53.749472405936714,0,14.735599115768313,0
365.4303331537735,0,59.90806811416089,0,2.913527256604215,0
30000.0,3,150.81482328372812,1,14.06628758834196,1
701.7947527964085,1,1029.6781552257767,0,2.8582653777113243,0
66.19799101295553,0,90.82578506258847,0,32.145500888726964,0
1378.495910139145,0,176.02956003911683,0,153.98592898458574,0
263.69073577325616,0,141.0435290680713,0,9.419235739172292,0
443.85290085365136,0,394.7481685415076,0,222.05410614441456,0
418.4931975585936,0,310.85630678855534,1,46.53322517345245,0
77.69344275757801,0,83.52776732723248,0,21.65620040254693,0
175.1689983895712,0,228.43582600546537,1,93.44022028330106,0
277.67668243418365,1,288.7663907084856,0,193.17273709915267,0
1057.094772891203,1,57.419442542519214,0,33.54651049966653,0
193.55355321597017,3,222.4002234169838,0,51.01412782990994,0
160.12014181858493,0,310.746211962613,0,14.529417866423564,0
553.4131891663359,0,149.93639582178963,0,250.0,0
172.03228998116163,1,437.1979338557076,0,72.94899894009939,0
388.73499276326385,1,29.88159341082564,0,217.88025214197182,0
323.18418782882054,1,46.0759620917677,0,244.10291929606655,0
284.5673379883775,0,61.12966060146353,0,27.992862420315582,0
182.31083887819048,0,63.16332472484671,0,14.327776765702183,0
871.9563075984368,0,314.54930290085525,0,64.62317436889167,0
155.41498667116218,0,490.40641600297414,0,57.177559616559456,0
132.11091289737064,1,1032.855826452818,1,59.71465684115477,0
1383.469416407965,1,131.76051323667113,0,180.35504170956744,0
2364.0812564491234,1,48.811969945787915,1,209.4962461220151,0
329.01180903877474,0,25.313502937466154,0,17.778574845010773,0
697.7882920111693,0,593.2182695703685,0,80.87368634113882,0
191.74331672426584,0,57.205237071454164,0,250.0,0
625.8748708871435,1,81.28342465891294,0,156.61294173767755,0
102.72336715121828,3,139.76981939846385,0,84.81499436187067,0
1032.6371307524073,0,841.3819960709402,1,250.0,0
859.9390889904481,1,277.2230794988056,0,120.59600503477853,0
358.2146547711731,3,283.7448146363688,0,184.82533995948972,0
663.7282853442895,1,287.067981269239,0,21.344697226291544,0
1374.548013938854,1,307.6038189778341,1,43.50498022064972,0
3254.178749828451,2,130.7788581866289,1,19.393228035531052,1
2959.478096755347,0,153.62459074945667,0,34.120280664143706,0
253.35220427799823,0,45.75376135235724,0,250.0,0
150.48356770573216,1,198.63811187260384,0,10.60763140746664,0
1288.3304615622665,0,131.6325954499344,1,250.0,0
1083.2248942948993,0,725.0240536659373,0,250.0,0
413.0795894895676,0,82.36196358109021,0,95.70010580101453,0
136.09716805601317,0,31.966284683859893,1,207.51495663742995,0
780.2330711137326,1,253.68051252697322,0,91.24194189045916,0
1534.8508039908802,1,158.80531872723657,0,250.0,0
307.18384696200997,0,231.64465084829226,0,192.45683402522815,0
629.0998261959217,0,271.4841290311213,0,75.46082544733073,0
308.9055228898831,0,179.6408664677847,0,68.29643221191316,0
224.21102185790963,1,127.21568916082747,0,188.65617993976633,0
403.88361086946685,0,280.17839380053215,0,49.51458079127667,0
368.3504420250698,1,937.2467399619911,1,72.1092697437529,0
366.8591896331516,0,405.35609350502466,0,103.6320751717509,0
1395.5834885534923,4,24.60117118755999,1,18.801248860855555,1
258.27415540562413,0,245.95567133176158,1,124.5788773158632,0
2264.7734411376587,0,267.4281568880076,0,99.55675237993532,0
298.3658302630801,0,550.7984137022606,0,63.22050819275443,0
411.137855257484,2,385.9959474123066,1,38.56221403409865,0
1154.9347570174614,0,303.31979112842873,0,87.34280338199528,0
591.7305789025063,0,17.17152866448967,0,22.017460347503146,0
917.3406523168844,0,75.24539850199432,0,25.641264906056048,0
3354.1082711181602,0,306.35936203921864,0,166.73032058293978,0
643.0075281224645,0,132.73868225443692,0,40.76938226228005,0
235.68323203645062,0,268.7729065109119,0,78.03689340596594,0
346.7955553211668,0,193.77734085633068,0,63.77720774049904,0
432.4822566386305,1,93.21125629303427,0,74.87096605491183,0
255.67875594000668,2,76.95916450529334,0,72.17218966519556,0
2783.0502129567903,1,648.2901623948404,0,6.158976321673169,0
457.48896260210626,1,30.66176160072923,0,86.1925030324743,0
305.3433549603976,0,790.3084109327642,1,139.9795182692592,0
2646.0267499721094,1,26.97221851502191,1,41.01894006228512,1
2672.797500512675,1,38.683675195826275,1,33.47330059351194,1
292.59495582909284,0,68.94135509655025,0,17.27055788087213,0
2023.226911650969,0,109.08075242569745,1,46.12462224702092,0
1297.0252297258285,3,275.59259783601124,0,94.4059655451862,0
244.91200499193312,0,1006.1059559018228,0,96.665299210725,0
302.89287289180095,0,80.87721952912267,0,246.98646755693662,0
592.8161783916984,2,115.75697359921952,1,27.691805855206454,0
10598.203020052471,2,176.74968731738633,1,0.7133677804048378,1
174.9708956590664,1,535.1732808819684,0,97.4438496683139,0
109.02349534283519,0,19.512954421437673,0,97.59998211207547,0
220.4550019768758,0,409.59639679395923,0,133.3156215551645,0
2455.1406258583997,1,508.54948740329996,1,204.40598788070687,0
1184.071089784686,0,285.33302939758016,0,250.0,0
608.0316017649529,0,509.2768141680914,0,78.57646422126281,0
1332.4621041130513,0,2254.189916844419,0,184.74500153235678,0
638.7161082524754,0,120.72424207307225,0,36.66135249371134,0
317.59008321058644,1,70.47955924293245,1,17.085783542816248,0
256.43602026726126,0,230.28097806544255,0,250.0,0
40.0,1,81.91874862022448,0,250.0,0
76.06418486793417,0,95.15907401275874,1,69.22359579792929,0
124.2294707777252,0,244.4404213413226,0,207.64482565291445,0
401.43181406687955,0,477.2418974090054,1,10.03515891001221,0
978.9338969112662,0,542.8405558650225,1,13.634372506105738,0
262.7169892334142,0,114.7833401041172,0,16.3349442469442,0
130.5193869153215,2,30.479428616826407,0,14.698867767088394,0
580.448864346649,0,295.21753417320366,0,27.75912225080457,0
347.10716024385255,0,944.6000830677508,0,81.06882179446276,0
101.20435072584561,1,1474.8902037939497,0,250.0,0
409.2320162805858,1,134.1307433122125,1,7.383724578169593,0
180.31269460562064,0,1212.2279001643271,0,78.20273896033606,0
344.2792182470146,0,251.28044755159198,0,181.3267761687932,0
1168.4942559238425,2,188.7153375585907,0,74.35287170496251,0
255.93777409788018,0,364.72981038557043,0,14.396868296427481,0
280.5655452839273,0,49.828049415175826,0,114.71065414031216,0
146.894068931464,0,268.2624150196216,0,84.99470387510952,0
313.135696685606,1,914.1177354033142,0,41.73591347343445,0
122.83439963461527,1,962.8980158350633,1,243.4187161711118,0
290.52053892737985,1,159.2225622627119,1,80.52066949411244,0
435.2640433933223,1,116.88112972237596,0,58.96569842357423,0
926.5326559995041,1,852.8026907435325,0,58.47693895537811,0
276.2282954400343,1,136.7029297175744,0,132.6528428862494,0
205.2991811797227,0,132.27881726793362,1,250.0,0
330.86810380970775,1,298.40103106417126,0,86.79576931605645,0
1991.50491866959,0,336.3155760135009,0,155.16309510231983,0
668.2757221337789,0,445.50716924250014,0,54.018850330928295,0
879.9471890874286,1,186.58113261020964,0,185.6200089953535,0
1021.1606539372572,1,145.14002866776363,1,250.0,0
185.2643562912281,1,831.4329799533039,0,96.11982602233716,0
113.6200609636723,0,345.5616240764053,0,36.13593039870868,0
148.16351390064776,0,146.2600783395231,1,117.80437591050993,0
1940.4823884853752,1,208.84939207578756,0,69.57826282834783,0
225.22356048666927,1,450.79636581093297,0,72.68675254327692,0
110.2496076678239,0,511.2760950319219,0,136.75651473338155,0
349.579236012783,1,226.58085033231754,1,250.0,0
224.94012408169283,1,602.555795687512,1,250.0,0
109.86958733313458,1,115.99643144406495,0,12.512452406973644,0
1751.921006840351,0,738.7915811647266,0,126.3440038841089,0
358.7918218212612,0,1538.564394173088,0,250.0,0
141.0914549801147,2,255.56844892702554,0,1.572125460446327,0
304.46921447947574,0,406.9372024892234,0,2.3138437846824935,0
464.95601421058734,2,143.42621647218118,0,86.48193971277514,0
536.1409002627615,0,31.565819963404714,0,28.423523814406096,0
667.1217627335267,0,208.5312422326181,0,85.06820929089925,0
91.9968887951379,0,688.6006834317072,0,61.908706905220214,0
945.6311063525267,0,454.7077864538539,0,101.74031117198327,0
831.736389263725,1,86.36560895206185,0,157.15961633902646,1
117.19653588450899,0,72.54469523302993,0,194.4824001620753,0
392.24811886439534,1,1146.904378208973,0,54.33002321660688,0
519.3347945573511,1,271.15612337027443,0,80.75180468209031,0
1754.5478551349079,0,167.6652227808295,0,94.50196666130462,0
1113.2691442080795,2,42.75130190638801,1,6.455139202970444,1
498.477232614839,0,243.5320420312856,0,21.385769884136803,0
346.4316987856313,1,166.08388182646593,0,41.86711461788263,0
2681.6718553913242,0,453.11534946974785,0,46.18167122641687,0
95.41427214065364,0,87.87223804166524,0,82.98098820333942,0
331.54272828960853,0,309.04765301678236,0,70.9657972990575,0
119.60419904103912,1,261.7518429629962,1,18.379073754804608,0
264.2431583164524,0,314.60382086367423,0,6.694195833258409,0
451.9426201068343,2,41.08591544871422,0,58.58176142873062,0
287.8530700816053,1,213.20242494067628,0,201.24818515173865,0
412.6265233106953,0,119.01119871245213,0,250.0,0
2050.189861795227,1,642.063492963001,0,38.80365508827878,0
483.6111409454775,0,88.55647659737083,0,22.68289279492341,0
1776.5392347767195,0,112.11168296274678,1,5.513992365642981,0
1595.6277443739198,1,282.79102442723854,0,250.0,0
310.39008547739553,0,1182.0832650421567,0,250.0,0
969.2909484542736,0,112.27479608025216,0,198.55003719265872,0
40.0,0,452.3242170079896,0,167.35816286080006,0
1358.2152465422953,1,305.9632473759712,0,250.0,0
214.58848515566766,0,475.22546056236126,0,54.14268761220891,0
426.7886471317476,0,497.0831610287157,1,30.58404575612188,0
966.3574290402557,0,128.98512537821972,0,250.0,0
703.2472971619832,1,168.39623834047038,0,169.61646090341574,0
394.63514130734086,1,173.7315573853479,0,54.84779621424177,0
539.2062700562359,2,73.97388546098946,1,2.8534943998532425,1
504.9343727687667,1,214.91532732358212,0,205.27928194869187,0
171.3822407592417,0,1395.6870713012079,1,250.0,0
2440.4471353288163,1,17.453697468365924,1,8.33907206046272,1
1124.5945897714355,1,185.70841355451688,0,54.27162701615083,0
82.87097942424542,0,537.0525526640228,0,7.707523296191571,0
650.2742116212563,1,914.0313283090155,0,250.0,0
241.46086978746774,1,90.5535097029828,0,9.976357905545544,0
2956.845087963368,2,34.01718570671891,1,13.541665868066003,1
284.5301741464779,2,655.3861664114929,0,147.41509091043403,0
858.817992173933,1,165.68997997630206,1,99.30834397697329,0
871.944676407819,0,40.27688774992285,1,250.0,0
649.095929100969,0,378.36982570632733,0,73.86804597421416,0
1240.1412378020354,3,163.4134315975378,1,6.647576382885814,1
3230.9389037888623,2,12.555924441228596,1,5.085224170634091,1
469.2342255255415,2,230.0317705944433,0,250.0,0
299.1408162663808,0,102.70015485175375,0,58.17678103989039,0
2987.8115286836587,0,142.31525941859127,0,204.9762085650761,0
644.6676917728433,1,357.52131133111357,1,177.64190277588762,0
485.4319595144266,0,385.8265737002772,0,67.02298667422997,0
1253.8878915457146,1,641.0343979681705,0,195.56318065556871,0
622.6155514881231,0,60.68408795795168,0,139.69910490028806,0
194.65493021256992,0,101.29603781891858,0,250.0,0
283.34486747069883,1,379.8334986351745,0,110.47185450532992,0
362.7392324112349,0,83.63571335387127,0,9.50215744086902,0
3717.4114013746344,2,32.57106866740918,1,14.249605422175218,1
93.98477199152082,1,139.6407466910231,0,12.95555065041725,0
283.41033375816613,0,375.82426234912356,0,1.0785970829369056,0
84.29320592825052,1,508.61436521531687,0,165.52537408380272,0
946.2452207078505,0,445.46780162365997,0,8.570897674638797,0
285.36422132144173,0,144.73075188566594,0,17.206616760480266,0
991.8661458376093,1,155.592796141281,0,229.66448123959606,0
876.8311419424234,0,73.05825909763256,0,60.14534179367822,0
2267.8461702387262,2,78.10635864701142,1,1.1118508606377517,1
79.85212095285081,0,647.6269785180721,0,119.38321758779956,0
233.7733231690036,0,132.18519610209293,0,104.13995224961333,0
1365.9952394861282,1,154.68966905204567,0,101.22552466381438,0
407.2398031621958,0,219.3047938793041,0,21.49331168958438,0
709.689833315154,0,412.3811056454836,0,250.0,0
1197.31933141049,1,87.49427466622917,0,97.6071186580425,0
262.1964491444374,1,217.0082687859669,0,27.91614944707836,0
305.350295440293,1,53.71056094412848,0,8.126942564638828,0
557.2741378821436,0,240.1522862696677,0,17.570143448816392,0
436.02901995619237,1,1342.9248020769837,1,117.53249776076899,0
558.6103931714259,1,187.23499528780582,0,250.0,0
11029.024351870099,1,26.166201626443694,1,0.5553705826512536,1
538.5574970708238,1,83.2499575228389,1,8.060869109105722,0
1284.5340157907203,0,66.0034488583491,0,131.3478485518866,0
184.82805242903504,1,112.268852022749,1,110.28292126223766,0
1474.564589549564,1,335.1990633503625,0,74.53070214310242,0
261.4065221468044,0,155.20627736274164,0,29.56726212780366,0
2563.336744547676,1,201.35920979169128,1,9.426769636022371,1
801.2178586035969,0,178.01518122622713,1,3.5620208234124138,0
296.24089381011856,0,124.04535032678955,0,250.0,0
298.83173419421746,0,26.943669386937522,1,201.84385103465172,0
622.721408418517,1,38.991757741132844,0,88.04600062961359,0
985.3602892317149,1,26.538340130498526,0,99.40607458063636,0
571.2481437869344,0,160.84260334160933,0,13.377983679055747,0
200.6225330436161,1,428.16265053067207,1,34.383391781331824,0
274.89209392612395,1,142.01848618361018,0,250.0,0
493.6994981683011,0,268.19447483822483,0,35.528196202593,0
467.9178135057975,0,49.11692879631886,0,83.06082468969034,0
95.27239547476097,1,205.37796093643271,0,44.99325933174359,0
599.777159466362,1,599.9037563174868,0,250.0,0
1455.0709284891752,0,367.12516148766434,0,204.83545451321368,0
152.01352894497987,0,297.3048978562478,0,62.231177523631395,0
158.07432961943104,0,71.82431299552817,0,14.218915203472895,0
175.60097460072686,2,31.614072748582267,0,5.736917923649678,1
289.43567788891886,0,66.35751544918567,0,89.4856867019148,0
411.8394700048604,0,102.6066722942986,0,10.204165897461461,0
4306.965751258146,5,42.55226383605194,1,0.34599794227735814,1
1279.6038960496664,2,37.23654376029215,1,3.203373342772323,1
134.30673861168347,1,40.76137273669665,0,106.96380974157098,0
1505.3425826470357,2,21.25197465809322,1,2.1251321157104837,1
1185.580864743638,0,171.09818258767666,0,91.28820541879153,0
720.4652391840459,0,204.02587186024272,0,250.0,0
102.38201579706023,1,489.33760265452526,0,137.34127645097138,0
727.3377762124343,0,346.90144093638867,0,250.0,0
835.7692859301901,2,174.3278237482485,0,15.232596608712134,0
294.60662040660173,0,114.86915271029338,0,26.195726587986655,0
2398.6984675197127,0,223.20105598379803,0,35.66970560706405,0
234.6163100022954,1,61.20837642215265,0,250.0,0
3201.1110978721417,0,120.31192774992327,0,53.625651577712595,0
574.4938119249969,0,418.443981697635,0,250.0,1
1668.494636455953,1,117.49185707408795,1,63.91781998224497,0
637.4339084950218,0,101.2399075442355,1,9.135504655505281,0
846.8833156452089,0,74.77071758880949,0,50.94697475745817,0
321.5999422468862,1,110.61188324476956,1,165.350890858558,0
314.06058215479663,0,348.97609908325757,0,39.87810574836802,0
343.3280421595661,0,1047.0000383027764,0,36.0529546534117,0
167.28675952192316,0,32.80855318815902,1,250.0,0
599.525615137566,0,76.72567358274092,0,250.0,0
2551.0761852129003,0,384.53681663994115,0,49.30986808181355,0
760.9506834373592,0,114.09755143646044,0,3.568388249370349,0
537.2743993279344,0,314.8707496413088,0,45.848278683349655,0
115.37995685113634,1,293.1357905298174,0,112.23167903608982,0
289.06666746383377,1,180.82146040368124,0,250.0,0
2572.0423254846783,4,48.50060789556952,1,1.2806931394241818,1
347.4270113012129,1,386.982890786307,0,34.06776232571122,0
402.33728269827685,0,34.46873858550006,1,59.93613101973981,0
407.6400142028248,1,1342.8253985823735,0,37.772295353114735,0
411.7643151469154,0,29.821234848434834,1,40.393592749787864,0
575.8980983021438,1,498.5349555633813,0,86.64241879928016,0
428.66515683487006,1,369.493830227885,1,66.07744853494037,0
91.58198486177008,0,323.1249972810396,0,162.91811272578397,0
481.7130217630037,0,236.2304752436386,0,250.0,0
3662.9291329050334,1,111.62919894474321,0,1.2412367834036808,1
424.31025926325674,2,92.67509138647424,0,26.275530605660304,0
438.5109288709315,1,72.35071465569828,0,74.08251456132312,0
1922.411592840198,0,418.03640236710544,0,59.59109077019991,0
2310.083476242868,1,92.01335453936142,0,11.954823690770166,1
659.9297032690283,2,207.7004891748272,0,178.01927232001108,0
427.8503607285647,1,428.86290244739166,0,16.426046231351762,0
718.9561448896225,1,222.2149752126902,0,39.13181851550208,0
840.3311233712681,1,200.38421101325093,1,63.89080752066868,0
223.85418630601694,0,189.21560309951417,1,17.180615004619604,0
1543.875776993958,0,316.77680523960163,0,108.66610580080834,0
172.7930706146458,0,145.0579646077177,0,72.86978116819897,0
92.29880955769303,0,190.70045589765917,0,61.19822581163366,0
3798.6768995970965,0,111.25195595392097,0,107.22109893332512,0
625.0987173643019,1,393.61165142438534,0,55.24683683148692,0
73.61154526203089,0,233.90340017946767,0,14.076940003457992,0
1593.6581758634245,1,83.43022772633401,1,84.67662881350427,0
182.49833985953222,0,915.6697671487221,0,91.87031103425362,0
760.3318312462671,0,42.350989406649575,0,51.32386082001387,0
2534.8336252385525,2,13.613426575318593,1,3.9490982912923958,1
171.01606601426678,1,361.57840701995525,0,139.0285857356742,0
1410.9643047978036,2,12.956393712810533,1,6.415934507864198,1
1167.4196143963427,0,583.9938125590464,0,5.115862477783196,0
520.8890841973886,0,291.9117438084993,0,55.54943274745048,0
175.7386058017432,3,138.52219575959248,0,30.272466980525707,0
167.98414142946794,0,727.4490516177208,0,37.50016246587108,0
577.1840432608695,1,198.74865256217922,0,225.744186079285,0
337.9444209487394,1,149.28116034959137,0,59.99472755007357,0
369.57802582391724,1,163.79015310020978,1,192.14479546654067,0
2636.420741077196,0,272.35903794849156,0,91.36881151887752,0
1137.9571751679418,2,302.2868195296335,0,250.0,0
14153.764864663426,2,58.74051312162551,0,11.599104160484488,1
279.2553736027563,0,184.31152755746257,0,190.78726429711656,0
341.22684566931235,0,54.45718267079291,0,72.08211050255957,0
384.11746694624685,2,367.0101020771224,0,68.5341649691437,0
163.2181893425297,0,288.33976776968393,0,45.01192280366601,0
2326.0059153092693,0,383.3286256697748,0,90.61756118368484,0
100.7466442783368,2,105.59458731532415,0,88.28168503289662,0
926.5997747989968,0,362.1917034899431,0,85.35128056689047,0
452.71566765610146,0,89.59836496896645,0,48.77323170047064,0
775.2027335925713,1,126.00397788622429,0,250.0,0
1217.1634153222394,1,421.2184735951639,0,9.12084731071732,0
1792.8736966636334,1,64.29236358891895,0,57.509081570060985,0
704.6642109608314,2,64.65741110520632,0,52.41219533805392,0
1753.8827470525118,0,543.0980218364933,0,63.758880114337636,0
1285.094060274686,0,122.19290191246625,0,17.379356813682485,0
116.67358574804977,0,232.29216966746458,0,7.478271659713482,0
48.899800863003264,0,214.3424075962853,0,170.16678515202304,0
121.54968459623956,2,467.3631403963524,0,203.25752202021073,0
3107.228700065758,1,88.04570485230359,1,17.175033370366354,1
1151.883201593372,0,55.70296995217552,0,164.1410016489745,0
1106.204136125145,1,88.18747958136488,1,20.068402268849084,1
86.30139395060931,1,704.5412570721039,1,38.1817618475409,0
1001.9124881745787,0,236.8657267392641,1,6.707163253778567,0
1793.85070807251,0,403.72447862637773,0,220.29583897917766,0
1646.7375106409643,0,99.99521982917105,0,250.0,0
510.7316436399872,0,135.1774487532998,0,213.27609678144015,0
79.16489753473554,0,141.403737510877,0,101.02860530150515,0
1738.9846280569213,0,113.26325207690998,0,9.1869737797103,1
2770.1389578956073,3,36.9773612191228,0,4.2184603212479965,1
30000.0,2,19.598131186152987,1,13.804270334654376,1
1113.4939020871109,1,92.39700378235135,0,250.0,0
3837.952911765922,0,1306.9596101470713,0,130.92086788679495,0
256.9537455627632,0,218.890758807532,0,18.491333569751397,0
771.6662483115666,3,463.85800641457115,0,94.12402270868685,0
2287.5081429160095,1,148.15065800016225,1,58.97192099569765,1
846.6006251626351,1,150.1285286996667,0,250.0,0
971.1527721743098,0,446.3669234860759,0,92.33979827264515,0
2324.8464543358464,0,728.740818238194,1,92.84091900841473,0
194.76314488613443,0,531.69449005818,0,90.914455635835,0
1089.0254342196265,3,25.694897909758474,1,13.789592664432696,1
482.60869604041534,0,35.088255936754415,0,29.864221201454566,0
374.0865591591485,0,113.3721650035805,1,38.240041503785534,0
883.5692269291719,1,155.50234602533487,0,11.667711857163535,0
2458.649352003569,1,23.12031185435148,0,22.740149576965493,1
3405.6543282745624,0,11.950858460097677,1,0.07433737790668025,1
1856.0242863065523,0,113.5648846813524,0,15.569137717830333,0
1057.3177631533224,0,289.8328411425902,0,16.107515423762475,0
126.47479147119486,0,123.05252072933638,0,72.3536280416512,0
299.44803912858856,0,181.97332075570475,0,162.8909218940069,0
1693.7922786825757,2,79.70506511495803,0,13.7235664636572,1
1942.5657219911702,1,441.5139190305143,0,80.11283239506965,0
238.98579808136805,0,1367.333108239011,0,203.31456907752587,0
677.8993342691301,1,175.37401457081293,1,46.374333122587856,0
2897.388648158817,1,256.6602211858754,1,250.0,0
721.1059717327421,1,261.9503314547125,0,117.07435572856001,0
1284.5971537176508,2,487.22597893219313,1,4.054683908693805,0
324.24686870078455,0,164.3496365713661,1,98.732345412337,0
372.38462570648767,0,127.31505760860709,0,137.09781948676928,0
105.06817868341605,0,368.8451605411814,0,153.71369243603357,0
193.2388749794331,1,194.77889476817884,1,116.44146952148145,0
40.0,1,215.66050079158973,0,47.891882088931695,0
229.8573002748198,0,140.62297016763932,1,9.938880347866402,0
80.92228894249239,1,847.0132408801161,0,58.10958256805221,0
736.0173976439661,0,76.2278394375769,0,73.75233408344413,0
288.0627113874854,0,141.99950365448436,0,250.0,0
398.0475066684077,0,192.79948972305002,0,157.7921153310335,0
489.8165186106944,0,704.5385164315599,0,52.95970828154718,0
877.8233928634677,1,30.593562586356953,0,17.93211446809133,0
150.27425694974283,0,245.76626880829653,1,33.01662444677871,0
656.6942785669795,1,531.4579442638839,1,246.32957260626034,0
5408.275876879236,5,21.997989564389293,1,5.345561420374882,1
834.2467010692958,1,643.8671939617341,0,30.618327329073225,0
2658.63172625063,2,716.0244504607012,0,186.93975556072252,0
254.1179078816734,0,286.8777232042242,0,33.048325217061915,0
879.6015666352741,2,31.389478356624657,0,81.79780672471689,0
50.54384324750334,1,84.9669265734765,0,56.245027352752,0
40.0,1,246.00104951758084,0,250.0,0
482.69409104676225,0,64.00510487444967,0,250.0,0
346.9466574872442,2,410.66398217854277,0,68.5497292808852,0
206.19331026646032,0,320.52846316969476,0,7.896640678419315,0
72.82810933203467,0,396.1530705462346,0,48.64944165964436,0
622.7375781476385,0,386.5096801075651,0,226.9761304106162,0
579.1212374550422,2,51.98545017283379,0,15.859883309766602,0
239.9192066796413,1,84.92937413209897,0,42.78777427113803,0
837.5652688848348,1,404.5417599961547,1,37.39738421145137,0
491.89232280055677,1,182.99093675293994,0,199.44399552373488,0
2588.9340394869314,1,107.52718715311187,0,250.0,0
738.4257304720612,2,287.2276434524467,0,250.0,0
3896.7828968921854,3,636.6423112899047,0,250.0,0
474.30930860458955,0,262.3849455829182,0,91.04311797583456,0
495.0637891580939,0,203.38209226939895,0,36.47815733509477,0
669.9694674170191,0,44.87537766245973,0,77.05506923266009,0
506.6962707050159,0,169.59164310772073,0,35.0577127796989,0
294.69120157527425,1,67.04031156444348,0,89.56494646733759,0
456.0595510886075,0,138.34770491383085,0,36.35971562783496,0
3909.596160762653,0,1639.6173068518788,1,2.8342408621544335,0
922.9688355748233,1,263.328069487602,0,147.50002450635608,0
2013.4843808771466,0,91.12125512613444,0,187.26978495394334,0
910.3453197861043,0,113.25854364111967,1,250.0,0
1176.6242312109275,0,102.2584047985919,0,31.694211221104055,0
108.36586570163601,0,364.6282405376511,0,36.63279390688247,0
531.8709423525744,0,262.93530260336684,0,83.50290494848947,0
338.05551262310746,0,613.5621070019511,0,177.3273859783656,0
253.55427226853308,1,504.2638593902364,0,246.51948026479434,0
363.20689849845223,1,188.7922200890527,0,67.30342502750511,0
3160.1065863788986,3,28.959467474799197,0,36.37811648354591,1
233.91876495680006,0,155.61837960117498,0,18.075018387264404,0
244.72727786037768,0,527.2493331576034,1,70.12181611121132,0
286.9411667662571,1,105.52891187237374,0,43.738617357725495,0
4922.342635919255,2,40.09499244627468,1,2.1523295412486427,1
1348.075982765753,0,76.36388976372072,0,3.0428302597809957,0
393.63521030325217,0,88.71718613269952,1,226.71837662572477,0
228.83492346984562,0,55.269686304598174,1,147.05401668579862,0
6161.903211283789,2,61.74554201226996,1,0.5659402089284634,1
211.10121491461092,0,66.25248575549104,0,89.29389281675694,0
884.6803900296376,1,206.1651908351399,0,140.75395730004738,0
43.09725647714253,0,61.28760638319142,0,97.13634750371035,0
88.34109212279007,0,158.90287107267065,1,50.04579231552724,0
2159.115724018946,0,527.1514484380093,0,86.50420805852615,0
358.4466932631553,1,121.33278618788816,0,76.45059010451367,0
1500.6990243705372,1,16.133525702889756,0,16.78782186950992,1
145.5925470282497,0,66.84449463622609,0,20.075012975501714,0
786.8561389173368,0,746.7844062580864,0,250.0,0
666.0133393195252,0,255.3174154326012,0,170.5337767138809,0
646.9421193669097,0,316.4956740232316,0,43.29558832489769,0
741.1997695393906,3,603.6776309984297,0,31.235606731593503,0
520.4743617095452,0,778.8657816951677,1,95.81671862346515,0
347.68451048717566,0,96.06414776560733,1,48.44460027686273,0
1479.9628834889586,1,42.0368958754204,0,52.29856547757551,0
2902.903661757697,4,19.573756201490596,1,13.193320020757078,1
425.1594981866237,0,132.27259378993253,0,119.69083503578925,0
1198.5082337782937,0,821.2743677945923,0,165.2011405267834,0
830.1384572670613,0,515.4905626042632,0,99.87783285998118,0
315.89047704945733,2,225.14157282667543,0,7.995971885437226,0
307.72592119949496,2,176.21137283859338,0,12.905919798792432,0
327.99717332019793,0,192.6722989024544,0,106.93180120525311,0
3055.4503485353093,1,94.56697190353896,1,10.02618953918294,0
484.04238465393297,0,454.02103208274076,0,118.34939056445853,0
2368.970228173811,1,216.01676631490338,0,41.2896763712945,0
158.87606721556827,0,113.88639761715801,1,125.26546109049679,0
226.70295457601026,0,69.46604310640507,0,49.28494092844546,0
795.8574499843417,0,496.3412114608135,0,75.28052801783873,0
2498.7909221991026,0,218.17048835232978,0,250.0,0
431.454272313979,0,1246.4362688759857,0,151.4377890654888,0
3700.1636080348585,1,338.8464127430092,1,49.13114765482231,0
760.7612856953547,0,121.75369019362536,0,250.0,0
533.4815706752506,2,191.71350627907398,0,108.21819965846686,0
4698.415587048023,1,76.77611011541326,0,245.19465248700402,0
1047.2281347363212,2,83.90953197283794,1,47.04439078827571,1
510.86969570220685,0,252.01185728236658,0,30.766710072850668,0
1903.6956862946786,0,344.14490257551756,0,44.58364129162443,0
1258.9439360464155,0,304.03278917935404,0,13.426951278434299,0
783.9280967659208,2,238.33198129541591,0,45.3866849138468,0
709.2948468860159,1,721.2294727711494,0,250.0,0
776.3246877571034,1,90.997228009656,0,109.4292677432095,0
94.21151972890135,1,26.4638763591983,0,176.83862854216096,0
1298.6129440175907,0,128.9336525520988,0,78.70893466117218,0
1432.9209345894587,0,71.13311547337189,0,59.99185403393719,0
487.18863939063027,0,27.186109954559626,1,34.54876221193185,0
70.55903728599,0,357.52818209599246,0,58.96789701266685,0
1166.1047296290094,1,26.99444507489777,0,18.706205960449424,1
170.74907933959847,0,135.29325816205255,1,243.171555148823,0
2376.729909471504,2,79.03346416872888,0,32.136076533213775,0
3461.1724465456973,1,16.077177452814855,0,9.391906506780918,1
1297.7227063531961,0,26.72820437806463,0,158.68788676162018,0
1094.694669982718,1,72.9671434161838,0,48.21292812386216,0
415.5147108767233,0,46.11102652949419,1,250.0,0
871.2426237602774,0,223.98339600353464,1,250.0,0
648.5472929684481,1,41.609414432515145,0,250.0,0
1098.9422432251115,0,504.4351898658313,0,232.0080265277809,0
459.32413935202544,1,767.8752064741399,0,41.16932486482299,0
819.2765867040717,1,662.0228014496097,0,12.575509253780956,0
403.7157132061351,0,281.6948836554861,0,33.43301407050584,0
560.1398192717537,0,629.1896405055351,0,62.827033920966464,0
5697.20402867321,0,292.5595722618098,0,40.64429673646615,0
937.738459020949,0,438.89645337063234,0,52.43615480041608,0
220.70847419288492,2,65.88442458687109,0,31.581470095284658,0
137.57559384587236,1,59.43429548632413,0,57.361432520478495,0
453.8438560539666,0,79.70452529252073,0,14.986511487539019,0
1128.5178058920706,0,290.2701671441323,0,189.7468198372874,0
12175.512244343407,3,49.86152967187654,1,12.293617580066144,1
988.641743517511,1,230.33133559003562,1,250.0,0
41.506866849722876,0,73.71309784714661,0,107.02303319702064,0
105.53769762532609,0,645.1666720905029,1,250.0,0
118.92762869792814,0,469.2165224174271,0,142.0597569284853,0
442.03936733131843,0,415.7641000696424,1,34.49378989709685,0
1029.0799014035272,0,721.6175682218178,0,14.958510444833646,0
679.3440500259742,0,108.048551047849,0,8.92462268496344,0
703.3883081847534,0,1157.708691131354,0,250.0,0
265.06505225395,0,207.46344412302358,0,82.17618305178391,0
159.9625189277642,0,99.00208799125272,0,178.43456381993013,0
1658.3488462854898,1,156.51778907521143,1,9.443989804739662,0
1087.2917199200117,1,142.28589222105612,0,99.06811421396523,0
1137.3702387037865,1,201.35446820683595,0,86.84129175556996,0
680.7110190451082,0,168.08842724697897,1,200.25905471729544,0
241.73766015811617,0,258.30816395494105,0,120.13228805705262,0
325.5846020197119,0,15.451517690263735,1,51.33540108562335,0
339.4132986904897,0,209.73149348004293,1,250.0,0
745.5043827802886,0,62.88112980009039,0,167.47755257887957,0
4295.2420130425735,1,48.05721609611593,0,20.45137516183626,1
112.89813778810587,0,1128.817763164448,0,3.902827403168837,0
717.3589586027804,0,420.2019685167808,0,42.15133547202664,0
166.002152503808,4,322.6232522256329,0,3.582070626326017,0
551.4004667434034,1,806.1395450210329,1,50.81561615539998,0
1318.2860942534699,1,459.131651360907,0,148.3442418520894,0
3732.663798434974,1,791.8367122138409,0,78.40661088594658,0
1424.861879966452,1,486.6008104934552,0,28.977578579984524,0
777.5959911978673,1,113.41886812656956,0,34.44566122609597,0
83.25430908909802,0,855.2903427218415,0,250.0,0
202.2673142568912,1,280.6977448345142,0,60.40149934222015,0
652.8186790850084,3,12.35904027031095,1,31.85200373963987,1
673.6899095665187,2,631.294974342375,0,107.46209259989527,0
1766.3121315930584,0,362.5987007399882,0,18.30004108907452,0
173.94016757683448,0,142.2787197814177,0,53.06207933905488,0
15965.279569295952,3,47.77342304246645,1,25.995226932290024,1
1671.1592812767665,1,234.56980220752402,0,250.0,0
1003.2936257877144,0,291.87741789107105,0,130.86690634377968,0
5800.590106531318,3,355.1677011183905,0,16.694608623301086,1
2832.0315225254744,2,81.56254294444675,0,148.19377351507478,0
667.7053638366467,0,47.40955093169815,0,196.08971247723468,0
516.0072952452186,1,85.35351124220969,0,166.004678634,0
1449.9929697926739,0,116.89515876977768,0,138.7825402401144,0
281.2485685059396,0,205.55893278097201,0,70.78075531075697,0
546.9468087428179,1,143.31726634229506,1,29.046223009912534,0
430.13976994341823,2,140.80934248120113,0,6.333104051580392,0
70.96295617305567,0,234.74925564761568,1,31.58333813383942,0
584.8078869017613,1,155.69948132813226,0,179.42197806768283,0
1572.8731414822669,4,66.63516499955362,0,9.568264597053469,1
370.2739751901567,0,115.74008018423231,1,250.0,0
252.86919398737032,1,241.11713447233112,0,82.03985699601445,0
5329.7342616721935,1,46.75471451731861,0,49.067231631613,0
87.69987299620469,2,1133.450213775961,0,89.1842998753416,0
916.3494061458332,0,475.2905550805174,0,250.0,0
411.2393425434238,0,111.71573805301044,0,214.82731885057868,0
118.29551139567911,0,163.31713075982623,1,31.967590019580868,0
3509.566734007662,0,345.96794841131054,1,216.1309366942246,0
91.06065881997966,0,127.18445036196074,0,31.625964363614465,0
70.23598236742063,1,267.54996950146676,1,65.48279521596416,0
1211.978366845058,0,115.23182308825946,0,217.8218975089782,0
265.87916641349307,0,405.48222074495743,1,128.98302536005025,0
1506.0486842586963,2,38.41926134495741,0,8.746098188615314,1
133.73375338176638,1,42.49633594931099,0,43.89536082317981,0
664.1798517495363,0,128.57482559039843,1,16.551485402646456,0
438.76032935807314,2,80.46469702566807,1,61.29336089996258,0
303.1568448854977,0,315.07519943947773,0,37.45119255628243,0
455.1712120198239,1,127.11516264237618,0,54.000439117927975,0
228.5999193943689,0,545.7867242598334,0,1.5400365839861083,0
433.54618494546645,2,322.93666460320316,0,54.279564893257266,0
201.8991230901491,1,72.94493520619686,0,8.120020320773515,0
255.59875060621354,2,116.38597433441775,0,41.689915945415194,0
732.9891684637362,0,151.10375098610464,0,80.58590574585813,0
472.5700431755969,1,49.08847150396165,0,29.966819063068016,0
1056.2500707286763,0,747.6662308541422,0,250.0,0
278.9171603054354,0,195.8147166139787,0,47.71913891124334,0
40.0,1,183.70129933964034,0,113.65078298001188,0
165.87325779385438,0,39.60228316546266,0,28.721866280038082,0
602.4835428323503,1,274.2966219253324,1,250.0,0
151.82257305827517,1,167.80172225441424,0,14.026938574069163,0
125.03082806597843,0,258.0668291344376,0,42.47428705210694,0
421.33101939882437,1,399.77576747500694,1,45.596763685124806,0
580.2379391460261,1,246.17691555186997,1,172.16161597611108,0
6128.28537419156,2,26.81706695463617,0,43.597218749331205,1
2108.4261778502587,1,1157.712464686457,0,14.95462902215003,0
40.0,1,1985.7648492304393,0,122.48243428589535,0
274.7501431303421,0,273.7094753943303,0,173.36592057901726,0
449.37894286083025,0,251.4384675562224,0,160.49843452168614,0
10103.17311536982,2,39.38509332462868,0,18.42441490995863,1
533.5679097112344,2,315.50013962817906,1,120.55097276950666,0
66.76087260867004,0,732.9182611364847,0,92.13747020653162,0
894.3655141199002,1,117.83761519061446,0,36.67118917589159,0
635.2885418127879,1,448.6093168769903,0,164.43620356965206,0
1268.0518890838252,0,696.7640516708858,0,67.5369166526777,0
664.9941070807495,1,168.86982437287193,1,250.0,0
141.89660338197598,0,164.2827899847615,0,42.602974175118796,0
3215.7085414127228,0,28.671419408744704,1,19.176549396040702,1
2036.7971679096327,0,205.1476207687229,0,101.62287758563933,0
4903.185627822259,1,110.54566339641103,1,40.762934848834604,1
2140.885302585647,1,152.9026751947434,0,165.39429301036887,0
463.8188876187001,1,192.58079685644586,0,63.475314710471736,0
4537.11809894248,3,172.74693115761906,1,13.56632586925843,1
67.85013184431962,1,39.98207875364506,0,193.71090172038976,0
212.56457966820128,1,97.14836346999644,0,61.16284200409198,0
172.84770171820773,0,149.31557281937674,0,81.99059059472066,0
234.17171629003937,0,42.89526699218222,0,31.894004408047905,0
118.02130646638419,0,47.513450956057,0,65.57881502377197,0
1887.9858793202645,0,49.096234899018874,0,90.88320655222539,0
352.5261525077957,0,208.75800121473068,0,6.8374619202393285,0
3023.9155091973057,0,81.61321278686437,0,172.09232010386256,0
586.450756122217,3,73.34629520336976,1,0.22712764074614925,1
141.58495455886998,0,175.94582754240116,0,27.729810078667956,0
57.920737538044456,0,310.3377037065264,0,10.587185406031796,0
744.1899051656718,0,256.1761911578425,0,24.0959786834976,0
2207.169906099387,0,128.9764714249029,0,14.284063845439315,0
1182.4895271196956,1,138.97603176327095,0,0.6745604198740818,0
169.77349629519892,0,166.3749867471069,0,153.0996074328685,0
3531.7393182265205,0,237.88401942988014,0,31.555185531893425,0
5759.324862055091,0,322.4105037491435,0,28.983706658944403,0
600.1757785007939,0,441.983464600323,0,72.22876127989625,0
2201.0216345696185,0,321.39995018323117,1,250.0,0
117.7885861483145,1,93.52365874587032,0,139.41730785922098,0
3780.8998475842664,1,184.30273717288597,0,90.65749461316601,0
472.94932536085196,0,43.91767757711812,0,28.81521305375227,0
264.61371365461724,1,551.6902908162043,1,49.116290822357755,0
1967.486665456867,1,12.346769654951876,0,1.4623100941429645,1
1856.7463601224256,1,645.5753463009585,0,250.0,0
186.11822093215065,0,1049.5021727285232,1,86.60229650261937,0
63.475635691127344,1,64.82835529506156,1,11.667382723494523,0
177.7287329427995,0,282.74604040391245,1,27.304977232172266,0
257.90188550527694,0,139.317653028518,0,250.0,0
106.35480609406956,2,274.6310274366975,0,208.9883972227371,0
441.5383958514202,1,244.78975211311584,0,160.9188795650093,0
168.20762168578145,1,459.1746721646321,0,145.94035044144977,0
268.12346911361095,1,330.22272872459143,0,174.63326907673394,0
164.01617541093194,0,88.70773269596054,0,21.252071655263588,0
1695.9904462338666,0,63.644600579672144,1,1.2505043497384871,0
2324.308277306509,2,405.6726154470202,0,107.91920296581127,0
84.95949982049204,0,175.56588662884096,1,32.63021570821587,0
2638.681076651989,4,110.91375269865688,1,13.624143341670614,1
423.3631120500912,0,361.71496342339134,0,15.150403677752145,0
152.115022299461,0,1213.8853674791935,0,250.0,0
705.610163978945,0,159.63021017635378,0,230.00602104268387,0
418.12018753081713,1,72.04956932584398,0,250.0,0
648.5766198998358,1,35.46244015993588,1,0.9598934773353381,1
3033.0822895099,1,196.34396165592162,1,10.895900056170413,1
1516.6384244265794,0,129.1025740383595,0,124.3910674877852,0
599.4894959188864,0,202.28294686375781,1,108.00871358086161,0
1285.002485604704,0,527.0667469974248,0,187.36846506651972,0
396.74237882740243,0,398.3426171337879,1,20.796829243727586,0
47.8726002906102,0,147.44370139759667,0,46.533666088967834,0
434.66183273394023,0,177.3764928488578,0,105.95579294650807,0
730.105202249459,1,76.05453773820324,0,231.17715909732502,0
563.7304739755878,0,464.4924672971899,0,14.892617103488162,0
375.4133766061699,0,218.54722250544484,0,8.412879240659523,0
90.553298938825,0,303.0496055066755,1,163.978113603287,0
693.9623556232191,3,114.94694262933248,1,0.28808452489871333,1
1300.2838169695694,0,382.78462710198545,0,12.40965710690819,0
1074.9939935287152,1,213.03533397764534,0,250.0,0
578.8839339964281,1,195.5973787490434,0,156.52906250560233,0
1397.668614763669,1,71.23670618647708,0,194.066157080848,0
916.6792692727972,4,11.917517873990578,1,0.5262694972356676,1
659.3834008618704,0,200.33787465758445,0,152.45880133379123,0
270.1039092013942,0,116.88095232554141,0,42.197585382439684,0
990.3845439246438,0,101.41120286535106,0,236.04695198066327,0
551.4966825669271,0,147.0955048043816,0,13.764372010391122,0
248.64530372547475,0,66.47794615632257,0,189.29166656747142,0
146.24390650705462,1,142.11267133678012,1,60.99861167334673,0
154.85177130641446,2,100.74032287212572,0,11.710221869422062,0
84.87783461740382,0,470.70443744818954,0,8.098868718282748,0
258.4430026855143,0,77.80130906468386,1,76.51856914362301,0
621.6211606490815,1,404.9309052244671,1,21.360034666892446,0
626.9014040181812,0,127.06372360892608,0,13.333040951744012,0
337.9622409164045,1,246.56098707431246,0,25.912033256972023,0
126.74271679468139,0,459.8773096215589,0,173.3074046700924,0
587.5631624196504,1,200.57252797250752,0,1.9109872130588201,0
661.0349315813153,4,63.053307099942444,1,13.74234193774061,1
75.75580564745677,0,87.34888094898109,0,207.94824765931673,0
755.3277575003605,1,222.02318154395337,1,250.0,0
1030.6644691373406,0,570.6252330556291,0,59.472656405556464,0
201.28482655651823,0,159.06091237748356,0,48.5950305102499,0
448.69467673780144,1,136.93210582402463,0,43.69415048869534,0
343.85558271547666,0,931.6420307751714,0,12.90669423118125,0
100.9057338233308,1,384.91231853999614,0,33.00535520433138,0
277.09144830407075,0,105.87315892004618,0,44.15605473459988,0
324.7272430287915,0,65.54416025056226,0,30.926776466508063,0
332.3025888574746,0,215.59926786598507,0,95.34844747609317,0
409.671556210107,0,39.30923907862423,0,24.34109823377112,0
790.4847939124355,0,138.05160696450739,1,0.6135621292692746,0
2169.878841656315,0,135.09589578927452,0,18.75258085193212,0
153.1877564165309,0,234.78139050613362,0,106.10337803805967,0
507.7341261967879,0,151.76124057157764,1,116.9773828236211,0
567.2467578253717,0,67.97702690914525,0,250.0,0
207.6703298640137,0,510.74540323154105,0,230.03168637605347,0
764.5690091754292,1,114.07733944901437,0,10.32277193180841,0
127.06586712816902,0,189.10758083946806,0,250.0,0
68.02327968454604,0,365.0313684153548,0,47.03272060990192,0
5203.310498637863,0,111.28853389526363,1,130.1236061036029,0
489.3449955702973,3,64.95698840942376,1,30.164753477844492,1
997.3345177250972,0,168.93154786028214,1,28.586556294280587,0
313.9517229291544,1,892.0959607118662,0,78.76780719755818,0
970.8902696520761,1,77.84855164834616,1,29.834257848394184,0
79.1880698052798,2,360.5566080553333,0,250.0,0
560.501831398681,1,388.1876717803839,0,250.0,0
2953.853324048726,1,50.55333355461798,1,65.89569777323963,1
836.2683448538977,0,173.95599767720566,0,178.54151366959422,0
54.06265450300317,0,958.9556643440613,0,7.627141795888338,0
603.1593393978534,0,83.51334111364937,1,67.98701911583197,0
3228.385829931765,0,335.3050611160268,0,5.368014947840664,0
320.53423844622586,1,237.0228642777508,0,149.31492152014383,0
238.63056174372178,1,538.7422426182299,0,82.57188014039154,0
212.8345001195293,0,103.14992596941802,0,250.0,0
1607.009619179686,0,497.0420482334672,0,29.5969998812317,0
2895.5325266997606,0,6.418118741682248,1,7.203119286629038,1
312.83137034133114,1,805.2145594679612,0,250.0,0
1328.226021618109,1,19.71115039866116,0,45.436005458348895,0
220.723440707874,0,173.99741239630688,0,33.327138903521124,0
141.0282798817343,2,126.55754857474145,0,145.58304841475737,0
456.6516059476174,1,507.2877848532169,0,250.0,0
1134.3589168390147,0,61.96388236565293,0,113.9327291564213,0
5198.84590543796,1,39.2013940694847,1,53.420361049023875,1
723.3872333393581,0,201.12522836274542,0,28.087302307183972,0
269.9765007624933,0,183.6215191817235,0,151.0857443837311,0
299.5567355958302,1,445.0556998004108,1,119.66987153949685,0
506.92928276184614,0,219.44991546387988,0,250.0,0
186.17119421558738,1,478.9535530055832,0,1.9877299740053096,0
449.47381282353615,0,217.91453158063896,0,67.04210791173368,0
1246.4550308400237,1,428.1210552939981,0,109.88485302257175,0
196.96343776280378,1,179.41995355913045,0,22.279470302841865,0
1148.5024147807019,1,149.31131992520196,0,18.646727156691927,1
226.64726416988768,0,368.1535837504344,0,227.66291512737587,0
3732.510828149828,1,527.2861315356332,1,12.843517527338394,1
1332.5597369121342,0,294.68855531657056,0,146.5460532870029,0
2132.9556153830977,1,96.87149330598733,0,63.020885432240995,0
1621.1968375488134,1,117.73813654962147,1,16.01658926049512,1
153.78340787061202,0,389.94699215053174,0,250.0,0
346.2438723011453,1,107.50970688024276,0,31.786429633647394,0
610.1367458557136,0,56.56368486289899,1,44.05836476469272,0
257.1211338053698,1,257.8163259700644,0,250.0,0
321.1209452534866,0,177.4847264785715,0,72.41880454959845,0
354.6870530141077,0,512.0538096984251,0,58.48267391007357,0
332.8083526148711,1,113.51577142382364,0,28.060193436764827,0
806.5095262978954,0,175.88487347059078,1,40.49568921101766,0
2433.320945040067,3,64.48206710824425,1,1.6764833988299657,1
632.1054030726451,1,343.6710845431336,0,57.58755699947091,0
263.868703209295,1,357.7434795981953,0,250.0,0
196.44302103333655,2,311.59253512841894,0,162.05598881825742,0
686.5746827632723,0,141.6522906311633,0,81.38257733214121,0
158.43302383254644,1,42.044471720890805,0,166.69000898503032,0
3529.8599753612284,2,132.46380087130728,0,48.954764806942066,0
204.15079849683664,1,99.62304402901941,0,26.534306582352528,0
269.19448188399764,0,234.74739598474793,1,26.856408574944208,0
161.67688736160792,0,611.5716812357617,0,42.05192623956589,0
142.49016076603317,0,29.983478967243606,0,56.779213767579435,0
411.2648142160942,1,64.108694871088,0,197.68750615982265,0
2420.262218673335,2,31.434284919480305,0,9.247852193267885,0
492.45565228303894,1,401.30508688672774,0,0.8151026156886194,0
108.54836311089957,1,229.47658188321722,1,98.70196202594641,0
421.8068472067524,0,926.2585475577702,1,61.34702905812659,0
1533.0339603367468,1,285.8430900486294,0,250.0,0
918.089745632415,0,39.02542897337093,0,250.0,0
574.2128022067856,1,242.41464621802274,0,95.41123617152134,0
283.0157769323331,0,94.12300284898187,0,72.53758109512847,0
1129.1263987557372,2,74.53836002563828,0,31.324669045877563,1
412.35157064077424,1,878.7044485977815,0,141.0753085432404,0
978.7933541533506,0,190.07089397738366,0,250.0,0
1476.7477807157322,2,391.75921465646314,0,88.73981148534104,0
773.0768186780875,0,194.2270729421375,0,65.15287495386556,0
298.802264014186,0,119.72026119308948,0,37.4278289565698,0
419.6616523623304,0,254.74017846710112,0,93.43955866741696,0
913.9461353811687,0,199.30277584920788,0,125.29708955340755,0
47.80732462681219,0,380.9762408431366,0,37.16365772529733,0
1831.43402771133,1,220.2504431868225,0,35.80265654724736,0
145.65551891638515,0,180.35688275887387,0,238.40917969537506,0
5578.758950301552,0,219.3472851302718,1,3.6842636107925673,0
85.98322676192718,0,402.51771171936934,0,32.89228062231152,0
2649.264957179102,0,536.1145661428543,0,59.612139015378375,0
936.056083102559,1,196.77221089916702,0,47.904725429722696,0
498.28563165174546,1,493.5177427579447,0,212.20016694279164,0
1873.5204988824805,0,148.8294671881335,0,132.56910769789818,0
251.7901946981871,0,331.0245936396424,0,34.9931839734185,0
309.77265143051176,0,39.37613989320256,1,86.59043270669048,0
171.67602728718694,1,116.23287678879024,0,25.637557579869583,0
374.3053230849486,2,195.1832707071996,0,126.70632063044182,0
117.06371621848935,0,569.2231896336558,0,250.0,0
90.98994908041635,0,252.36224611780497,0,106.84098733370087,0
149.79046672154408,0,380.81443311949783,1,4.390159512891225,0
372.8785057298937,0,170.73604099556988,0,176.69248080785397,0
146.6159432202577,0,70.8613742667448,0,179.5894121888766,0
361.13673901559434,0,1031.9336531525826,0,157.3230511213551,0
1407.340541658163,0,167.06888909729724,1,250.0,0
915.4208781516046,0,428.6268937049488,1,45.49927079437501,0
111.71657430753264,1,60.62320028824372,0,29.866896943485926,0
261.6642816488601,1,356.9109453923853,0,214.00604512694932,0
354.95387933419676,2,1231.2908893468787,0,79.01479071145494,0
592.1045074499589,0,77.5082115373991,0,9.189963266676152,0
257.61757987936693,0,117.44148804215584,0,237.42651490940284,0
267.84334324851307,0,359.0163905450969,1,27.184178015838505,0
627.185955383746,1,486.287964481202,0,250.0,0
871.3291367095488,0,123.29714152883183,0,42.263037316472506,0
303.9981360108241,2,90.49499672044438,1,36.59872094387861,0
698.0151040041391,1,278.13173362098735,0,135.01020892117523,0
4924.235463816683,0,251.61918389600697,1,11.855747633672834,0
456.05032912313584,1,112.43863760350453,0,85.78345168005413,0
1963.4765449265547,0,112.20540102133604,0,8.425605729216938,0
4486.874573964316,0,226.06750472423084,1,31.07786688214393,0
3394.416930128449,0,177.2109918246194,1,173.54287530978954,0
96.36803757982739,1,455.4712917618225,0,61.1161392398369,0
455.9127750533705,2,539.5864789977453,0,2.6087181459193975,0
213.87391425698775,0,556.5018796391277,0,89.7486871898985,0
1535.6344230808784,0,137.84368785442265,0,139.10328285960017,0
1306.272261003433,1,114.0208968637749,0,67.39700097167926,0
227.33081884131343,0,576.2876975760996,1,88.1491351848323,0
1234.4236858579884,1,255.78204713479403,0,103.91805840831432,0
5416.47705149301,1,61.22949258537584,0,5.971819667162553,1
2517.0037879015026,0,58.220867431499066,1,13.644991778220735,0
158.3536929980407,0,83.31018879174972,0,6.05921935483013,0
866.0192277081071,1,62.549070577623645,1,104.849003476799,0
567.7466025034473,0,254.03305306397195,0,60.0856508510781,0
362.8549349619447,1,301.5319690668876,0,27.877619309185988,0
1580.7686524593878,0,252.57367862561242,0,250.0,0
631.968913868082,0,105.02220097520846,0,250.0,0
225.27319971496965,0,36.6422721556624,0,83.45194637242149,0
736.9579361656964,1,262.91005053411976,1,10.878034083991357,0
847.3270224475575,0,109.5961375176482,0,18.61035667705209,0
4383.386294152507,4,164.8657214071201,1,2.5047243377694635,1
4389.033502216135,3,177.1566440396235,1,2.6202816048153217,1
1371.7465039660503,0,540.2357328512097,0,130.53984218668708,0
332.73100420151405,0,778.3911262046295,0,30.98227012042633,0
478.0503352806183,1,307.8463894432345,1,45.349749763815694,0
103.48121168953536,0,90.60603593841097,0,18.47509315066705,0
3456.53275462989,0,65.15085927330702,0,31.97607548236811,0
846.9348518399673,0,157.34691003260437,1,250.0,0
476.45591298307716,2,133.3473948694323,1,87.89003230779281,0
660.2651172178547,0,194.5884516448261,0,139.2320565051204,0
52.124792754635905,1,79.46576193578436,0,33.48500644779115,0
1071.8310030873147,0,168.80916925800824,0,168.04499302742812,0
1382.5321554820375,0,378.5207663427956,0,153.44472480720242,0
589.6578948390918,0,138.06541874504055,0,29.73650668120918,0
924.5387765938824,0,77.98784560931645,0,250.0,0
685.8496878618416,2,133.27858397775174,1,99.75357072095866,0
922.9689042775567,0,129.46441109447846,1,250.0,0
405.84007080584615,1,115.20607527505376,0,57.605110549344346,0
122.14774364560358,0,246.45071963455152,0,61.436527784226655,0
127.71925261177883,2,174.9340449766778,0,250.0,0
1528.113002394137,0,769.8887720590182,0,250.0,0
1180.6238509548282,0,1703.8975536168014,0,8.704236864802803,0
306.00994494398094,0,475.17356242660003,0,71.77690961155204,0
160.52245871883858,0,93.75818137325965,0,54.750881466172146,0
592.9019233570136,0,548.9964932326913,0,49.44513301877621,0
76.16331710184731,1,606.1411867983354,0,178.76787153966583,0
784.7167750675269,0,119.68812834278904,0,250.0,0
1389.3653573379308,1,1026.9698539667675,0,250.0,0
872.3538842944247,1,954.8961461163512,0,26.220085163207848,0
358.4635395250918,2,167.0649417350997,0,101.10301642368344,0
754.4208746073994,0,61.28915980482484,1,187.9637059665963,0
615.9438422640238,1,29.227092644045445,0,38.1043332949625,0
537.0199370421061,1,219.03317166429866,0,1.2300431853029017,0
4746.05375998735,0,97.33083252103712,0,175.82511327060914,0
709.4218250706962,1,259.23473570014414,0,18.66951795588076,0
486.435497006298,1,125.98503743576273,0,114.01739070880451,0
1082.800653938221,0,65.68383816841029,0,87.6670322768449,0
226.40149758876595,0,59.84248717423197,0,250.0,0
1137.611382056153,0,102.70738135105404,0,127.42040512898126,0
734.2677371669732,0,336.12703422821824,1,250.0,0
993.0157399731353,2,1017.7051878411223,1,27.914070411643674,0
629.8589019335163,1,61.51401963806559,0,250.0,0
344.1282415930432,1,86.30384753354198,0,12.271872297787914,0
490.66341008892584,1,81.08303604686174,0,250.0,0
321.9240169490793,0,112.5327013151545,1,4.657250240733531,0
616.6432272891775,0,1824.2953409034471,0,45.245526625556195,0
365.55816110621925,0,413.2088840594734,0,24.626855543294642,0
1184.7018130159368,2,99.1888726495516,0,13.981123727512307,0
1563.813303687609,0,164.2586662963309,0,73.628637546905,0
767.7798790038327,0,98.21058973113085,1,20.800732692926346,1
123.49046847487972,1,79.67310169812029,0,145.01308852308304,0
1014.1933744123644,0,190.37461381340785,0,98.20998005704026,0
142.78567183398786,1,203.94877849207006,0,67.62070227670415,0
641.5382085466209,0,141.20572002154984,0,19.460220655739946,0
477.4567008919579,1,1431.8893709203994,0,29.470323408274712,0
424.83162769481294,0,113.86055687239414,0,31.30692213888516,0
167.71528791673063,1,53.12367948344309,0,89.12184785611691,0
832.5592160646394,0,1364.0435372136312,1,69.33830048561995,0
183.91866013689167,0,200.4571931956053,1,1.3741095039980653,0
685.4849900685916,0,315.45250474838116,0,23.667339344831756,1
2039.9767361829176,3,100.50239120208741,1,9.358942990912716,1
831.1689627325743,0,266.483195502569,0,158.6267572182816,0
303.14264437165286,0,73.03810990332836,0,82.33574720724539,0
975.4895756675672,1,138.86082728118436,1,153.4287485994187,0
1863.708354515297,0,1491.2653441098512,0,26.37752250620596,0
183.24189599257565,0,39.7745224487893,0,9.555574868769066,0
1463.534816091999,0,292.5401750162447,0,125.08862917723069,0
854.0388571826014,0,278.4099328178221,1,151.7823109803794,0
30000.0,1,78.31351695859472,1,1.1455574243858275,1
288.5701268946594,0,820.5387044552764,1,8.811591844863758,0
429.9588283197339,0,46.38804141339107,0,81.04349106398878,0
377.86162329497967,0,1212.0805646201268,0,10.006321997461082,0
549.8883754166037,2,1911.2322268265118,1,136.91010225436105,0
529.1686244432877,1,349.7985684485804,0,160.81350565030198,0
3922.9700606138986,2,140.46542910232847,1,18.6108567160217,1
197.38202883138482,1,123.09829841070378,1,55.99217044450505,0
1489.0229591683126,0,599.0193788081073,0,42.297447602937815,0
2415.241808319351,0,68.76419000592963,1,58.24374096205945,0
267.1229229345427,1,3042.0727409126953,0,117.24217245964503,0
278.70236265149595,1,110.29811864175252,0,13.230495591707745,0
1054.4090108670869,0,302.9280370717054,0,250.0,0
147.42413790334692,2,162.21342308350393,0,111.35321671913718,0
582.5958782572244,1,248.6147560181298,0,47.05870991243836,0
1897.5572237339131,2,85.7331473900668,1,62.71145792883524,0
271.9304909474013,0,309.5185513591642,1,42.437102645285734,0
121.03501265975915,0,1544.9238027172164,0,48.35280598089444,0
310.63995147837494,0,243.56226457646923,0,31.32908477410185,0
566.7509043962012,1,127.05177892004467,0,187.32405819980897,0
381.30405713626016,2,187.88934225760138,0,17.48310501282741,0
208.17997214952248,0,58.0136034972246,0,112.11540318014833,0
1394.9785875660928,1,124.96914593922479,0,127.48370223971227,0
267.1011018673094,0,103.08413651505273,0,5.445903015924288,0
1045.857575944599,1,1889.517302498578,1,250.0,0
1631.5955058996524,1,620.3297229296894,0,146.12037462216935,0
425.51942055699425,0,26.82945464996302,0,15.788671136778795,0
493.4515561824858,0,1196.5268738684254,0,188.7531578450661,1
730.9385182331914,0,1287.9902135826433,0,39.55282243973394,0
783.3964721276341,0,78.70144666309142,0,135.64153414493563,0
811.42703469798,1,140.21297539256645,0,40.76449442667533,0
684.5163124379649,1,405.4744541324824,0,28.61013369043736,0
759.1830424825538,0,793.1249939879519,0,81.67047707164974,0
185.22141125354537,0,209.07797932285948,0,170.6359611038959,0
1711.3399156843961,2,201.257860997952,0,105.3144732257974,0
230.67205080326386,0,100.49953611387299,1,250.0,0
309.19591406261446,1,5.194376762910757,0,12.580273497591678,1
531.0518874769135,0,385.9939639979788,0,111.96333060339843,0
1006.0810201540365,0,492.85574885176584,0,53.44673469211316,0
114.60525793270726,0,456.94339072504954,1,63.04662884574914,0
506.36478873238855,0,527.0691770928091,0,16.385470318707018,0
3321.0391812087687,3,52.13414097666335,1,17.853414457398806,1
251.02868763270453,0,327.6137909920018,0,198.93853126824558,0
427.5411200265659,0,157.34790395030538,0,173.5071133038033,0
710.4705113161965,1,266.15521396693117,1,250.0,0
408.2127388452161,1,202.8547603279602,1,44.48616373001191,0
498.02367505693604,0,131.4582440437143,0,82.47120330178593,0
258.65171549629946,0,322.19625629371967,0,22.876973389578616,0
378.0682931309574,0,362.1512454458372,0,250.0,0
1106.8210286043368,1,379.95686545733554,0,32.13725890356579,0
375.7562116804601,0,117.1123456089867,0,97.40459908265089,0
1252.2000962959912,2,288.86630336556726,0,144.62746628408658,0
1046.9461461960361,1,82.99493730629231,0,18.189855087785546,0
328.27403981680425,3,147.628629502604,0,2.4152332772689897,1
69.76591387642115,0,112.56858140364905,1,27.101926644577212,0
399.0801754556862,0,141.55827465957265,0,6.743605502662425,0
60.68674412043017,1,174.1556314923913,1,17.58845463015483,0
2930.0806927568838,1,100.75119257517443,1,15.381504380411812,1
455.10368830937716,1,251.52442796798206,1,63.97562003302753,0
1818.7742328095073,0,644.3294216658172,1,216.9723012995559,0
486.79655724867763,0,167.76433726488483,0,37.836472536919366,0
92.41526429872818,1,25.84900829205195,1,250.0,0
720.7662322621812,0,179.920149747002,0,219.89150263445902,0
2138.936090802717,0,79.82568649547505,0,181.06465325637248,0
234.26461011275484,0,140.98829613030412,0,250.0,0
165.15816690852796,0,208.67297781184936,0,17.121230551888974,0
4912.166144279892,0,137.63694710400597,0,191.5900907967374,0
389.002787563948,1,39.80954500923768,0,12.172636082804633,0
5612.884155213158,2,25.504979513297904,1,5.113065509503188,1
745.2295043184522,1,1323.3950140939846,0,53.32782724983162,0
272.9957749272851,0,887.9086817481858,0,16.84484739748148,0
388.2769612083565,1,548.9938590287717,1,105.69818267221083,0
379.8062332865501,0,759.555165670113,1,23.093778138035624,0
397.07276637936036,0,50.285891976657446,0,4.178671722030196,0
298.0014059083105,2,97.18616172930777,0,57.99834589243734,0
566.6473917247021,0,247.8018828540302,0,71.5042486894522,0
108.04460355720029,0,146.9873288594126,1,11.475171882398149,0
226.4035627883006,0,108.49721806084682,1,27.559403601768956,0
216.00440287358666,1,284.2836142945506,0,143.61823055451882,0
1623.0143982689542,0,151.75762487335373,1,189.73386672458122,0
444.2150600569307,1,806.3136870491603,0,167.25772803661272,0
5890.980480111668,1,39.84558314063037,0,73.34143051002312,0
729.9302461610367,0,68.55841436427328,1,62.01140644891228,0
698.3802512944557,0,176.13349775972682,0,85.45625856079536,0
169.1535196246017,0,427.5001264750766,1,250.0,0
1219.0199159183367,2,238.6797993077269,0,98.06409838817585,0
978.5520914206548,1,627.0708752815111,0,71.96405731268142,0
580.8316754362066,0,802.5173021606116,0,87.28559201529345,0
1532.1220862118764,0,281.43554613721693,1,250.0,0
1243.36146218816,3,43.088415907976,1,6.513610754586053,1
128.1488898524112,0,71.25503746772468,0,94.4333891917097,0
473.6125779158718,0,422.78644360651913,0,89.15233387484145,0
301.95645173902034,1,318.97003276243834,0,201.64571078938056,0
329.42749048799374,0,148.135293061018,0,5.565777174331597,0
672.9109017344234,0,199.21433231795064,0,25.348400483949106,0
663.0652186013571,0,114.30821271744382,0,38.12946759964185,0
6218.541783280287,3,48.696826973495114,1,26.616742921821402,1
601.4725568507491,1,347.86715257779855,0,1.98396071914223,0
358.4639761740152,1,249.0254172867856,0,24.698328062443714,0
456.66469290724757,2,109.5213010059097,0,55.56151519684092,0
1979.7050153107332,0,72.54487379748284,0,92.74486835860431,0
810.1063445996782,0,111.49590747452456,0,205.42590630473128,0
1531.8413213084757,1,27.51379649116441,1,6.440648302690232,1
721.4457257093959,0,231.63416246014518,1,96.56910415034739,0
3672.800232424335,1,44.5288273395358,1,30.086214261987976,1
390.90192462006974,1,344.500082012305,0,93.54902239253082,0
596.5740950436856,0,623.4392338169029,1,45.848439959401304,0
524.9628902804607,1,78.29009005777907,0,127.61352401318153,0
1643.717871332306,1,609.4535068652018,0,149.58164603607838,0
40.0,0,121.09581023875076,0,143.52714668855862,0
1031.4972069876435,0,279.48173631354047,0,207.6157597565881,0
146.59167118372235,2,56.33749577875112,0,22.45169214111781,1
322.0139041115338,1,1386.435161679558,0,53.379872416406265,0
569.963238444963,1,498.8829620019494,0,14.099856072721108,0
565.907375649159,1,80.85799307473405,0,219.78822754472696,0
109.0971390888301,0,162.15953380298254,0,186.88236401721207,0
631.9999717691035,1,93.2978804725043,0,3.160680451234385,0
324.73319319021374,1,399.2005705659935,0,10.675908901478476,0
651.8768681679646,1,123.42627689296329,0,13.829939119707962,0
551.1586126719664,1,224.2001347227896,0,14.6666045290759,0
68.8776406609919,0,224.4148858203442,1,44.26107139250941,0
454.6529179212012,0,391.48623829202324,1,242.1668303165557,0
987.8898968038121,1,228.73687301536734,1,93.11107473370534,0
1222.3753860678082,1,232.7632445648774,0,96.29814412695822,0
491.53748900964735,2,34.159827976991814,1,40.43017015228723,1
712.7123403087522,0,268.98046943309276,0,54.59558625670058,0
513.4768184245563,0,491.4808952127993,0,250.0,0
557.9960129951652,1,112.59049571738475,1,133.3686047243632,0
456.33756265451774,1,594.7140486153155,0,21.738394578109205,0
991.6033040916312,0,35.92273745980771,0,250.0,0
3986.3183979344517,1,41.80890088407428,0,155.04145194257026,0
841.2071779087604,1,76.69409877388924,0,194.18083267804198,0
1040.1299451944421,0,204.37178825812865,0,250.0,0
213.71091265556927,1,58.13030025456926,0,30.795442745544932,0
512.4554984144478,2,279.96523238150314,0,24.643199461328706,0
236.37595538553566,0,56.012113759507784,0,145.12256694580472,0
1255.2848721227588,3,24.77944943653357,1,28.365085449566166,1
1966.5055274174779,0,58.733650777963625,0,25.58882902834894,1
638.2785905719913,0,33.37653869762748,0,207.77559001019847,0
364.5113058545205,0,295.11518297278644,0,88.0677026118281,0
148.9298347847872,0,285.23238628086665,0,163.1515597434721,0
152.44751690575208,1,179.64769203386646,0,247.68998678165804,0
61.8742660892932,0,396.23803117952343,0,2.2264159629726747,0
77.06363663829946,0,440.206090037513,0,114.97796484570007,0
2697.6765756722934,2,368.9579352908874,0,115.44925260479936,0
390.1727030744146,1,177.76128453511336,1,14.63679055788141,0
404.1343726920922,2,268.4456798372995,0,222.59635429804783,0
153.71653670094676,0,567.8867662979133,1,63.70575450920635,0
2304.1985740227647,3,107.58425293251071,0,105.13216190778473,1
1480.0753263305492,1,329.2453382763547,1,123.17793332459316,0
149.5571811511888,0,138.8939637351537,0,250.0,0
352.1932431461676,1,88.15236320536917,0,250.0,0
769.7494246564453,1,381.61404191775233,1,7.453232513458007,0
185.14026537831987,0,167.6960743342551,0,55.79991558722781,0
280.7519527655154,1,681.0430517522702,0,7.42320029871869,0
197.8308329287282,1,248.9700732441525,0,15.088887637553,0
650.6672448115434,2,235.84009329735213,0,250.0,0
71.77590913160311,0,226.66233215066214,1,20.418562848612716,0
200.3665252464107,2,247.05039609065787,0,102.37256379368111,0
282.83599044131097,0,2047.1195275952525,1,98.91951735876277,0
1021.0539731808386,0,645.4774630705817,0,183.36402012341614,0
282.44944374005246,1,89.9670322688531,0,92.09452693199918,0
2260.8444595416577,0,141.0109262940667,0,250.0,0
1845.6089729258108,0,84.10835491065976,0,172.04996006233893,0
572.8934466070339,0,119.67756641328837,0,116.08953371477523,0
978.2968332603109,0,491.8625667161796,0,31.30604498337574,0
643.2715841740456,1,266.49848611025106,0,250.0,0
1202.5069591837062,0,22.91736291283767,1,137.2967082910086,0
4329.716634889156,1,58.8799766005627,1,2.9474547975228593,1
117.55346428623226,1,296.37630709443766,0,86.04060663338075,0
673.7341878270487,0,107.595277095539,0,16.09870203028229,0
938.0080153068646,3,267.66214622498046,0,30.0543244996974,0
596.4862149905701,1,431.0085142259854,0,28.752394371459,0
1516.1058746616768,2,177.27245931671098,1,9.546212508976163,1
187.56734243279797,1,175.45669926705807,0,79.98073051708101,0
436.71750061131337,1,413.5313087942423,0,0.917053893880208,0
5639.8009875452835,0,78.53114216181022,0,87.97799722325327,0
1139.540975526715,2,64.33442670102615,0,1.592722479194993,1
576.1396893895025,0,166.65079536678425,0,18.858659841918815,0
225.68555360594456,0,576.1193715571025,0,13.970792113750953,0
3242.6256555713567,3,450.3319272783498,0,250.0,0
50.5420470152504,1,162.16393776005293,0,51.74338077556571,0
332.394258131251,0,194.33319816462264,0,122.50685663799393,0
287.66135700534744,0,386.60253604438765,0,250.0,0
170.31144830547973,0,568.6099654819066,0,87.16308410431924,0
323.1340293532822,0,51.7155047652614,0,40.97682836089673,0
572.1030287809133,0,172.09947245088748,0,94.25066222448314,0
367.3042103363122,0,165.06745986917556,0,53.44577377548526,0
147.21049035803867,0,360.88335646036126,0,0.2112646922552382,0
197.91960315017485,0,253.3451121411026,0,76.7947380035421,0
469.17282437376326,0,265.88252465754937,0,152.54079011784847,0
1588.6898073897398,1,43.84198563982805,1,1.6658791035729608,1
946.8583046399349,1,277.5400486043266,0,250.0,0
1487.0042471329632,2,58.906833695039005,0,16.939155640910997,1
4949.866358925675,3,15.692390376263278,1,45.72342094152256,1
419.81797141770903,0,244.57067557510283,0,16.529155357030792,0
326.22888431050234,0,196.1833659826919,0,36.947258034910696,0
409.5197077512673,0,621.0378541075154,0,106.25924215371434,0
841.2788329931801,0,73.28241323371813,0,1.2289022960783877,0
1008.6264143460611,1,99.44546890322322,0,250.0,0
281.02002355246566,0,33.02411943834253,1,14.223710941078739,0
1255.538135538252,1,80.72282370930508,1,250.0,0
664.4364834350195,1,469.7668953816897,1,164.6659612655738,0
821.8849499179438,0,1086.4542004580283,0,56.96307505826306,0
108.58343257624577,0,269.6017134434405,0,105.27627392311388,0
298.5760244186601,0,274.1655939591146,0,138.6562294953489,0
218.30931280596144,0,205.9588853487503,0,34.341017384629424,0
269.4294211096869,0,843.3063805224756,1,113.89836028035037,0
261.80326463747053,1,374.21983787802947,0,250.0,0
162.59441671803182,2,541.3888119241069,0,37.56154633444778,0
293.72460178307995,0,125.13140989002488,0,84.4500874661664,0
40.0,0,155.5167059534401,0,60.692578785330824,0
362.66950297363013,0,197.51668773149865,0,33.205028933010915,0
244.11801450906404,0,207.21157805725005,0,225.2579211119695,0
431.52604655696615,1,47.83667720482355,1,85.10649559661273,0
1208.979610691878,1,26.10876224726897,0,65.6043142734387,0
543.9667272199378,0,310.32092414998095,0,5.425010874719923,0
971.066628848984,1,119.40473403327373,0,170.20329029062293,0
40.0,0,37.183532751612915,0,119.10221203940436,0
2401.700361662526,0,117.60137240283322,0,67.71112387329451,0
157.17507475194904,1,330.46383085870036,1,139.62920483543402,0
164.22256721891256,2,92.96009115480886,1,88.82254550294698,0
668.3130417410139,0,243.28199760863288,0,30.480816397419723,0
591.2289505867328,0,324.4049519011143,1,151.20865442482793,0
130.7875174264206,0,88.14622295440317,0,250.0,0
1199.2856315718223,2,151.44920881464094,0,15.67214846870832,0
40.0,0,804.6305583029939,0,11.227661091129189,0
749.11937198907,1,989.0060369312913,0,87.54961909281586,0
113.30670340945608,0,150.77366276082776,0,250.0,0
258.0247792502227,1,423.7693217683877,0,188.67218886364066,0
1894.1143810803378,2,148.91786260971642,1,250.0,0
1302.310074400624,0,88.98253851586088,0,91.74111532299513,0
135.98539158899243,0,1300.6074599500878,0,137.94874947746393,0
3316.819963506514,1,80.87504513514153,0,23.691384173963442,0
320.7916466468121,1,181.17832741041923,0,250.0,0
456.07142954332744,0,716.8149203209297,0,5.714316244193208,0
1151.3241624518616,1,118.67458653971376,1,184.5751791630375,0
383.6132621383691,1,210.07492171555774,0,206.61423123466764,0
305.760409732735,0,211.7239933609007,0,61.342439341338896,0
274.974696526601,0,134.62757396738834,0,128.89649285302445,0
2021.745000332664,0,65.22547560608876,1,18.56260955915212,1
274.37592420883556,0,659.5507371328684,0,111.31261600842869,0
144.00076062394663,1,630.5470879204194,0,30.745322055069238,0
275.2258319630609,0,341.9026164533301,0,173.90294449353325,0
327.60513548074096,1,178.81025350108845,0,97.17376797446745,0
312.5830800087871,0,203.55926590469548,0,54.83459515701873,0
211.0759490709694,0,1524.299102780828,0,124.33641451395903,0
662.0853557187856,1,1131.9592785245336,0,12.724776065722926,0
453.74233493098416,0,329.13551016172704,0,109.40946857742576,0
2477.952421082655,0,99.88890346866815,0,20.571567511909112,0
323.2355068642114,0,217.57276420989933,0,20.69983084410831,0
83.40016313179852,0,114.24727186111139,0,250.0,0
468.00337644894637,1,325.8773739600712,0,38.88365669148537,0
222.4215199131054,0,935.3579205773166,1,27.768437954409446,0
689.65894553025,0,516.6315394768927,0,31.974900792483787,0
291.2811883552206,1,66.23417105693662,1,197.44785992386605,0
148.13776447489082,1,206.71470363390065,0,250.0,0
2406.292309403072,0,140.04708870835282,0,94.72822728367478,0
2444.418982945359,2,230.80970445147938,0,46.40861861656196,0
683.1534750028927,0,193.83992219669733,1,193.414162577272,0
1644.514151673289,0,248.79716061115832,0,16.47318721875739,0
561.9314263700303,0,247.58665170948197,0,134.66212913960027,0
1089.4576923687239,0,114.70315666276748,0,27.272757506814802,0
615.2078400650815,0,97.38407638557585,0,89.40022686615863,0
496.3342033309116,0,90.89003969230467,0,12.292535332060512,0
1050.5816152330488,0,93.8602415944084,0,250.0,0
1320.1329632346674,0,98.55579268822189,1,24.261300159178806,0
2021.0303422189459,0,371.1155994575073,0,187.24639291827305,0
372.5975493181898,0,174.78966655485996,0,125.64730294632515,0
476.11487061273294,1,305.5628902620064,0,15.334576753528047,0
421.41449620187024,1,470.8006440360717,0,222.96362214300976,0
294.2629793097377,0,165.08727035710447,1,46.99420858179061,0
136.96765710424583,0,238.82686817804478,0,132.25596909658267,0
1350.9986315617452,0,184.93800883126346,1,103.92236525427953,0
210.7034515412239,1,35.393006822725674,0,28.17890017778548,1
208.78231393076197,1,127.3189374057307,0,14.272636360570434,0
108.48793669749857,0,289.49833569065663,0,7.455958843452352,0
233.99142025941399,1,78.32162581149781,0,15.283862570617508,0
1175.3468173004173,1,82.61404552743264,0,110.03375137118869,0
703.0200485758945,0,123.89321541139195,0,250.0,0
2726.816763387856,1,240.5056620649192,0,71.46121616657457,0
426.25259821620847,0,160.53267052825873,0,18.654810127714498,0
40.0,1,140.60706308959223,0,31.937199222061334,0
427.7844596169388,0,488.34589468587075,0,16.082201548284203,0
876.1891379261556,0,650.4365081064121,0,250.0,0
1440.4968921912348,0,109.95461237433805,0,250.0,0
756.233794776831,1,584.9769263434958,0,86.96395826831343,0
164.0378577949038,2,265.41498914754675,0,77.32198184582823,0
60.42207582524894,0,341.38953013965227,1,177.50942322388744,0
214.87641414849853,2,157.44330245978392,0,250.0,1
237.04065506366925,0,82.99297436388434,1,111.78831665204461,0
1339.3068980280666,1,213.44147864608524,0,138.09404354141998,0
185.0568283183567,1,94.01602466045081,1,250.0,0
517.1636295138144,1,512.2686349893719,0,219.2478461574465,0
533.7217663541878,0,162.4135151844131,0,22.60862040496482,0
1934.1406344342752,0,239.5574292400745,1,250.0,0
648.5389446648142,0,280.91113226805925,0,155.23805068102837,0
576.464341213522,0,151.8336900170711,0,250.0,0
406.8602119312213,2,51.11413659276385,0,250.0,0
311.5787504171153,0,198.38411247813966,0,87.29043300238843,0
487.31967376165085,0,1033.012461437737,0,250.0,0
189.91512542313197,0,57.8100958099067,1,146.92757448733693,0
840.885785147471,0,127.1676566653922,0,26.248663570924766,0
1614.058574973351,2,207.59506836365858,0,250.0,0
40.0,0,158.06666832486755,0,94.15606310677188,0
131.53896171059432,0,258.30603830423956,0,12.47469765840556,0
295.42137788541316,0,250.8180713971391,0,64.15117123905453,0
121.12326312269954,0,451.211246765866,0,94.29682334371923,0
1326.2895669408265,0,36.81917820892126,1,14.040199967349121,1
371.4008138806388,0,128.3343386535834,0,250.0,0
257.5658908633182,0,225.36447848383943,0,72.61609253198958,0
462.92929315090953,1,241.3550213777384,0,15.922712948772075,0
665.5150041039162,1,427.4046195933466,0,54.88214457862285,0
261.717108673859,3,302.85847096058023,0,193.78084257343613,0
94.41033401310781,0,429.6135333166349,0,240.36545252684252,0
426.19607811105897,1,910.6941745050265,0,26.448347154547402,0
173.0572414774931,0,676.8200071415625,0,61.50461197956886,0
518.19051536778,1,143.3970741872274,1,90.6834739208669,1
530.3664815160035,0,449.1458430935025,1,24.45052227450417,0
1418.7110218697912,0,450.3504375382485,0,105.92534257112663,0
684.4176230287874,1,103.18980132928046,0,17.69686215867558,0
446.81642183714683,0,73.63615891200398,0,61.100609546356964,0
554.9771223222623,0,92.84095430102813,0,106.71336280568501,0
382.44378005648724,1,309.50868752358537,0,47.60792659293539,0
427.47881193329005,0,220.5103210795719,1,48.973271095649736,0
351.29788882267763,3,1512.6184580419435,0,18.41605027304371,0
1791.7627237423565,0,234.61966783037985,0,250.0,0
788.1633440052466,1,1059.4896276055385,0,174.000529648472,0
324.1986742943079,1,196.45496818680024,1,11.982968097889104,0
215.6809567155799,2,39.30639182367927,0,50.58981150421683,0
310.9997924888595,0,218.0152263495847,1,211.83999487209616,0
61.42079879084369,0,121.11960780732434,0,244.57907658675953,0
607.6147341650818,0,242.4474518142049,0,74.02569324864669,0
1253.9862495090679,1,33.70375574129591,1,17.19529489906992,1
750.2972019566085,1,143.8412683465953,0,74.25661288650826,0
336.76049059907155,0,993.5737424452007,0,84.7428049315757,0
64.03606287669021,1,502.9571221053305,0,108.11410588953119,0
782.7302182232504,1,105.6460165774295,0,250.0,0
216.12420122138457,0,338.98173744454226,0,63.83704773429477,0
193.72416367097642,0,644.2834041779781,0,106.5987617363906,0
189.40165566739006,1,231.0694260243942,0,134.12513592241675,0
187.3781469225575,1,172.30809351684235,0,175.6279544563111,0
1063.517507896034,2,141.05919925671137,0,75.94000866930637,0
244.48371874733175,3,79.31810659176672,0,145.66380374249007,0
713.5864272028286,0,208.49232550862484,1,157.34720514205472,0
3143.1493986839746,1,176.30739660385035,1,5.871977802419497,1
1381.8226282433263,1,28.70862014465028,0,20.59552358389999,0
371.9224141126738,1,187.18242493801708,0,175.47758477953042,0
383.32030563784804,2,141.6349730733901,1,225.8256803131786,0
4441.503383981756,0,49.41595065569766,0,4.059058587451044,0
557.6333517526733,0,262.33400746264573,0,27.06329767082747,0
40.0,0,128.13943131321668,0,60.93205268816242,0
424.0472348993873,1,322.3511636498865,0,250.0,0
2107.6010378452156,0,410.6691063182,0,52.701407292327985,0
668.0885506335158,0,336.42684544525173,1,217.642131320597,0
770.2240426387614,1,72.38656695286645,0,190.41451701622063,0
1114.1160828671095,2,38.01492417790225,1,16.08585200003592,1
23037.465599280567,1,22.004896359356454,1,0.4479987142996855,1
1779.3372918182195,0,241.45815835292757,0,94.10690919634526,0
1854.113303656182,0,3600.0,0,207.61020839832523,0
1316.201761776345,1,328.69361778520283,0,8.086573737465732,0
105.26595326096628,1,71.18849957996687,1,114.94934574952586,0
1063.9857646522005,0,262.14165798848626,0,70.48032686860245,0
630.6434968022646,1,35.07919987335721,0,145.39944358441443,0
86.27056261134715,0,145.55863334313773,0,165.51046551205243,0
310.60971807334164,1,39.09640497935499,0,70.0283321991657,0
550.5430338464188,1,422.2686447221219,0,107.50773575977372,0
419.2918434094232,0,32.94481496327472,0,44.894565914930006,0
67.91478604001351,0,344.48241528460716,0,3.24800252362465,0
212.69342334182963,0,113.2268136852834,0,76.78354331259037,0
541.1822706815119,0,235.66544990363485,0,26.046717025247617,0
103.77263846426193,2,91.40332192456277,0,15.40642087868382,0
2897.8946072673252,0,336.66198515409997,0,188.43629851928955,0
229.2010038389402,0,91.97710643075435,0,32.464155818644315,0
1019.7549945857788,0,220.70167958813695,0,127.21586706368961,0
3189.665750041576,4,92.54625809690232,0,34.6348097725501,1
917.5230491085715,2,67.19781199708288,1,187.6585380696099,0
344.9532121399823,0,64.4653289929568,0,41.64094251738668,0
112.0070877515891,1,95.56140079780218,0,103.08530283355881,0
344.76398888807444,1,463.1977547602129,0,40.70829695426066,0
264.01222267386714,0,338.3621725877305,1,62.78476206180651,0
277.9643687187684,0,109.58377896497576,0,13.521574581986204,0
1395.176975605142,2,90.6352250065367,1,12.363067310958149,1
1077.3980311725409,1,134.78073612470064,0,156.65848483084082,0
4299.965706628065,1,137.9166182277856,1,1.92472734520976,1
496.13674051859545,0,88.61537892899199,0,159.67216164340115,0
453.25734087969386,0,427.5640680200789,0,31.930031519717936,0
891.4740353879167,1,665.5359628936862,0,12.031189071624892,0
2217.6079769643293,0,42.54048543873832,0,2.009763248547473,0
398.2833532422024,0,484.26598684717146,0,157.54636878544693,0
1981.3572766959444,0,173.61281767393544,1,250.0,0
194.98958810569394,0,226.14638642262491,0,103.79449941830016,0
346.1944890540775,1,200.04241536534005,0,33.12049469350071,0
650.2352960737144,0,26.77511878345939,0,51.2302952548715,0
45.51118291756062,0,317.43127084181015,0,114.01381258657047,0
41.97407033696618,1,33.239060639322304,0,250.0,0
1396.7975111820442,0,88.11717398082713,0,16.61269939037449,0
2551.1261366805525,4,79.58704154958824,1,5.995422847768331,1
493.7225836991087,0,146.57622625693418,1,230.00233231427978,0
137.7416349845834,1,314.83366327023225,0,250.0,0
183.31937116017622,1,60.7795923917314,0,157.26842404419403,0
713.4400629146157,0,43.548401473239345,0,250.0,0
1801.2575028693736,0,59.10227072421231,0,244.4753870308337,0
55.149144878503655,0,502.581270396747,0,59.93408746671446,0
494.5842816128322,0,171.7288702528703,1,40.72847195707396,0
372.7334136855343,1,348.91407532875456,0,250.0,0
1380.5703497400252,0,262.4525956194914,0,250.0,0
644.2221800419272,1,94.43898754641457,0,13.421237146921293,0
1199.8128641719477,1,257.9245594308963,0,70.98701810227409,0
272.73560307874124,1,195.66595869285663,0,30.139759368366597,0
97.84558767013829,0,317.5718900926712,0,49.867736979783736,0
411.14988703270757,3,69.4153452192812,0,243.05089668164908,0
133.29026108364684,1,1834.2753071969305,0,14.991907529801555,0
228.5391590060913,0,441.06671893486345,1,12.057954091661472,0
531.2341569947544,0,233.03570399178523,0,50.2998310956792,0
172.82909806529665,3,122.04728286942307,0,206.49741503475542,0
442.150204488667,0,158.73742112654318,0,61.928999795601364,0
727.9071147972852,2,211.84661343231923,1,3.94474604496868,0
1306.657741426347,0,379.9561214535605,0,16.679069450033154,0
280.8224938690061,1,116.50878173222574,1,42.51721812728935,0
789.6165339006275,0,163.76119991105577,0,250.0,0
2146.00809755401,1,9.30217307147865,0,72.13663674013,1
156.13351409376062,1,101.24416564182857,0,250.0,0
2762.5872573365323,0,494.4362091887805,1,178.8722640314519,0
3254.0163045645854,2,14.045170885515265,1,7.988493321815355,1
991.048684852919,2,323.5016026004544,1,51.50243831376941,0
1853.7106256344377,2,52.21076648563904,1,10.483885720512705,1
1392.3244501124084,1,148.4473575954341,0,250.0,1
881.3039401772489,0,81.91980837244229,0,29.193133495904224,0
755.5398036866497,0,263.56545588351,0,250.0,0
162.2250048892527,0,320.4556524424197,0,46.193471579677734,0
555.7721045851018,1,666.7154433210663,1,40.69115100109108,0
52.56016708058769,0,33.934464811207924,0,96.90732154202334,0
182.06704034195445,1,185.59255934348792,0,102.7987506364333,0
2185.146443727391,3,29.909607304348466,1,11.960286262244042,1
1698.3359600990386,1,318.43022007729127,0,215.89535619688652,0
639.5165142311289,2,149.82986874997772,0,64.90320217721901,0
623.1369920859357,1,331.88743529300416,0,129.99388040329123,0
8689.425668360573,2,88.69776361633292,1,0.9445058692128996,1
167.62507732774833,0,366.27663609055514,0,193.6045070949641,0
416.6907962726023,2,97.20619615036355,1,21.786054363931274,1
266.88961643690027,1,214.01044266370195,0,17.39722162230671,0
3165.8949697241756,2,106.71466612963708,0,57.48841788831123,0
220.39647545020566,1,120.1166975805953,1,110.58198879759703,0
300.0587585511775,1,885.4249225680638,0,83.88860917512021,0
153.631039606978,0,338.5238433641213,0,47.265214100912,0
210.03119324266152,2,64.51770918144369,0,63.083379895914376,0
506.7633466203476,1,501.4593684296005,0,199.62992366421858,0
297.73870045735543,1,107.15974841104955,0,85.68922414805405,0
765.4179514862074,1,267.06747036493744,0,9.904336581589519,0
59.15043022978224,0,55.166604284941144,0,93.82819900132212,0
607.810034281114,1,164.71719475372274,0,10.125702516605566,0
125.27829404190892,1,634.9932471416206,0,139.17777479419564,0
981.5345313189988,0,345.52542748449304,0,250.0,0
319.60800076577823,1,552.2639650051303,0,13.665094637418438,0
10292.186066546445,1,23.975051031388965,1,40.015617915758156,1
736.448372059695,1,53.83402387818461,0,16.627566869354307,0
258.06763250008345,0,247.26450374906727,0,192.10579928757065,0
87.89119657505354,0,351.2174226479646,0,250.0,0
1123.1265490301057,1,109.40381313614436,0,54.669978850802885,0
1115.2603474099783,1,206.13499425711308,0,38.709296250586895,0
1200.2922904077163,1,162.27871397910522,0,103.1183919786451,0
234.75122866587978,2,89.2817153295842,1,48.25795501388262,0
466.7194549923255,0,334.5318266353107,1,144.61789278080815,0
3023.0422048123787,3,27.667661182195836,1,7.023776898363465,1
487.77554846862694,0,383.57695754256036,1,41.89501907662254,0
60.21176238493716,0,336.2860779228583,1,8.225985958937905,0
493.53887064944684,0,24.867848784744226,0,73.48784610252802,0
786.6603204060726,0,1326.9139040392736,0,77.26214569851624,0
63.04330247970825,1,151.07550119833505,0,8.554739239059684,0
158.2915662493301,0,118.57532398882428,0,104.51562563888277,0
722.6459984713449,0,745.7156776060109,1,98.82568285212447,0
179.43181889797953,1,49.98851984853253,0,250.0,0
211.91830435164871,1,244.80945838989066,0,49.2214195502102,0
2242.724595037707,0,382.2544658058412,0,15.024083770032881,0
315.8974214416814,0,760.7312512022098,1,26.40688100235878,0
343.46748643509375,0,268.21724333261386,0,167.60595804503384,0
165.3320953138677,0,861.0076480147202,0,250.0,0
1670.5656482387271,0,140.06875542781066,0,174.35998742420034,0
952.132873609274,0,815.4671264074684,0,81.62601040062272,0
854.877540999996,0,391.0093551273524,1,7.367120761554241,0
1428.146735381705,0,115.28330941683822,0,40.54334667868978,0
287.5455179436636,0,146.59275406489974,0,19.751621209477086,0
265.7436682085958,1,509.7748835269881,0,223.76642649512524,0
14573.268240011847,1,69.14131164575791,0,6.201006977574299,1
561.4243994442136,1,444.91325733986633,0,42.54504214037095,0
1328.3300370486422,4,8.484076361756742,1,3.93223648028407,1
194.84686250296957,0,531.6525087179646,0,163.62534329993488,0
1393.183784189613,0,208.11730918529463,1,120.5157179110401,0
286.1107281870122,1,456.60121519963803,0,132.8919398866721,0
381.2051675377158,0,172.47141077460302,0,37.52241390571827,0
626.587066634809,1,184.99796232536534,1,72.85632868761346,0
1768.1993237658162,0,11.252964488874879,0,143.5450587435103,0
2253.3754652184625,2,684.7787426093795,0,86.28015544892382,0
94.61957205890721,1,76.51822562777403,1,43.69274310455023,0
658.0433968518872,0,35.020473468343816,0,236.83212042392128,0
493.1274998233587,0,130.72797040170178,1,152.4475340200977,0
1585.9730912799398,0,506.8641703784736,1,186.72290129628604,0
982.5774408821545,0,72.29304469533054,0,250.0,0
232.03768506137956,0,81.64721835300142,0,126.94441247620578,0
104.43055204986813,0,50.89383477278238,0,225.66824338275816,0
308.6027058309301,1,763.485751821108,0,250.0,0
771.7696335842047,0,433.73607753838894,0,62.995456756674784,0
287.4238079016303,0,768.9350832014974,0,72.22396740751991,0
3301.031860568928,0,239.52097879904994,0,1.7172662461469301,0
210.6636358887586,0,207.00162181564662,0,88.35183301758826,0
5717.943780897205,0,111.43874946327367,1,4.135239729602894,1
367.34653481213576,0,261.09873291153554,0,64.31522868789875,0
248.9541579842281,0,219.11669784739618,1,58.81367228454182,0
357.79311532781264,2,75.8946076557614,1,27.68952723649146,0
42.595990272093275,1,100.63750370466364,0,80.4338098383248,0
661.8679406646668,0,126.71052181675391,0,192.78585383495817,0
1375.1985424974685,1,51.570622648560814,1,109.6705903514412,0
816.6075541085547,1,173.13616475301185,0,128.16487955709093,0
40.0,0,144.8310688758052,0,40.60630420290728,0
233.40181027916998,1,261.8814521552506,0,44.315150095280174,0
1334.5304311802904,0,102.22227685024991,1,21.554501736878933,0
474.7219240648299,1,172.11654701770618,0,56.76333519010156,0
775.2900342509147,0,168.9901798319539,0,2.762411051923242,0
596.4987865084819,0,113.13369561984211,0,250.0,0
640.1272353150839,0,605.2255048404332,0,105.8824108926749,0
183.42885148722345,0,958.4861625974038,0,101.4637903655065,0
256.1533163837574,2,403.3175170571462,0,11.866535581881784,0
137.14638974663404,0,280.59985856522235,0,6.60466770006735,0
115.93867607964984,0,295.57227504818735,0,99.49707316673125,0
157.58275468525997,0,403.90550209045045,1,250.0,0
532.1359743094245,0,217.1364459949154,0,36.391684588038274,0
80.05766257014494,0,47.86687118747923,1,250.0,0
2165.8829769663666,0,300.40418246649597,0,132.79626371176207,0
3621.1204155784008,2,6.262660568391524,1,16.231455271667826,1
839.275188919332,1,767.1844576651017,0,97.22430154635997,0
758.6762403727311,1,204.35581765601688,0,176.71230875156573,0
119.44445832631125,0,406.916296629832,0,178.12214516948495,0
257.8105435114996,1,774.7068284067492,1,81.72197935099804,0
153.1643035666833,0,478.5319961076109,0,72.38774819170627,0
1048.957030353008,0,57.29677515330342,0,15.496272671187121,0
235.87038802411368,1,372.7548177843183,0,147.5283730953351,0
1702.9291686303047,3,72.87371730346321,1,47.7053399803262,1
139.26780406578905,0,175.3183346475568,0,73.28601072238978,0
6437.167385470846,2,31.89420010210719,0,23.61023478496018,1
410.30031858918903,1,199.4167952412223,0,24.614041458038677,0
219.92215834545266,0,98.66719486927738,0,11.849873490448047,0
829.3166123435843,0,252.09383258634924,0,96.61819313859101,0
403.2352469914912,0,9.948975994870372,0,38.41467047527651,0
965.4423888155429,1,501.8370684770595,0,57.60045566728108,0
240.06929176903677,0,339.96664204177785,0,12.738926573691288,0
681.0645004900375,0,490.15762914564857,0,6.737685861897175,0
1876.6195993444046,1,644.541571763971,0,57.12605070352189,0
217.768133297995,0,231.0122279284309,0,137.79141514649905,0
887.7143448301008,0,846.6284446980753,1,47.930776010361484,0
1024.0052149639546,0,341.86623961551885,0,48.104683083980454,0
85.95939888406856,1,481.51609064105304,0,0.7502661875186862,0
400.0963589357433,0,1615.3965301984008,0,11.426232334749775,0
813.2581620960193,1,80.85007126488387,0,78.51657387924185,0
74.97949880332148,0,299.07905327938965,0,126.01966424563908,0
137.6274111548968,0,64.03163316125345,0,26.497345536111983,0
382.0953484534142,2,181.92193622202396,0,111.10437073519788,0
126.80510646947506,0,155.0935861120923,0,64.64545630338628,0
2486.8750427977293,0,232.03174714768878,1,50.85392289338591,0
979.4973365557607,0,230.6366888109988,1,197.0362178048646,0
538.3017935100279,1,2333.7923613662224,0,84.95061535726673,0
522.1081122704477,0,573.2826393879047,0,63.12223817999528,0
9592.902794079017,1,71.24720652085014,0,67.36027633603283,0
577.332342398254,0,467.4084769144271,1,19.419376992260247,0
231.92066700618633,0,120.63661164954527,0,216.05053543180384,0
1795.3727579467557,0,69.81837262760585,0,70.306610340057,0
143.2580207036067,0,311.1455503991413,0,8.21928540780765,0
105.06757450864615,1,589.3565723530626,1,233.47929403022655,0
1123.6370927926366,1,346.69695323938663,1,134.88603675416482,0
231.50965587536786,0,307.40829062006713,0,78.60435818648266,0
5582.374646996177,1,10.3793828630661,1,8.175724078095783,1
47.7710573410374,0,603.3476714478779,1,78.61058425228372,0
287.8286049146094,1,215.8536597728604,0,235.22872885967183,0
115.13404625664224,0,156.909579972703,0,36.130005163823995,0
146.44126025693552,3,592.5949539727071,1,67.54078916997842,0
565.4988514370258,1,107.09215538069002,0,129.06870569099,0
352.4535101956568,1,114.5825409693411,0,47.55300495432091,0
482.3300920322793,1,58.03292466077582,0,250.0,0
549.6590142258696,0,167.00010061708704,0,39.69826603497423,0
1699.1419199002921,1,221.86456903738306,0,31.373414875251495,0
388.45373762923884,0,93.18235642768445,1,113.99490384136851,0
3585.8827505750464,3,28.919270334439226,1,9.980960597164126,1
629.9550839044871,0,199.17594830748956,0,212.87843971472373,0
424.0981595193642,0,1184.133507482519,0,132.66936216733916,0
173.49906625109935,0,81.87816447790048,0,23.865661728349515,0
81.87125538198552,0,48.52025447002127,0,186.48091770245912,0
200.46047855774503,0,172.82958720644976,0,91.94239987935887,0
450.9006104073768,1,666.984006920261,0,148.39684477549784,0
468.0432231394948,0,72.4358376986397,0,250.0,0
8170.276524434831,2,46.44106794388379,1,2.737149595086732,1
192.04128857656448,0,714.498055290767,1,173.77654003626503,0
287.25489643488856,0,242.47309492513384,1,62.457543017696494,0
569.3738748705686,0,223.14617056129958,0,52.34745932496128,0
1956.6742910197538,1,115.67841145570567,0,82.09874147762065,0
303.4891043697058,0,204.6008212094839,0,42.16636733571329,0
100.67533497714726,0,719.3161271917245,0,56.533482930737605,0
166.3864573484603,0,229.49102336560225,0,41.331314044044674,0
184.79220077813062,3,30.184594489603548,0,0.5304304869734178,1
172.01016673839908,2,173.43942104105054,0,250.0,0
425.08665469918867,0,143.45071200690396,0,0.8937319990066788,0
198.88046315332605,0,152.946468062307,0,250.0,0
916.4818537346674,2,214.62999964460545,0,31.862457701792437,0
593.8292157706965,1,189.19652107865588,0,81.43681514709677,0
98.12957691847005,1,572.1735894781353,1,50.29485929664611,0
2818.5109997248223,2,26.015262023558254,0,7.135146916105525,1
541.60616290189,0,479.86082284602026,0,26.095960196232465,0
409.2814150656936,3,219.32046286280539,0,1.1953968908886463,0
627.9057746466724,0,163.05770517942904,0,54.33465742722561,0
110.49590756638162,1,168.22520967927557,0,30.65526408221066,0
1017.3107705545693,0,390.8888723084506,1,110.08825127178018,0
3686.786250662089,3,50.01775223210577,1,45.89702292101658,1
298.62779506978393,0,362.56943062161935,0,94.16319317451004,0
455.58988971830394,0,98.76334423577892,1,12.270053976371786,0
226.68036957710055,0,425.1589738265926,0,24.379031691873564,0
215.50469430451636,0,340.5362189563711,1,66.08395688929124,0
1986.573093109532,0,191.5605691095178,1,66.15952179902146,0
1024.9391788777018,2,122.79346472042258,1,203.5598995406506,0
100.11369553733098,0,82.74934379079836,0,4.576194427550253,0
473.0606278122996,1,103.07629206698468,1,63.40566463840822,0
903.4007425922349,1,177.67936772652232,1,22.8094486888087,0
1799.5499829427824,1,664.4325292758671,1,17.860805624324694,0
606.1822962536419,0,247.1150190287549,0,15.878112018350782,0
257.6285181661002,2,193.46584334148997,0,188.45123487255267,0
998.0382610323543,1,137.13989749366536,0,44.116479764028135,0
372.7845148058596,0,233.2300174194266,1,181.4393529533839,0
655.4637171878101,1,121.4513106833069,0,71.15085444439786,0
143.16812112160775,0,966.7625331228041,0,22.533170971699082,0
122.50515199874951,0,382.3676741768402,1,10.110538161715345,0
541.9003672518303,0,112.97318980086278,1,250.0,0
222.30634739248234,1,204.42705223954312,1,203.61726611047143,0
950.7487627821232,0,138.6982236173853,0,10.972560341108728,0
405.20381805826497,0,57.48072100432149,0,93.55983981791942,0
551.5709974258366,0,75.38606951630213,0,29.165281733850474,0
239.4814300629194,0,557.0531009789289,0,151.7672624495134,0
4354.632744375319,4,74.87465241745957,1,1.7756214013001337,1
1388.8534575232136,0,73.48431019039805,1,0.4331770955610935,0
2124.1514901972682,0,193.5090665166657,0,95.21687098813622,0
92.65734856557987,0,247.90680832853056,0,15.778291995873998,0
191.77249833574632,1,425.2100301572376,0,208.64937152930395,0
718.2821147331775,2,311.5627657131035,0,148.00330518733708,0
792.6924705717088,1,153.36898085613672,0,1.780419278174934,0
2250.4346173150907,0,40.99500810128696,0,61.82647408617987,0
78.92129984391376,1,199.58114582113046,0,11.413396379933975,0
1620.6481474483908,1,93.86007832250675,0,8.184814425415917,0
506.536050135804,0,535.6187029410514,0,46.47550945483708,0
326.1068062120522,1,1157.1107079721965,0,133.7287909025885,0
78.62278915659104,1,218.32804441541174,0,250.0,0
1134.1121078642495,1,497.1422799829915,1,250.0,0
299.32107035460155,0,213.82681295194124,0,74.98492185944488,0
201.87097223401545,1,139.4073505242829,0,117.02052585008876,0
919.8397534179552,0,162.32814504223026,1,169.62091304954006,0
241.2049274414634,0,53.293852983331284,0,71.10126044385136,0
1920.6643711046513,0,396.8187333652171,1,250.0,0
472.9774047594423,0,748.1628601104252,0,5.412628640434885,0
746.8248877390632,0,1002.8874474311436,0,87.16461983387237,0
229.82900113521507,2,1116.1705540686835,0,3.538627757162086,0
823.8917626835321,0,364.86588102468056,0,22.889157098530518,0
734.9882298096958,1,143.50327260732746,0,93.15463186788672,0
120.979302078245,1,707.4876558684568,1,62.980109635862064,0
6533.633827790111,0,180.44778735923936,1,3.362340707179972,1
135.93722894879673,0,71.75367543029101,1,250.0,0
842.486116293207,1,139.51714359378752,0,68.47500591880129,0
490.53734808395245,1,142.32399570675324,0,95.4214257582761,0
430.59261989199234,0,242.8899870858899,0,28.045449089266715,0
746.8418822980912,0,121.34227697502415,0,43.80701464867617,0
105.04880981288765,0,167.66080015724978,0,40.4738368310337,0
300.71823252408535,0,389.4073832017286,0,250.0,0
401.2167788062577,0,176.80300466303854,0,109.76670923074367,0
371.8944632837845,0,80.80458155679086,0,250.0,0
946.5791422697708,0,104.09393812006027,0,168.50088804124056,0
649.2425568921145,0,475.5232968439474,1,250.0,0
2399.995348083007,1,117.79408579452937,0,66.1379254032938,0
523.5300948438643,0,124.99801125416963,0,44.96173652286318,0
450.037978493675,0,454.06838803289435,1,130.53305042338675,0
40.30466632028899,0,59.10391918148452,1,250.0,0
148.47915942568625,0,400.96675946810905,0,13.703627848916097,0
1757.6022948895857,0,220.86362214661875,0,36.9702198871483,0
182.1434123025834,0,273.08702488665045,1,12.95529446616266,0
3264.5542222567924,1,64.3999322295386,1,1.1138676250720636,1
841.3368592517419,0,149.05420227177248,0,146.64747577021095,0
8109.141195011823,3,10.22951472549429,0,27.83838760406941,1
134.9940453474627,1,176.77185885233553,0,63.12119030869261,0
1046.4791871741322,3,141.9148672890494,0,250.0,0
548.8505616453845,0,192.00625439101702,1,88.10992170412356,0
760.7552522142398,0,105.45920049160127,0,43.65261175864318,0
120.58109439750626,3,1246.8430972900358,0,25.941492866844637,0
1419.40057698086,1,69.86526444902148,0,33.556288695622484,0
389.828592500064,0,59.59369788524213,0,117.28962829426159,0
47.72900340155536,0,119.03015419465187,0,62.15529379697738,0
260.5278563746327,0,147.2901681574753,0,60.99363597335733,0
2980.083430855196,1,586.1101908284951,1,250.0,0
1389.2075973645306,1,155.86481941563062,0,52.445482042338824,0
208.21574127620036,0,21.082497057458593,1,14.425300216985486,0
1323.6212383206546,0,240.53441441891786,0,157.71619589179278,0
1977.0216745780654,0,375.148202188992,1,47.574117167331394,0
533.400152163585,1,153.30248683077923,1,105.59786654035821,0
783.1811978431679,1,99.48601077598298,0,149.46613980053837,0
179.70628671365515,0,1263.5866106373112,0,196.09781325129637,0
54.80099246994444,1,64.54855313049596,0,8.310593224736584,0
289.0824295707552,0,1199.8605349282366,0,145.02609805875306,0
192.29832633649588,0,171.55451223623575,0,230.75461169361046,0
1731.2012736889076,1,702.0179680876435,1,50.339110429546736,0
214.0750843333802,1,335.9094671924158,1,71.82481398481211,0
541.1055112892109,1,57.317071901584036,0,250.0,0
2151.5969318962852,1,124.13321299569276,0,115.44501781011738,0
205.91374201810186,0,1190.7961718056877,0,26.388000367954422,0
4234.774601042156,0,53.03830576728744,1,214.63793923360987,0
69.27121602258565,0,374.7732715865675,0,84.06882339021676,0
2056.241865277643,0,578.0085959120214,1,216.4148404857236,0
286.6455265644517,0,137.30706970013983,1,63.40160792094843,0
588.5174458011655,2,158.78436678319233,0,250.0,0
854.2623108255002,0,44.10533915598205,0,60.20253634089513,0
568.134810079737,2,46.707876657515015,1,33.36309362742019,1
1771.866113116567,1,124.96553035824292,0,55.37517717988332,0
236.70648248183494,0,868.1414540183692,0,28.21251988168052,0
925.6284901146062,0,183.5493402552625,0,55.1017630437116,0
110.20402462638465,0,669.747759911928,0,22.348719668274114,0
4779.9931512542435,1,142.22807708836447,1,11.6252550138769,1
273.1311230874046,1,31.69173932939071,0,157.45198035704013,0
912.5914575271848,1,414.5576047814047,0,134.84641381493884,0
254.24641162063222,0,176.4749350699029,0,176.1713614026257,0
3501.897833643368,0,148.11559342925622,0,250.0,0
379.25752550131205,1,102.73613259963523,0,43.43611677064864,0
218.60206955834465,0,81.41552093303521,0,40.95449545085497,0
431.3599347817716,0,200.66992810861035,0,250.0,0
442.1657254616356,0,555.7750527604192,1,250.0,0
253.38332845023393,1,186.75145346297364,0,6.760062512982536,0
92.50799427017871,1,1518.6951710551764,0,6.301252116421538,0
733.892029490333,0,81.10482635023068,0,133.37197120798277,0
322.0772457501343,1,202.34557456857416,0,131.89932891535653,0
80.12699052033376,0,293.54554103606336,0,34.5889778160703,0
522.867827954265,1,140.55800851866056,1,103.95990618529355,0
162.718748584274,2,248.37818372488994,0,162.65578747082102,0
2893.674313333001,2,29.957610525578147,1,1.4533752340021318,1
760.7794932971748,0,285.469284480343,1,31.206464225043568,0
570.5413725946901,2,62.2233779503437,0,106.89412088869514,0
195.0372308779405,0,765.3387372869481,0,203.19131471300494,0
304.05475091794824,1,209.83145182768206,0,249.84995008463648,0
484.46469732302575,0,39.70256755632553,0,34.3622722115073,0
463.6274730200148,0,865.2728475485729,1,68.85947350460394,0
204.94311826651045,0,369.14186296287806,1,200.76778652902283,0
3697.7798591420033,0,375.17137158098683,0,87.45832074792733,0
190.92903799871988,1,108.78728034231892,0,159.62377922529603,0
992.3280066082579,0,197.40367436787784,1,104.54048224891756,0
329.4752548200059,1,459.28695307596513,0,179.18476122634206,0
227.76582968077878,0,78.03213515316173,0,104.75821252017596,0
96.89282907828294,2,369.1069251511501,0,250.0,0
133.011357902767,1,543.1272962863098,0,61.153047152553924,0
627.860466941727,1,90.23927692849118,1,91.48280460819393,0
98.20413354226352,0,849.7383400536344,0,250.0,0
1944.0458682139952,2,113.3144588118677,0,47.54057686275122,0
269.9975874832816,1,193.9607240950842,0,171.57190488444218,0
5073.039804340545,0,33.12665294542369,0,75.64019815585478,0
657.606351584894,0,45.917969697916845,0,120.48422234262028,0
605.264518762763,0,243.73473772978082,1,6.580401098428041,0
302.3150449501807,0,213.23762300636653,0,237.2187219712289,0
296.53325053952017,2,90.26760656100988,0,215.9816100671842,0
274.8946171526738,3,136.6322613356814,1,81.83679836962321,0
136.5720415498766,1,328.93039104238136,0,55.521908503448934,0
329.8914320586112,0,125.2793397973558,1,204.3135773546356,0
646.3702995720652,2,126.5639442284408,0,82.9916135588492,0
418.0164157194369,3,390.9775058607316,0,132.72681766414095,0
3255.68968941838,2,36.68415184980279,1,20.268965252354082,1
366.4309225690448,0,371.2924443244238,1,19.633805839209618,0
399.5021217333195,0,380.575619056406,0,14.327809667801926,0
381.9516701755141,0,137.5867860930983,0,129.90244908016587,0
703.2966350553706,2,119.0770781864493,0,24.986677129186198,0
523.8100224746325,1,381.9542375144721,0,48.71579990608804,0
978.5337537374845,0,259.46571575734623,0,11.222015769327353,0
764.0712086711038,2,126.8974580368044,0,208.14684534889906,0
781.995325666581,2,289.16791647099024,0,49.00907621601335,0
323.17599509687267,1,146.59878504361407,0,250.0,0
3328.2791723805276,0,61.74301251320212,1,167.26309617766205,0
175.41046835548232,1,504.22262498462294,1,250.0,0
159.05713487721061,0,786.3789468817877,0,34.08757613455796,0
773.2507815900254,1,302.24769779084136,0,110.78003208086308,0
263.91137172126776,0,1105.7858677606414,0,192.61806232610033,0
536.4364161027211,2,97.8944015670394,1,250.0,1
984.4183421942674,1,88.1547686632124,0,2.018828731999247,1
386.0691978757293,0,358.23233500349835,0,186.94544607990574,0
2273.854257810928,1,60.23024246699132,1,0.8681180547747018,1
609.290926641655,1,20.453132807324938,0,28.362911778276416,0
277.29395404106174,0,355.878947748324,0,121.40460610353523,0
478.010888341333,0,95.25681062087457,0,62.21190325425383,0
1227.486514726367,1,477.8357700497408,0,78.03880662131944,0
128.49954374966885,1,772.0750637207109,0,99.9676767160237,0
209.7273314673436,0,26.09563534968263,0,28.043170219759496,0
1155.4016817169622,0,166.8044334107624,0,129.9926005815827,0
2624.747272699961,1,360.12016881316913,0,250.0,0
2717.4249266958705,0,306.71526925720383,1,118.84986187738028,0
797.9737531760135,3,377.63872104265073,0,127.01670594963004,0
824.8322979102502,2,684.5284191864404,0,106.6658679923551,0
161.5775556934379,0,88.71680350088165,0,17.110935206582827,0
2671.7113746316286,0,289.4165298328365,0,112.21096975368798,0
154.02494369414947,1,369.75555636415237,0,108.00574105410084,0
5259.327869244293,1,40.28374532790422,1,65.08139062825491,1
3355.028049197083,7,43.116855145760745,1,60.81499386575158,1
567.8877603170442,0,83.13096230882536,0,123.36178603164142,0
248.661137348946,0,238.33089855746135,0,55.5245219359866,0
1460.4398195346698,0,50.89089811458544,0,48.09897379004751,0
2116.1627037453936,2,35.25752913897738,0,2.0953822210298005,1
124.4700955054449,0,490.0636263277527,0,67.32575192191467,0
156.34931592681886,1,102.36762241648181,0,59.28107871515258,0
72.3020347066642,0,247.14531114086975,0,110.03219781763062,0
580.7553748554392,1,200.29552953082236,1,250.0,0
1928.1054333736474,0,137.71351542645127,1,19.042426416452503,0
2270.0189814704636,0,434.58442466298294,0,85.03809263785291,0
2228.9699771282703,0,180.65834485782293,0,250.0,0
1092.3361204612881,0,89.96068992007109,0,10.899624309600275,0
378.6929039376496,0,113.52441643668804,0,250.0,0
1353.487828149974,1,380.1477751484662,0,23.271499498766403,0
676.7377043432888,0,191.27755620140658,1,59.28059896748041,0
838.4092370958831,1,129.6974605838078,0,15.76312075922312,0
396.2297713941854,0,102.22323396635328,0,242.47373724984297,0
129.99448856278468,1,229.59841194752727,0,15.756519275918809,0
564.0299873139021,1,802.9589608182093,0,142.92118320770973,0
157.91214320203198,0,174.2053947286452,0,44.191142881811516,0
505.7323974697591,2,96.12524462238599,0,228.5840129792411,0
373.48639494846753,2,128.459428227909,1,150.994531866112,0
142.75277500471765,1,100.4820134328276,0,250.0,0
231.20278602461005,0,77.57997012462778,0,9.68018274372126,0
547.0338121117035,0,117.84019085798089,0,199.3756091054524,0
857.7908201674934,1,46.272583247018254,0,211.8717427569452,0
1606.8353833160058,0,31.75072691811419,0,0.5656388125120547,1
375.4120204328915,0,522.8982633499994,0,38.33530387645686,0
7446.83889352997,2,40.89788446495354,0,32.700637085558334,1
128.88648346792976,0,187.32254166763212,0,23.443525161753463,0
289.32649432617694,0,366.67644104393827,1,59.982802756821,0
533.7206962008007,0,99.71839228419431,0,122.48701287463574,0
76.27189624903609,1,208.8945063888739,1,137.69638411436765,0
2337.042640891001,0,38.78980489381588,0,45.11675814742246,0
553.3206414386702,1,296.74256263123345,0,250.0,0
672.877285921654,1,96.33565040422566,0,70.34218272613685,0
262.81128744898655,0,156.60497452725875,0,210.39808591540364,0
205.11495016458784,1,293.02251315468266,0,158.72084935804529,0
2278.2701109837744,0,159.4815793746302,0,17.852628677145642,0
1388.7935866344276,0,328.5304376061178,1,32.23136902978057,0
332.4959977874254,0,282.3378132230896,0,174.989137405031,0
1197.6168753761192,0,206.02706313162253,0,72.15188149375832,0
419.0878626123806,1,143.67209324822952,0,102.48584859573015,0
453.33553963619437,0,69.54533233465342,0,69.0772185591981,0
205.42998890463085,1,199.8767920813746,0,224.26001005986583,0
207.01125724567018,0,358.14810568538957,0,85.92954270267212,0
857.3154993213609,0,202.82848688267455,0,15.850205117486722,0
1334.209180244352,2,26.909437022718667,1,3.9849369683731535,1
1191.4318452535754,0,584.2117007993716,0,145.31339319607687,0
231.5187608208994,0,356.4513735750291,0,250.0,0
2432.806047675476,0,290.1427005646813,0,130.01174740942028,0
197.30808039845232,1,214.521639534676,0,250.0,0
94.7110145209094,0,58.49742358879374,0,57.12557705920549,0
189.9102016734326,2,49.15147714074025,1,6.075830203604834,1
241.72134969409652,0,523.9272252371479,0,89.01305462777343,0
919.8169812826286,0,157.177722444093,0,25.55033794316795,0
128.43437073818077,0,1920.998807429268,1,33.44323249881582,0
198.72776643963363,2,305.45094761332973,0,250.0,0
442.4868997968773,1,2400.078520536952,0,9.47924241332941,0
73.77427014247027,0,178.30664083078338,1,250.0,0
137.38670372864618,1,285.6264117852911,0,145.00434547477747,0
305.68768401674885,0,1209.9761553272915,0,46.280414855146354,0
551.3930646862221,0,145.47847823471992,0,250.0,0
992.3236398674663,1,267.53850165630945,0,12.59861860367747,0
293.87720573795013,0,653.0187246386347,0,6.847266590287666,0
503.02136487356285,2,87.85780537591607,0,10.522299611291238,0
548.2897375001696,0,208.63430406772724,0,83.33679965423835,0
252.0500339157243,0,242.4863873675665,0,105.64425294527955,0
702.8727961321824,1,163.61904635161187,0,250.0,0
164.72874370877213,1,564.0239165157532,0,42.19301465277047,0
89.13711147649269,1,114.53650881222967,1,97.94448664531008,0
548.1657549288793,2,126.9006539204558,0,2.2317022292102884,0
173.2015188849621,0,50.14337355871897,0,214.17905638215143,0
366.76673392559485,1,528.2753044137386,1,127.54722661984619,0
400.91470681197245,1,626.6781562474515,0,89.94722660704278,0
96.66536214743203,1,263.0671582946729,0,116.85446291215159,0
462.2200266555714,0,197.3962874545275,0,250.0,0
147.944338348074,1,292.04434898806403,0,39.64537799268847,0
915.5476943255642,0,137.25626309510008,0,77.88128466469826,0
97.16229303003801,1,220.66457585960163,0,250.0,0
420.4255139157036,0,218.37048471212603,0,75.42490042080951,0
413.9721907790002,0,385.9666519991843,0,92.09755257311326,0
1212.7959507025657,1,669.4126416844149,0,250.0,0
221.74072707339715,1,108.76287354878924,0,3.460203290883139,0
309.3292117257123,0,102.29945356253523,0,48.84152782141464,0
171.1352298142463,1,111.00855769052929,0,74.70882802762313,0
411.91445995389967,0,166.64466604336107,0,93.15334430861394,0
330.3739575507946,1,99.09824774605204,0,174.36554897150668,0
478.6416597985807,0,482.86865071099317,1,118.85824731826412,0
59.799870593425034,0,73.97199077147218,0,250.0,0
355.0992465871318,1,301.22286154556286,0,121.53478196257056,0
224.00992886615947,1,300.13574686684944,0,43.31900979698095,0
235.01371477114975,1,158.65055900136173,0,250.0,0
210.95310513339416,0,62.864055262409465,0,121.70892265413163,0
554.2774893376862,0,315.02591653938555,0,47.2133866112112,0
151.89857520420003,1,98.62269745887218,0,126.51774273138126,0
156.18644914703447,1,93.16730716690498,0,115.55309337159956,0
2290.393061573602,1,580.2133498788961,0,47.684356155865586,0
594.4166606302654,1,150.33941192858163,1,38.832662277980454,0
211.81642980217987,1,162.73611982930623,0,31.07839325706329,0
897.4772251235443,0,80.34503692364389,1,225.76939844528673,0
186.51835678707855,1,41.117447140056534,0,15.694437235554563,0
457.3170884204822,2,206.46297857167755,1,199.85770065920016,0
229.58574241850434,1,109.48124099377561,0,24.71606237809505,0
220.32781171274377,0,76.64943367541505,0,56.65494339158015,0
1462.9382046765227,0,116.68275638856788,0,61.785487769347924,0
1223.011855804162,1,257.5016107988076,0,59.81076725621262,0
436.61977035167786,0,193.16394782609606,0,52.73691416304947,0
570.2493375910824,0,165.5391473231429,0,176.77200638090528,0
1585.036052483557,0,308.63485285706406,0,118.68149969385108,0
142.25966996444382,1,206.21600841508882,1,98.03530199378243,0
268.3342373658358,0,331.79893827395165,0,53.86479305877098,0
277.5543791248382,0,111.02014413026718,0,96.02244137433824,0
467.37296409869043,2,392.11833779897154,0,17.793876199807702,0
229.09428200144674,0,299.4909116274826,1,25.105361521719566,0
156.48844516981478,1,171.38749763445168,0,6.678310380525975,0
307.38230778166917,3,312.0543882969947,0,250.0,0
109.86780602432707,2,120.54339973459906,0,146.1277215318775,0
3001.8140004609704,1,28.772926581825637,1,36.074102256161886,1
1653.0972547940469,1,259.0607971635175,0,73.239017744269,0
289.26336354614256,1,114.1179196485215,0,4.659201538366748,0
224.0398100415959,0,325.06245260470615,0,250.0,0
3477.506633140795,1,51.086100338047586,0,190.2461438172736,0
228.66481358110073,0,208.78699183056784,0,97.64498193864455,0
4056.5796072066837,0,267.0961077031336,0,250.0,0
132.13918294040752,2,627.4082017083882,0,4.862662217421817,0
229.66033926016414,0,1493.6950875788652,0,8.193285133731438,0
1941.2520726641574,1,282.32458713962797,0,0.09519254420249093,0
568.978793498598,0,388.46726010601816,0,135.20444428293283,0
952.8416284265486,1,2255.9314234971985,0,38.82733847181174,0
419.02539037439306,0,518.7446609816951,0,226.4805868310023,0
165.59339470275376,1,653.821535416749,0,2.7424461655639885,0
192.15538833469355,1,698.1711663883835,1,89.6946679836302,0
220.77532178654417,2,819.4639975679337,0,21.635066138756535,0
1181.4494821994,2,70.69766203008645,1,2.759586334689722,1
176.85092218082477,2,197.28434622408054,0,247.3409007212128,0
1801.185934833909,1,15.983520103216643,1,25.53997020947657,1
118.76302882940684,1,751.9091404163261,1,18.999298692335273,0
103.35114329003665,0,227.09395880888528,0,146.94514200275515,0
533.2306809987971,2,106.40023017209045,0,65.58210229127268,0
1533.459376774729,1,92.82429874227613,1,73.17844287534616,0
1640.5019666696212,0,229.72790000097777,0,29.808007362493427,0
1686.073253018224,0,517.3073510354475,0,4.772548758991694,0
299.12422505221326,0,364.5470599424252,1,20.45012176626294,0
2098.7539055735115,1,136.11367917688682,1,40.53926467680663,0
1148.5052328356605,0,266.9289517415659,0,200.57451871810804,0
799.622307593588,0,110.43615213213153,0,250.0,0
1359.999835660641,0,238.01816889121105,0,250.0,0
725.9838806141893,4,94.33038065022866,0,1.6498134462469873,1
289.66924045886424,0,284.96438729070275,0,241.2998545165458,0
297.7223066279095,0,402.52652818438156,0,3.4888191184649995,0
40.0,0,53.83384627661648,0,188.67534954340698,0
175.00677795786387,0,99.72403841867703,0,179.53256209846722,0
596.9507210517229,3,168.23841615251288,0,82.66009967963866,0
173.59255519212513,0,134.08468781596193,0,32.0629635363946,0
298.1447689201386,1,59.502811484016,0,2.786577387649544,0
324.38859113959063,0,850.7276246017834,0,66.48016921005984,0
43.600583816588234,0,143.22036864239305,0,42.184242343195756,0
460.96632345211475,1,447.9003551657043,0,42.102514631810166,0
142.363418522728,0,96.82400217778896,0,63.41636567015832,0
990.9005126612898,1,57.22489968402417,0,70.74781261665653,0
69.92354490622557,2,82.54366808300155,0,175.25904776241077,0
162.7943923459646,0,171.39863127475465,0,41.613458727018845,0
180.0841254764656,0,121.24167318989194,0,11.257506310090315,0
1790.9949785133194,1,423.0768806826301,0,159.7707164293011,0
4432.404903812134,0,903.2609068931499,0,153.74217278081494,0
371.97841401730375,2,756.6195333862007,1,137.2857707753828,0
2753.1893005329584,0,72.26473555122708,0,24.07531115052608,0
199.63698089050982,1,80.84634495388767,0,193.45602270217898,0
310.5886641106115,0,348.3229422644126,0,50.86376010885133,0
739.91473069256,0,488.63295154654975,1,90.4852296076455,0
716.6140836873361,1,192.27316093898253,0,119.05213116035281,0
394.2632866026561,0,123.67490326508675,0,75.04530559406673,0
119.20591516902685,0,543.9462882295294,0,66.37671723702117,0
152.41329220492705,0,155.8400542549341,0,149.59416916965316,0
133.7061931966014,3,225.97657119561774,1,150.94668127527422,0
239.09888146514376,1,43.21598238471363,0,250.0,0
621.8585365761215,0,167.693965036203,1,45.741746440808,0
425.626640025919,0,57.45876195798493,0,136.02842410690963,0
3711.6544398049236,1,418.5858976269779,0,195.10269358589454,0
1017.8793408909189,0,151.0143410946877,0,240.25556630185372,0
596.6433785200529,2,499.6748437213526,0,152.29756295820968,0
88.25673566388673,0,194.49128934456064,0,209.67261866617397,0
297.0469842992274,0,249.69784770290494,1,112.58540088677435,0
520.8068396211895,0,258.09233045580544,0,172.7552087158389,0
302.5763800180413,0,108.03170132865787,1,21.502273208651577,0
435.47582027055904,1,104.205195984808,0,67.86323191105853,0
190.26272957753207,0,232.73240623975317,0,17.60600086522287,0
968.8549168747177,0,58.520651776159795,0,242.28071646237925,0
288.6243825521801,0,153.9487959723198,0,34.59957813461959,0
1050.6043744362912,2,258.5699423156719,0,73.17741068454072,0
90.39523933251108,2,153.5388387728164,0,250.0,0
820.618342080621,1,43.96141226930458,0,70.15710716130114,0
223.7665647666364,1,160.14371982204196,0,199.74472815407654,0
678.4421525707527,0,129.87263418082856,0,162.08014414630034,0
631.5910382013067,0,278.4242619370466,0,105.75096338068175,0
483.60343644517104,2,448.409650979743,0,179.24398917355674,0
111.65485157073043,2,213.84284760851216,0,112.16408943689046,0
617.5387653569501,1,630.2318204043663,0,196.53089303364536,0
951.9080839670441,0,138.36823942291696,0,250.0,0
870.2075940333048,2,311.97239101623586,0,114.95951519325817,0
856.7009226729882,5,212.3330489560816,1,8.924924561486378,1
588.0358226346322,0,295.6776770512973,0,206.357670233799,0
184.10223797570418,2,235.2580229211482,0,250.0,0
383.7774055188483,0,548.4846805565005,1,250.0,0
191.81943141370346,0,303.50460652695546,0,0.7121792715752729,0
211.82072144332753,0,228.6933951268436,0,208.33568829343,0
1327.4573686160816,3,67.94776209565514,0,20.804582392560555,1
275.0714080481046,1,556.3502787298809,0,250.0,0
327.4518541816538,2,514.412022199705,0,72.03839406321087,0
419.51808298755066,1,278.0924369420234,0,170.42436244010344,0
782.0948960762914,1,217.846886199555,0,153.36765956469236,0
1019.7118195314821,0,339.68079520838063,0,22.392120263555498,0
707.3165707253802,0,921.3591183340279,0,250.0,0
304.2090559204883,0,811.4692742643039,0,5.466489114482334,0
308.26579000380116,0,358.2441218546578,0,0.3540178993264425,0
583.202941437752,2,67.30421072507684,0,61.843600284652766,0
304.73354737172167,0,252.17052082163045,0,63.68822018466372,0
154.57285059351463,1,416.32477610691575,0,6.842286150508211,0
343.0482438271691,0,157.56604532510005,0,15.109481324975375,0
12125.93336176027,1,245.3763194709543,0,32.014477830542724,0
71.17396785843408,0,221.8239117348059,0,31.255930689642767,0
944.9929833817268,0,107.37442534496385,0,25.050879945615193,0
89.15552258340051,2,145.3602545391437,0,215.5019556783388,0
200.8681411195637,0,151.764654411517,0,136.12251260945177,0
10835.28372584201,4,75.54536233100323,1,7.021875065272729,1
124.31942328848234,0,126.9519317682462,1,71.21208861654691,0
52.294006179776254,0,74.02649564022249,0,75.95501352812357,0
184.8313140944716,0,473.90683628561317,1,72.50558228823569,0
43.91025034240043,0,36.8830266658273,1,118.13680377287898,0
1659.014918451113,1,1551.1301136650443,0,250.0,0
251.2010712462553,0,387.6329141637801,0,87.27785408158208,0
1233.1138635110733,1,487.00946261791563,0,68.99741298371528,0
255.43109009574914,0,671.8628748807815,0,134.21205286081047,0
40.0,2,233.25606513974995,0,250.0,0
40.0,0,475.6515714781384,1,108.60772803215201,0
172.13021267649432,0,119.29828636763456,0,214.21724412117854,0
574.3895408525866,0,91.40654420591503,1,34.31910542732216,0
426.70422627135736,0,349.44679068291254,1,218.87310490551627,0
44.662943178458484,0,160.66838876948654,0,202.9263470054998,0
1636.9690961650438,1,100.11398552773394,1,3.328593264240573,1
425.2761128944294,2,29.97253854594757,0,81.4517273915181,0
385.9459217644943,1,1165.5847278311376,0,34.68961898382085,0
486.66123961851827,3,405.34613082049975,0,250.0,0
3249.3912525681435,1,362.4279986876387,1,247.23686884747588,0
748.6634509462864,1,72.16727865872407,1,250.0,0
678.6212538226802,1,101.43920047843292,0,62.06455578650272,0
266.9702157340849,1,123.31292835900666,0,109.42612009236524,0
8378.97084109938,1,51.632003696822906,1,17.569342065065385,1
225.63485427412573,0,831.984184427168,1,49.66697905259848,0
7456.05656028918,2,25.658697186241998,0,15.911913809660517,1
240.04105748916862,0,348.01863058605767,0,216.71515291693842,0
579.7781323845345,0,101.78568648500996,0,127.79514794636634,0
109.93378117499016,0,172.29396272385236,0,85.08852622014513,0
339.85334350187105,1,63.83914826396674,1,250.0,0
412.1092696502243,1,228.21622647112954,0,11.732740810988014,0
207.41829876667626,1,214.41725443416914,0,250.0,0
368.581060478662,0,196.68181494248094,0,137.22377476023553,0
2673.342818285885,2,10.19518412490609,0,9.505699660501477,1
1428.7562918888698,1,147.02605800146566,1,78.0236440269897,0
85.2723430528697,0,204.9785965361177,1,36.66004567656107,0
690.2431874050217,0,432.6689766467127,1,84.51733018585634,0
1828.18797575347,2,99.8619065323353,0,3.9982915369964918,1
453.3269098960884,2,274.8773051004127,0,139.1728579014752,0
94.95548198646239,1,85.53353382785494,0,101.89049696000647,0
267.9948436993827,0,412.4700688344031,0,161.78429732652677,0
75.71478905440492,0,90.06970879014746,0,18.58809153496108,0
345.11837511303855,1,509.00856978574546,0,87.6939232433638,0
42.694824106632566,0,159.64418693503168,0,6.877087815170047,0
4384.304451662386,1,65.36750232124868,1,250.0,0
1407.402187349279,1,112.66098287075081,1,23.923782132949864,0
1013.3395912043765,1,286.4993563177012,1,33.50632251947739,0
377.50913936125596,1,417.2727859947456,0,139.6034343993306,0
87.34429105343688,0,131.7712692172527,0,250.0,0
794.4832381194827,2,243.7461999791475,0,51.34239816954029,0
269.0395952323971,0,208.53257680189608,0,13.811775244608336,0
3749.3146933171183,0,162.46971335609635,1,250.0,0
729.5747213271502,3,88.4194843791956,0,20.691464830755457,1
87.21765530519804,0,247.22975772561443,0,5.094800805657445,0
105.40333304141475,0,193.5559744569191,0,108.31584558978183,0
367.0381235857683,0,1202.3324890321533,0,55.503424002891336,0
83.62795140413273,1,330.6069325784799,0,195.11674964536502,0
1613.6087591648088,0,132.5619729917354,0,151.84050159524327,0
5016.519383985996,1,77.94087104420194,0,55.6035787786517,0
680.431480317651,0,539.2503776933504,0,250.0,0
372.6581270003011,0,411.2418511828118,0,50.37078757829923,0
783.9876476745999,0,79.30819677939911,1,212.12353221706482,0
294.35451463015954,0,155.14899415791473,0,194.56013000074938,0
1034.1961571881716,0,54.467031532383494,0,36.14838203256515,0
276.7016012393523,2,178.03403292554663,0,43.96838778383434,0
1886.4689672664306,0,347.20698538621986,0,35.888570925213855,0
1156.981728440394,0,297.87055373675247,0,250.0,0
462.14641813408304,0,101.26953661152615,0,68.7220428144014,0
119.08002762113095,0,426.68199764385076,0,48.675369521099995,0
239.64653634034767,1,743.9681965657395,0,93.63912357903021,0
141.47442152997775,0,269.8353579773209,0,67.39731197851906,0
343.1757813205378,0,166.81382707620685,0,136.94338575372177,0
253.4857019977817,1,240.6355947782683,0,222.46424248685602,0
1215.76913235771,0,192.37699626883682,0,143.97578721021281,0
77.26548476793292,0,73.30078158752718,0,70.95437191618986,0
912.1277852476344,1,60.37547016794272,0,126.7058291251979,0
2926.2653324070798,0,92.37473485722748,0,30.765993231275736,0
302.87785891636554,1,331.4666839760207,0,69.6114674178331,0
589.5402624470877,0,67.76846177215205,0,72.58268750961886,0
462.6339810883467,0,352.3862894738329,1,48.93944440613251,0
2463.984611879444,2,60.2548402600752,0,0.8879785426740272,1
1122.8264426762025,0,45.821549332813305,0,13.46583210112691,1
62.67860671631845,1,15.251221019059033,1,52.282865009104924,0
812.693546729066,0,238.10181589854787,1,35.28511143619083,0
1391.4088106472605,1,182.71109173312493,0,235.7716708097588,0
949.6508525395676,1,209.897023584579,1,250.0,0
95.32207584510874,1,79.10890534674338,0,24.661631951851,0
3263.147767837479,0,234.80469393187002,1,10.615169878256472,0
749.4849957861344,1,36.294039147773084,0,17.007811704076527,0
1568.7044320742582,0,364.8371570045678,1,161.8150221498259,0
102.0722500862317,0,753.7618586653782,1,113.56810966081375,0
695.4099584508082,0,596.0851941410585,0,191.00631262334267,0
399.34133000705594,1,1689.7847593938964,0,102.67715377238889,0
845.6011097275731,0,317.54927186145864,0,160.78081953469658,0
1727.061833085649,2,118.40355694191135,1,31.146883650500403,1
1424.5120424187814,0,128.25946163233831,0,97.32936866112057,0
194.08543410223035,0,190.64744760178922,0,250.0,0
435.6212873286266,1,521.1892553814512,0,73.30082872684646,0
394.70739838150166,0,190.49062819681527,1,250.0,0
156.11771637112946,0,180.23307965524273,0,6.335732950799736,0
1017.6888357106737,0,191.33577079149813,0,23.62346434881056,0
1071.723204240482,0,36.990892012601314,0,104.52971157968543,0
390.4283104209469,0,1023.281218111212,0,49.620233388859596,0
2532.9923907008083,1,40.44844023767476,1,23.92227663090299,1
476.1554015322059,2,98.76824407041848,0,57.779224387924636,0
610.0947736842085,1,90.81357178382889,1,246.96498820007452,0
511.0664460000304,0,360.329282887502,1,196.1000095034098,0
964.0106640162008,0,62.928776814755494,0,141.51180648862865,0
1045.1699541669375,1,413.2343451132624,0,192.8263362086313,0
4367.327625380818,0,224.321964972833,0,237.80390634598885,0
551.956096830122,0,211.50974588450066,1,86.48966715907527,0
576.6647605874622,0,151.40514293155613,0,250.0,0
155.71935698465887,0,172.51890792293082,0,100.20604266546464,0
844.740438713428,1,38.2854334884882,0,222.13081199867912,0
518.8803509061697,0,359.76424194656414,0,0.17347664552717468,0
1283.1826130145712,0,438.4558779417881,1,234.84077581275645,0
295.6252692458089,0,267.6309795066069,0,250.0,0
132.22999663409777,1,125.08079071874194,0,10.974012473739329,0
676.5294316181648,0,550.5272314324358,1,87.2820528400543,0
55.97165644953179,0,227.16640603303475,0,138.01089728530886,0
235.61519470578565,1,203.57343468024683,0,84.55755764672715,0
1734.6581325626298,0,953.6959135979757,0,250.0,0
350.0741519393028,0,549.416009497427,0,250.0,0
2521.623804114962,0,318.8227254654867,0,23.96178005901748,0
259.86721302397996,1,220.5152117739341,0,139.1846304763681,0
1270.972344051037,0,107.13464705504623,0,112.02051827065092,0
540.3204086202956,1,76.88132431440813,1,90.96449736021289,0
168.7044243410669,1,275.1387331600442,0,37.55158160624841,0
1027.5794060274386,0,324.4734718003693,0,72.53022504338081,0
64.19609716814311,1,267.0792873357929,0,138.67212459827672,0
136.560215422983,1,80.44409531452435,0,190.4832062045584,0
1475.3958045297009,1,59.370563900631865,1,27.93687194337816,1
1826.4499488176873,0,43.2744620954811,0,144.21546372242068,0
708.5660034488279,0,108.20733484679432,1,3.555518923130317,0
151.81758829547346,0,104.9268824359582,0,127.42477559565843,0
108.97656391797335,0,443.94586708483416,0,87.68278527867848,0
920.1362038640575,0,77.30972238663414,1,32.458011431920866,1
1080.2940445411414,1,58.76197686745084,0,67.08883432019249,0
361.8459087110334,2,131.89329508926457,0,18.65767132580902,0
1630.3967912145004,0,641.5534004133336,1,250.0,0
240.05701908490585,0,88.11457979440272,0,38.34821724740359,0
765.3453373362062,1,107.24673566053345,1,6.733519951694711,1
40.0,0,133.87515960267442,0,93.15763676204156,0
1989.4389781583275,5,59.537073052468195,1,37.48733783913447,1
165.08640879427062,0,89.61139918964184,0,198.8445925391516,0
308.78735230208855,0,450.5508032970883,0,250.0,0
238.27966008339718,2,78.67239548405166,0,22.615413644111126,0
442.18101501877294,0,522.4031245325734,0,130.55972172912706,0
279.3747799733032,0,132.13787048211682,0,18.752772704066267,0
630.095433331323,1,151.72534121853258,0,15.678371927501146,0
40.0,0,501.4599629044207,0,58.07482241939884,0
3134.1538801385127,1,78.97697218623985,0,61.963156781038286,0
204.27997974771102,1,161.47778143505877,1,17.322499574053477,0
157.69391983093334,1,129.65867496618307,1,27.943477877629707,0
362.88951334827993,0,113.80741685067493,0,99.7274856755622,0
931.4861080372376,1,320.98842997928176,0,8.506521312561887,0
236.89455905263813,3,14.212848260408276,0,110.71436406681492,0
1494.510251258552,1,139.657465127586,0,250.0,0
140.7757318755572,0,84.35021734069916,0,45.73243788857368,0
91.70692409122209,0,151.51017830152315,0,250.0,0
423.3501426542297,0,163.50862460576823,0,67.86069566381387,0
50.648058609626894,1,108.4336264164982,0,69.76647341551742,0
721.9318002927856,1,103.27872128701472,0,5.837206126946067,0
1559.4336144099232,1,105.66228389147773,0,46.047719462925635,0
831.8795890573048,0,181.33930263603187,0,250.0,0
165.4587466195904,0,721.956050353713,1,29.68398188166097,0
696.8538824351625,1,60.75885951546534,1,3.641623375542677,1
83.49472600305958,0,202.34570512443074,0,10.91105601109116,0
286.5956179570107,0,235.15904116457236,0,97.88892280105698,0
3238.1874381573034,1,93.39126101979521,0,184.11692414257183,0
5772.6172685232905,1,93.87169307962634,0,25.14540292970367,0
413.29127566871693,2,151.32499768875087,0,219.7117958674993,0
250.6514945121457,0,83.59653556248048,0,250.0,0
780.1617935471587,1,348.60805614324676,0,159.37695373177513,0
271.26014798253254,1,444.102622091347,0,34.8729767551952,0
421.4499555530055,1,247.6334164922298,0,104.859912302774,0
674.1567959403536,2,803.6067372821835,0,65.31087182690581,0
365.94220797007546,1,1044.9657144687785,0,72.91777631700602,0
145.68792265122124,0,356.8192967320908,0,71.21704181878488,0
120.80992916853056,0,83.57317544841524,0,88.43106621748261,0
197.46307526790798,0,116.35618225296864,0,250.0,0
281.1462308533992,0,124.96950591113149,0,228.4240265210814,0
909.9939288429917,0,183.6314650342507,0,114.64388500466166,0
3665.639900675289,0,216.5557585004034,0,250.0,0
790.4170015660233,1,312.6044645453416,0,56.041493683883886,0
135.67159057077606,0,320.22300390724774,0,29.17774869051072,0
593.4480035584727,0,205.80417910118385,0,207.19566661637026,0
339.63706475125224,0,507.62110339464897,0,46.165178949725934,0
1255.3625751519915,0,493.5095205064129,1,73.4026851136563,0
1488.0647974914266,0,42.360385350577715,0,6.451610813220546,0
552.5827881742013,1,178.60809156224218,0,250.0,0
3408.157730218307,1,45.391122390920835,1,43.9561352251298,1
360.8378892457464,0,258.07216926688295,0,27.906646600073376,0
458.9299930780281,0,265.34926069102954,0,60.21914020037429,0
348.8864563713517,0,73.58551042953312,1,15.471176865081585,0
125.13668565519464,2,246.64899206003057,1,70.05413459569067,0
378.5607266583175,0,214.3087180633414,0,31.767345152846875,0
1442.3065075709856,0,77.4678176323004,1,22.729468058534696,1
2294.9024073804876,0,151.01977658451733,0,0.06666352210538416,0
3474.4954526558754,1,204.93045142665756,0,20.087846518975482,0
1272.1977458591618,1,146.51511448951214,0,34.292097791134196,0
529.0944445528946,0,560.7400953998418,1,148.49481205231604,0
180.21001545385244,0,71.29942394270294,1,40.98973778374462,0
1301.2386985014348,0,215.37010464153116,0,103.88605176648035,0
706.9897611649461,1,70.32582465157779,0,219.27172316760044,0
2060.712327924501,1,226.7106058787308,0,115.95457137052782,0
559.3011164981936,1,355.7288939687945,0,42.24450557367477,0
482.83100683083654,1,35.3165183197664,1,113.35798186995525,0
108.58358398630979,0,127.25914001434967,0,61.4010771834936,0
162.83492553244372,0,202.44741527590307,0,73.39128871306885,0
423.660882439919,0,206.65967140586628,0,126.06523592971124,0
546.2563533423694,0,67.26039933192969,0,42.53977194360018,0
184.5126690558203,0,10.523475117745008,0,163.581042620159,0
212.1325529633864,0,54.14688873452227,0,11.916047376172227,0
284.407221487175,0,248.99419539905102,0,250.0,0
320.00960255225806,0,424.3452268163708,0,89.53076085370992,0
382.99355125460835,2,124.04657230883117,1,5.34121390464231,0
348.4223911489977,1,388.17206746607155,0,58.484211721088556,0
1481.6394684503832,1,37.563333048606125,0,4.985789670658368,1
143.8887923849153,0,56.178518207421696,0,250.0,0
1057.4675696396182,3,84.189803617615,0,58.884405114231555,0
6429.568498328162,0,42.496662936541505,1,23.107289775302345,1
114.14528022310253,0,1029.7976836820108,0,250.0,0
451.6705008434011,0,237.45529676939694,0,79.56379529240434,0
647.1063545199888,0,43.36486260006188,0,185.49735150665884,0
669.5299446570194,1,321.91693364397776,0,7.970899250494894,0
665.1234143018066,1,41.337900894703424,0,26.743185331273367,0
229.3009014204281,0,104.9961337159346,0,150.12594667784603,0
109.47968254608872,0,209.92038559438842,1,11.528619106949403,0
2090.4918077863467,0,223.29892696623756,1,71.10970474491423,0
1184.994219070318,0,239.12526311460078,0,244.79579238987807,0
1236.1680642559504,0,283.7209173073127,0,80.22276416674818,0
174.0003978817004,1,231.28709675672312,0,74.78239938834763,0
328.1907590537251,1,51.88375925022796,0,6.539791375696087,1
2299.1462254391645,0,294.43439146275165,0,25.324346488863217,0
464.50707115869506,2,68.84904164361225,0,61.79596655617563,0
869.5430726076128,0,155.70841824095032,0,212.77885873910978,0
1395.9072917258036,0,236.04506560137227,0,9.714541765118614,0
262.5591172235232,0,96.39471908360241,0,82.31807661881416,0
695.0857428615487,1,228.78033424702065,0,250.0,0
485.401285117751,1,169.159046120563,1,191.55934115783077,0
782.9931151522937,1,603.2514934214996,1,6.33582943549782,0
511.98222690027814,2,315.48333571592434,0,154.08012573679136,0
704.1297286691008,0,191.86220195235663,0,160.27654790325886,0
141.195363680591,0,896.6413085048256,0,220.02555645092897,0
1445.240098614631,0,709.0709558159866,0,62.33544348418142,0
608.8097376526662,2,522.1748533122128,0,250.0,0
1022.337425042456,1,1205.0199159718043,1,157.54908030999937,0
65.47880136975672,0,245.74913805350693,1,85.52535857794146,0
793.3133133041482,0,349.89524485061463,0,90.76942097346401,0
646.1686432460134,1,54.604260300317776,0,179.04231771958567,0
723.6990651541033,1,76.77853421330238,1,61.48341964965335,0
1763.053001046675,2,43.21352025431096,1,7.688854038664829,1
153.79673894477108,0,58.99904744950424,0,0.9500567632407728,0
407.2441986782289,0,244.18762389367882,0,250.0,0
474.71066654555926,0,97.6732028734624,0,250.0,0
1157.0899302912135,0,640.1994886638304,0,107.1235397265678,0
53.077175010003025,0,769.173160164845,0,31.157623095009182,0
8486.507857731829,0,98.5607945403076,1,9.358401675067363,1
591.7533923223613,1,260.22110856368823,0,250.0,0
156.61863936744714,1,1212.2031102407043,0,41.05877948844767,0
609.3235867399526,0,325.58386357524205,0,53.28069150707275,0
254.33820088611233,2,93.60428426980651,0,21.8076811497634,0
3141.8615616324137,2,53.54135056925867,1,12.018381957164419,1
827.1924316008631,1,53.46223579733532,0,146.10627789194905,0
118.2543123652756,0,241.98407380251948,0,170.84502527086605,0
1789.8349414700933,0,695.0261459826849,0,2.76349767411595,0
146.7985879791165,0,110.55612695062764,0,63.50901973768605,0
1944.0923207372182,2,634.2840811742424,1,250.0,0
1557.57413097895,1,104.52433924884163,0,124.34032663884024,0
146.36003813050212,1,229.61500356207245,0,23.833166414844538,0
351.55343757532864,4,37.64770247965241,0,84.06929486060822,0
792.8618030777474,1,281.3124015018616,0,53.10088689392656,0
373.33996839884685,1,447.81033380990283,0,94.77586184170255,0
400.06887802205176,0,166.04696745824674,0,20.454472063055718,0
285.3749472754769,0,292.54731448939236,0,7.561245048849907,0
654.3445414148739,3,297.82949620507753,0,25.11106166803634,0
355.78112219567623,0,380.32882962815444,0,71.49161050648895,0
942.8810089648167,0,593.3269468712102,0,239.38859894240505,0
1749.394720463285,0,971.9546138588242,0,99.43563376985868,0
57.16885779389986,0,42.16556401348691,0,14.314280427198643,0
240.13025350027652,0,95.2890029523416,0,73.63737362890689,0
879.2515231495803,0,157.28676972104788,1,99.57826775798056,0
247.1634472976968,1,295.93760742889947,0,0.5544017674694439,0
479.11750764574197,1,71.91283718326115,1,45.443703378209825,0
665.4824342677758,0,182.34806274290014,0,96.58209611499379,0
160.09254452493374,0,43.00553334734532,0,231.3469385372418,0
354.11808371556725,1,438.27038062761136,1,72.23047157579421,0
83.25541308646382,0,348.41156527000425,0,113.93965042988236,0
684.0598480642916,2,84.16157550481525,0,228.29372247742535,0
368.859561621524,0,102.34317703193511,1,136.1988338358425,0
685.9909345344413,2,121.33092363861822,0,100.73477345319547,0
354.53647489665417,1,306.5536034444063,1,114.61506478195494,0
1941.7403102332635,4,38.0914983061873,1,11.908391504555013,1
832.8327740938525,0,176.2898656598636,0,5.242944238923906,0
313.85151607957465,1,300.7482777386226,0,250.0,0
194.14860589589222,0,385.4125769498049,0,6.461249059559584,0
111.84914754789513,1,313.09375585231686,0,44.92270268462892,0
882.0378835268102,0,130.72992326834074,0,5.863704309419792,0
1057.7726145723423,0,544.4654780994005,0,17.449997901021007,0
526.6206321384271,0,307.09554024207694,0,139.80481607555663,0
294.8788511469639,0,266.54824918274437,1,7.480952395263391,0
384.839399699329,0,616.6958580272229,0,15.2483311487173,0
1154.9833458381158,0,142.54405408135887,0,250.0,0
241.09863964483273,1,89.1184864852005,0,139.14906984008348,0
7162.995044510625,0,73.79756786045897,1,250.0,0
80.30116872732548,0,136.92955866123629,0,13.739133614490317,0
705.9644349561771,0,440.07173857694124,0,23.45473087420876,0
1326.2408459716585,0,710.8857286472559,0,88.5317736077556,0
1742.0771983034363,0,306.3982619859941,0,235.41370557514526,0
506.98095759000694,0,508.28074462726516,0,96.36008125593598,0
466.589670727373,1,411.8122724498386,0,23.222101248843458,0
152.02003047763057,2,596.5859461511066,0,41.097226645845105,0
217.29743807806065,0,46.19460612336842,1,88.60619038284436,0
806.5554705841951,0,28.05771750024934,0,250.0,0
224.6927873588554,1,192.97106269960165,1,52.93790745950788,0
133.80144511850142,2,62.14979021871692,1,50.754473142949294,0
861.4324963839856,1,452.47301703925615,0,94.7258357025205,0
685.0379870273138,0,290.05979408465976,0,25.98929943506671,0
513.7655169135675,1,759.4490707686209,0,80.18335016392989,0
1697.684390504594,1,624.7245351108934,0,118.61006399304375,0
355.46021811684165,0,171.26202142856096,0,71.3423621313203,0
326.4470439263689,0,320.565109096545,1,151.14510827712638,0
690.0255493057982,2,122.6897499548175,0,38.35920473327133,0
410.63615851941375,0,75.5831186143936,0,107.33585416413544,0
815.8251384955865,0,287.16768767053276,0,102.99126711241661,0
379.055666857184,0,413.4889570675133,1,38.47458357246369,0
165.68736867350665,0,631.7232520068741,0,133.9120383764746,0
417.58105167588946,1,51.98084957744009,0,89.89212929719929,0
930.1500751065493,1,60.04245102723056,0,250.0,0
40.0,0,65.51722741156789,0,87.59733269336257,0
277.14630698616855,2,102.12452642439808,0,152.81157027812412,0
40.0,0,130.2095464360926,0,40.58924127244073,0
812.6504435913444,0,401.29933366863975,1,164.80934299331952,0
115.0185849998909,1,474.93659174642886,1,79.00226479283562,0
644.8858014155275,0,84.65666965693295,0,80.63165845995994,0
577.1957669815486,0,1028.5606769013946,0,250.0,0
423.6873225478041,0,52.803671511690574,1,13.662961455589052,0
753.4464789864503,1,222.0558604579264,0,52.178541261379976,0
3163.3490361701106,0,428.20864058421193,0,203.22612072910948,0
440.0213614547217,0,247.32716440546946,0,156.50425738245085,0
527.3092949596672,0,890.0951566581115,0,250.0,0
606.7371264767244,0,745.0871446792477,0,72.38528059185955,0
189.8904948641952,1,206.77840896073562,0,93.12233877812345,0
280.9698368819664,0,219.73709517044105,0,250.0,0
2672.90887407673,1,152.7490279339129,0,10.98256768895083,1
328.47989474705935,0,1278.062908658682,0,159.8295963920996,0
231.39805531721464,0,93.55427776838505,0,93.17784431313709,0
203.41701945808884,1,90.63208022809542,0,10.054099748958832,0
652.6331784778922,0,135.58106748384674,0,142.6761403229211,0
902.0092099742958,1,303.85413450580387,0,44.482989804563175,0
80.04915645338356,0,505.80490460656966,1,19.78599777091705,0
87.00804737228754,1,544.3301199959694,0,138.89741849258485,0
644.3254936972145,0,227.85076471334202,1,15.520230118743957,0
141.61235966528906,1,71.54140445690881,0,179.55243543901003,0
1505.1872846603867,0,202.02167771208607,0,56.25713713093308,0
732.4604897949863,1,202.02520645746955,1,48.99430590833017,0
2144.0119930338765,0,82.69644379781602,0,0.8038255693144462,0
464.35733312984246,0,72.50520502276983,0,96.44170113436971,0
281.2970066378791,0,39.514451915161004,0,72.74150543134705,0
233.94853205827266,0,198.96832333445224,1,240.27132954348178,0
329.27462898083917,1,178.86484762412243,0,46.03637064155336,0
643.7110961318166,1,108.69298706039376,0,14.150882642909565,0
133.87135342006928,1,189.86214924641155,0,79.0690432781242,0
491.329616786063,0,242.69220532990937,0,6.205262227846572,0
454.14695311708584,0,300.3045958195613,0,43.51848948511974,0
527.9301414853446,0,161.13241489117,0,246.62546144691555,0
698.0136176876755,0,281.73328215587975,0,12.08649106564257,0
326.4558057740263,0,419.6602913279225,0,73.59924113282999,0
210.4098918270346,0,68.45725221615326,1,69.90061362032955,0
209.27719591943028,0,85.4786951918611,0,21.773890561033216,0
105.8732904901052,1,227.53274604189332,1,62.56292192823566,0
2952.9849537395885,3,51.59882395268157,1,5.113066767997841,1
101.8687866266598,0,131.7898976376697,0,133.60757689408803,0
200.7386427852474,0,659.9291339437219,0,176.32207853302938,1
354.6295908846362,0,355.915345734895,0,250.0,0
2561.5915705255625,2,15.332080373460226,1,20.330326878952704,1
75.38309577165887,0,323.4713553579897,0,250.0,0
7397.850800188736,2,402.98440697829346,0,250.0,0
791.8729494413383,0,175.30317395738328,0,22.411372451212614,0
231.8942701773198,0,41.27403564439771,0,129.62924113575335,0
1538.5143378370635,1,298.54036867624234,0,221.7939201042534,0
1254.6295353372502,0,206.1931054719102,0,29.676402194441607,0
187.3798159954348,1,40.796686451909856,0,148.55043095337246,0
2745.028337644452,0,39.46387161068444,0,228.3975821115717,0
1129.7245124347767,1,8.204232845835822,1,4.497307950180697,1
141.83234194268982,0,85.90286120825378,0,65.08505159510696,0
1382.1224482357015,1,151.67285426645435,1,48.511278908398005,0
492.61964464217704,1,112.19194889517716,0,75.47830756727092,0
383.86060333527627,0,190.55987541193502,0,1.5019299278688336,0
1932.4007987821963,0,116.97579620574163,0,77.7767889077214,0
4501.090683245852,0,176.7992738621634,0,79.97813530108996,1
10808.64182502849,0,315.83856929413344,0,64.80213796080542,0
680.6818174679668,1,69.61883984472682,0,125.11207790187471,0
2284.7973736670806,0,152.35366772837995,0,63.67691291862406,0
403.83817647614626,0,334.02504731255107,1,167.97487293462842,0
459.94169354572324,0,135.68363287397108,0,34.28308377760925,0
297.5387899115788,0,628.966395199297,0,4.359794481652441,0
202.57331653402355,1,246.8220379843456,1,103.23613733607644,0
239.4029541175981,0,61.39307070978539,1,250.0,0
892.2496638562435,0,409.1910918350248,0,74.16465592034872,0
381.30202214476697,1,536.773609283478,1,72.18655232008925,0
122.37230472659351,0,48.39594949673873,1,250.0,0
508.0033933817005,0,152.7505597906324,0,244.08589287643272,0
1033.38451764527,1,257.535919568677,0,167.43609510809515,0
176.97739845485762,0,488.93911396513647,0,57.969806532550614,0
1396.1617661552004,0,325.2719718094099,0,92.94109775378364,0
195.58302923358087,1,145.62745588010208,0,24.0167790840012,0
613.1719303794273,0,192.79312852036244,0,52.587938064557214,0
288.02357038944024,1,524.3582849016699,1,128.62058598610352,0
423.7549478671873,0,333.81295977906234,1,250.0,0
147.95610885390204,1,379.50663212762777,0,34.306698095226565,0
429.0484721116342,0,151.9853699928023,0,232.45410836225867,0
872.9215883481863,1,111.02463033232561,1,19.788644584047038,0
1749.9958205046069,1,37.02516719270667,0,155.43603841937323,0
106.40673216403896,0,383.6657486749563,0,1.3856970485550215,0
3717.5563933929757,3,52.762330696683264,1,15.541814159939143,1
265.7070501803689,0,200.80688061829812,0,64.60069950801002,0
564.1955711678443,2,110.4855762239963,1,7.756048402092936,1
206.77715242277174,0,215.72173043705993,0,46.284918899684676,0
935.182682511457,1,67.92106026211196,0,79.65271810036619,0
1810.427897427628,1,759.8601541012657,1,23.018329789759886,0
624.5266811775493,1,196.43983578947208,1,79.11467496603383,0
248.47748897525048,0,163.33747987046164,0,250.0,0
309.4404582851934,0,227.7834021261971,0,232.25961935622877,0
549.9441465437839,0,64.4423904958333,0,162.1154232606589,0
453.99804390887743,1,83.7906739672444,1,54.79691056816062,0
3750.40019451169,0,734.9983912426982,0,0.9711016638344472,0
616.9898581145833,0,275.2974698453321,1,48.111801936075636,0
546.1846191480518,1,165.7019141003036,0,87.73434451112293,0
244.61602359760235,1,238.10125272542092,1,13.745489322170135,0
420.9267819441695,0,338.03443181321524,0,113.89971470830984,0
293.44584314307303,0,541.2553202219163,0,113.06345949413115,0
484.6811332282726,0,102.21728589125895,0,16.43059722132455,0
183.60788550543393,0,166.80052436542184,0,29.774524265578307,0
642.9832292845427,0,66.51706400243248,0,250.0,0
1062.7802952001784,2,166.1414893368946,0,198.29233658891982,0
396.63266508530387,0,133.60899978946912,0,250.0,0
93.09572413722205,0,138.33024022589848,0,175.15394122181274,0
67.76707256040291,0,542.381955407212,0,8.23249429062174,0
1509.3607480685425,1,42.84843180888772,0,9.950005430299727,1
1717.4573131391182,5,28.404886982307715,1,0.6774452289062058,1
663.4042322133338,0,144.5618026620583,0,150.1924321259393,0
215.6199792591398,0,223.56226388126225,0,73.8230012206868,0
140.82447036510544,0,93.59685836855792,0,126.43849793874503,0
375.73170202286246,0,197.765133090451,0,93.20059406435216,0
996.7278874926699,1,218.6574820977107,0,85.3752495742596,0
3690.643754496096,3,43.43718962699502,0,1.0097407852142384,1
245.5763338553102,0,194.50817135710008,0,23.46606331066684,0
356.69473907861124,1,321.64299726838,0,31.73484614348516,0
324.7105360963869,0,98.26964289463811,1,1.1995021082115516,0
15869.578502037833,2,91.77114870869411,1,59.14251845430969,1
537.2576249800293,1,224.40580221455272,0,87.10829623833095,0
257.24042395829025,1,239.61693783263564,0,42.10144112985259,0
347.8343580537309,0,401.3628722889543,0,169.8785889013807,0
1759.3088197537763,0,149.7978538862846,0,87.63562900762241,0
399.4460632432776,1,87.78579653887125,0,22.144747328865577,0
324.14079028954774,0,206.14676111813148,0,118.98992830819833,0
727.1164326533744,0,299.7264646457959,0,141.52683262200264,0
431.5267926952986,0,99.44115496968394,1,19.994690345149156,0
304.6130518220822,1,154.70097013406394,1,23.70745667898469,0
397.1200200261846,0,224.86686136969269,0,207.141030491309,0
545.896371845937,0,111.05071397370223,0,61.151747287752755,0
666.1431982630484,1,146.77836330883108,1,34.664267617646146,0
1861.6215020858642,0,549.2983683049713,0,66.98017565289399,0
237.5480062246335,1,80.59789801391587,0,76.97959132125217,0
803.364653841365,1,36.61142444848489,0,120.69161581451996,0
1067.5009088269458,0,254.56171370552985,0,127.98895680213244,0
717.4766471040182,1,128.87032089330222,0,244.7082974321122,0
247.02712135222285,0,52.625158975813115,1,85.10832355606577,0
763.6236599760258,1,440.97809022258076,1,37.9173005448297,0
342.15225151482696,1,255.9238692317851,0,126.03299911984526,0
307.5454052507392,0,575.6658093862918,0,22.903999129884912,0
195.97003145756278,0,125.9909217816115,0,44.28802282174617,0
430.9996330429528,0,269.2742785782506,0,128.70509439851443,0
1051.6484019962706,1,215.26327892408943,0,14.594904208054272,0
1949.5411192686513,1,76.92590701704759,1,17.16834694489164,1
260.20868779086527,1,106.10246618005068,0,31.127745753352116,0
1350.2097167756838,0,504.8749059967459,0,48.760100698620164,0
918.0437138956431,0,127.52160320412327,0,13.309533555454927,0
612.8050502196821,0,209.27253395646227,0,65.0459635036128,0
371.6318062816839,0,876.4401469314439,0,207.85305375524314,0
76.3364760866975,2,546.4093782863703,0,207.5037561027244,0
257.1801570786919,0,494.1584313811839,0,4.650641595104209,0
302.3097569363194,0,178.08992396151723,0,86.58990595747125,0
855.3961793405258,0,178.86814768496203,0,102.7037032589156,0
5305.156153998891,4,80.77302830056509,0,27.362616776677303,1
526.9896619728077,2,118.71872897209887,1,23.692685867338987,0
2325.251294779298,3,69.16386163268882,1,9.279362234091662,1
391.3638477920764,0,615.0920333998902,0,71.17633776687425,0
40.0,0,200.64727713076863,0,206.49732631033442,0
409.29616891918477,2,103.75657970166048,1,96.24824388274658,0
590.882592157456,1,96.33138099180164,1,83.78220936101708,0
217.3858534283146,2,107.2590192706529,0,121.19416148223377,0
89.44189919242389,1,154.43309822270672,0,250.0,0
40.0,0,90.56794135445611,1,66.09576102494458,0
549.4306722180411,0,243.135978039903,0,72.28926118893578,0
606.1163869191491,1,283.63020618164796,0,83.1332194047916,0
540.7431610110509,0,832.6240008931819,0,124.01665440624805,0
744.3898926429794,0,57.855959928421356,0,0.8725781088697779,0
2272.606616352162,2,193.73371954549899,0,16.060590073186518,0
560.0728999904996,1,49.650881399095816,0,65.3852918388918,0
159.57606993218934,0,251.16465378353826,0,64.93795433937018,0
1772.3190106196203,0,223.90879024465545,0,139.5486247844477,0
3563.928527556966,0,281.54147363937176,1,250.0,0
1570.1286690735255,2,137.11154868039756,0,10.560821878220674,0
560.4205821447348,2,269.79412751740875,0,25.84151293584131,0
464.8048701783919,1,293.34166224218853,0,250.0,0
2142.2211978343075,0,245.3087903199754,0,110.39118951964932,0
367.4541648816882,0,479.684790489051,0,71.96692216163173,0
288.8413869131454,0,79.10184980254826,0,63.46970517863063,0
547.3999182194074,0,97.78705524015442,0,250.0,0
763.4627265804679,0,150.1485995495029,0,84.01856111160548,0
359.12860721194,0,289.0275241108563,0,90.48063169861142,0
536.7541690081536,0,51.45878116884197,0,6.403776525064456,0
118.12033458668378,1,411.471334793662,1,250.0,0
1187.6662945593207,0,210.70638003001443,0,168.65249149494028,0
528.577649789844,1,296.45996232808966,0,250.0,0
1345.8351036401289,1,460.3153102987374,0,188.86235749897372,0
291.1509774078682,1,27.269213139072967,0,206.93968633086502,0
1040.4141673109125,1,61.7202441088743,1,160.50775149799293,0
3386.3676171963198,2,44.18756862815049,1,233.7319515596953,0
149.47221960160527,4,455.4888311576126,0,124.46633896023924,0
3753.3009511109967,0,108.76131605719593,0,133.60583754938807,0
335.8203315489316,1,353.26302560014386,0,170.65292205152767,0
537.198360532734,1,457.3439488724088,0,250.0,0
355.871875873887,2,101.77395084698665,0,103.11574380203395,0
158.4336364519278,1,125.27895041186704,0,28.527119564918983,0
808.138791162197,0,715.6032690904909,0,25.785886133311823,0
391.1583457457243,0,254.5499624351562,0,174.47180663987405,0
1377.9258876986291,1,122.63288270157855,0,80.8220901636247,0
153.6199306215545,1,225.45460841981077,1,208.31553145014857,0
219.21668870994418,1,173.9394957878164,0,233.45338663642949,0
59.51106905167848,2,276.5574890453455,0,76.19437358184943,0
1420.0547702284669,0,110.70981970644911,0,42.536639721733046,0
435.33746999222717,1,149.8223029224499,1,10.78232166833049,0
4653.195338712066,3,50.18980127212736,0,5.817385635409281,1
357.2521079478304,2,175.6142351551794,0,32.130211628625936,0
1116.3663775697235,2,98.78511881286404,0,167.03494013980372,0
523.6191224707259,0,205.37364013878644,0,44.0424080253578,0
330.01967509226074,0,113.1820144637905,0,250.0,0
202.82359142310244,0,43.869093360202264,0,19.71725766210386,0
446.28943495421356,2,525.6649644283086,0,97.29494814001595,0
453.25489218289437,1,162.36808943297748,0,150.82004169723675,0
525.3369295351952,1,107.79032193771035,0,153.8036996542826,0
291.71936255470945,0,344.32188709559364,0,80.91567853202412,0
265.1270341294903,0,1488.4080519290767,0,194.95634498499373,0
1048.6215409637764,0,36.01307943685376,0,146.73890524547917,0
73.94636355591786,1,344.4199352150587,1,250.0,0
509.7149385899948,1,375.8801456505419,0,136.28493433571344,0
7468.567136466992,0,629.1169738351455,0,43.96082668241411,0
247.862935792891,0,155.3722654568045,0,113.31941124719562,0
2535.7454189028836,1,154.79457325271173,0,21.417655069653,0
439.13011734304195,0,254.33840499956753,0,58.84686343306303,0
139.44649146338543,2,332.36280899761067,0,164.64484167526058,0
336.83157667237543,1,163.83939098520747,0,35.814132826345336,0
1537.0833192782034,1,167.28476118197844,0,105.96188773697412,0
521.8741467510737,2,387.9703752852994,0,155.03480491115673,0
791.5219301223917,0,12.566679627379816,0,11.677027608997358,0
748.7200523851949,2,69.01040984219405,0,58.12587561577721,0
970.4222830416956,0,302.90777656800265,0,55.33334916232352,0
94.23292425452837,1,368.66572618039896,0,93.71854809584856,0
5732.619716761779,1,17.20157049909821,0,30.635688665229384,1
498.45047798540145,0,322.76421161980784,0,67.97332821512528,0
2259.024909049897,1,848.8278947011322,0,76.64857874103713,0
1088.547176447455,0,326.0209568866614,0,140.38132582296336,0
717.608661556423,0,212.6146414299111,0,48.8483821841029,0
55.110794093652366,0,39.18960720637883,0,62.65357208736076,0
421.34174982606504,1,842.6788466632004,0,18.19161063752994,0
7053.838786584237,1,28.424034659225853,1,31.010556843883883,1
113.21253771783785,1,467.1134081891818,1,250.0,0
265.157111427772,0,1268.6898796683413,0,69.71345455239543,0
1178.748022137129,1,837.4352972708363,1,250.0,0
274.0806288434401,1,28.152586681223763,0,250.0,0
286.3734140989311,0,176.02309586289755,0,250.0,0
130.51019721674652,2,616.2441161095047,0,76.6418849494477,0
757.7964685935253,0,176.01545791288638,0,227.64389966368927,0
90.73740227890032,0,107.96494171607436,0,16.267231697285553,0
1789.1296069947227,3,10.168416025358749,1,21.699037261715937,1
9787.830009428735,1,49.10760845215353,1,17.691038736754336,1
442.3978956049921,0,334.8175482948828,0,7.381812360827864,0
629.5327089666016,3,35.49658968532728,1,8.780671373142148,1
481.6499252114927,1,79.03127731045937,0,23.846898438835225,0
1029.364317011661,1,54.88046398371571,1,17.70050730316395,1
554.7125630931571,0,145.10180450347613,0,48.87698923753496,0
1094.0099823766384,2,2170.7599822057878,0,171.85852327073627,0
1289.0626374146316,0,71.9413914088189,0,81.40713331937552,0
453.4957587203978,0,73.07633943948464,0,136.39553301760188,0
332.28683386801055,1,99.26411008935168,0,6.995119294367831,0
466.87104370598564,1,122.58427905660344,0,17.132092102202662,0
162.09821583094822,1,107.28805427754682,1,93.15779534747747,0
270.099312579444,2,208.92171598815057,0,111.6939375690102,0
335.41906330315487,0,230.65886087299668,0,38.139313989000634,0
572.5890649082704,1,218.79742383803207,0,25.500447609300842,0
150.23226711121663,0,39.0627740414957,0,14.820216705906525,0
228.5456649720999,1,748.3369214675361,0,40.30578567420665,0
191.75215047745945,0,654.638467503648,0,4.743148239700515,0
1973.426238614027,1,147.87120885266827,0,81.56868957904419,0
283.5284280636432,1,298.3462696939297,0,221.20904550276674,0
979.0523938553418,1,151.53381388550227,1,26.029632913582788,0
1636.2119055649305,1,236.74544149031163,0,32.90630409183669,0
5881.514429151458,0,78.44960745581585,0,46.104317438354336,0
1118.0586115561173,2,213.88173407989083,0,34.73011981404386,0
218.38073713315984,2,362.92695732027124,1,204.05490699364844,0
386.14838263067014,0,136.16374548578486,1,98.13246544952055,0
381.1106453901372,1,168.89549216017528,0,250.0,0
163.75618829373073,0,245.47858569435826,0,226.73094962317361,0
278.5413733267952,0,59.4517032309884,0,250.0,0
1097.8896962906372,0,138.00786582641717,1,250.0,0
901.3882772836165,0,170.7570010961011,0,15.146989375244695,0
458.56838477724835,1,121.74783544391872,0,6.595502526845125,0
795.5594130957843,0,220.2576483185445,0,28.237192424727983,0
117.31384501128177,0,547.9809511975749,1,250.0,0
176.43037236986316,0,1490.8053669982,0,250.0,0
215.9614319922315,0,372.9814766918956,0,85.68545386674201,0
235.01326283860473,1,140.7937326698234,0,142.09754562985006,0
204.9327358846524,0,552.7339367542953,0,12.866642290658737,0
40.0,0,305.82967857168427,0,250.0,0
1435.6032590087354,0,205.12988696570727,0,200.87802375137397,0
595.9173193325321,0,70.43670897279257,0,250.0,0
242.95847148556535,0,148.4158284826744,1,43.211644937619376,0
1304.0172162719782,1,89.81280780730012,1,2.9118917316366932,1
5094.492542072121,0,159.06698853653361,0,250.0,0
728.7381073526465,1,450.6946533280576,1,55.84671649735977,0
371.1328024631975,0,172.88952719928557,1,106.22352378759967,0
2786.6893448030537,1,157.75882343444596,0,228.40682868490083,0
361.77198519429334,0,153.63301674296653,1,250.0,0
640.260283523203,1,198.6973355186421,0,3.2907117123054257,0
100.99714773699242,0,108.63888431448022,0,115.84214460440646,0
1980.2672955114467,1,40.500028322446575,1,0.21767044386226042,1
543.1411478569455,1,281.7594747301308,0,9.454017886030197,0
1473.491575590559,0,247.97466377628217,1,85.98702680252555,0
458.62769980904693,1,322.60697277205213,0,153.68291534789103,0
784.1830617361848,1,101.62027187603698,1,34.946195274606964,0
612.9295108392948,0,598.1326401373065,0,16.03284864327503,0
2541.5207659841917,3,19.442045889931826,1,19.79290527005995,1
61.64374429443065,0,929.8991667191591,0,250.0,0
840.8888720276675,0,897.1233560337675,0,250.0,0
976.2730255923234,2,90.9480496684627,0,27.44695285645365,0
379.0419876829436,0,236.45623758544903,0,0.499713203609622,0
745.0528096464806,0,225.58824187106762,0,217.10626671516943,0
269.98610492550273,2,138.6675258037243,0,62.88297632595631,0
207.23231502166328,0,122.45316950100826,1,43.10282409615046,0
333.5889928921514,1,130.03859545875721,0,85.95375124066875,0
422.96116644183337,0,43.06152251275276,1,33.68678448018911,0
1873.6659210541084,1,176.44545300959808,0,7.68227607427402,1
269.6665412864888,1,213.52735359905014,0,250.0,0
360.3316601994668,1,476.9703031916314,0,4.598379432699602,0
68.23397819472895,0,175.09204909750437,0,89.1277834989155,0
356.729664574977,0,257.6867522658516,0,250.0,0
54.19524282265713,0,980.1666110280378,0,64.50290302273145,0
406.26751834825296,0,120.9066564665552,0,4.585255906529631,0
613.1681180612264,0,223.34354615640873,0,13.316083871780492,0
40.0,0,60.611046252729594,0,250.0,0
40.0,0,357.1265401354376,1,61.95001869987952,0
336.5626821723135,2,17.25246286398221,0,85.8539110247968,0
93.51761742411007,0,96.55328404172161,0,250.0,0
252.7408400984223,0,126.18034885361907,0,22.414387943432672,0
784.7971984606675,1,277.5260005704114,0,39.306804415733005,0
249.41972766202403,0,402.8890701929944,0,40.750353879734256,0
693.6057637551376,0,188.09543603287742,0,250.0,0
340.6971005327784,0,633.9247792478602,0,161.87580734381487,0
461.18414734037,1,224.50232191633418,1,193.07183740754144,0
157.3674762647121,0,67.75945601224596,0,173.85903758131045,0
1432.5575686632528,1,28.211333289016093,0,152.90552796394104,0
4218.612279804826,0,95.9383013549267,1,9.738288219661632,1
543.9179610981222,0,223.2064795720373,0,232.7449048294219,0
671.0021484366155,0,74.24782449644376,1,35.451539929640234,0
200.2827514999928,0,518.8689710684619,0,127.18285671984985,1
236.22667182054735,1,535.8578048163879,1,0.042563028496958796,0
235.62250300336063,0,135.73243335259482,0,1.973610528053202,0
63.843326123484225,0,402.51730749054843,0,6.376957142525852,0
936.5061980750896,2,213.62719978017125,0,250.0,0
127.16650151560727,0,97.77751633093114,0,250.0,0
9330.18384044477,1,16.98613289421452,1,227.74396666937275,0
2772.297374243202,2,37.03694427980688,1,25.278065202793154,1
565.6738139820991,1,94.63984122933418,0,9.967831987810232,0
469.98350912282217,0,122.85951231636743,0,17.29117694349528,0
152.02853183225355,0,474.1125516948084,0,126.76426342851032,0
454.16441288251303,0,329.1420067869416,0,31.986975693812173,0
334.04365898394656,0,121.68492379145461,1,7.858225470058714,0
1992.8120043475626,4,41.54097480464919,0,14.270636686442998,1
652.1247041709701,0,47.460016374408234,0,217.56229149851308,0
328.922364936091,0,49.69849033690686,0,161.70452949460267,0
346.6611395600798,1,47.423545746030186,0,250.0,0
5112.008224947171,3,39.23065999307666,0,7.255379090888401,1
360.5574884861953,0,116.05649914126684,0,250.0,0
1310.8434827427031,3,245.97872597766744,0,44.32404155857228,1
780.1690708573126,1,27.513425569365847,1,204.17522450936278,0
1232.4487880194945,0,978.0499665674258,1,52.134424980601665,0
5098.591617287445,1,92.83900997753025,0,20.23619802877701,0
570.3230595892186,2,697.3480202926419,0,27.257118220555054,0
6126.324525846217,0,215.41173548355272,0,2.9524704800550294,0
845.9717028098509,0,136.61676659320528,1,77.94306689613686,0
140.72657208636323,0,774.9760610521331,1,250.0,0
175.3995625296135,0,244.77746153523162,0,17.902023471993893,0
406.9697042541956,0,405.05686111430646,0,22.892390206914147,0
1109.4448120988511,2,318.6942645004615,0,5.325118246582567,0
1286.629429631238,1,66.3772149702181,0,102.65928864959639,0
674.599964148985,0,200.25924602068037,0,138.22028107651508,0
2824.6585036035976,0,155.03977269186697,0,13.634364233600378,0
139.87479055873814,0,91.01129137964818,1,86.80643043554213,0
1355.2132447522974,1,829.6118283665699,0,60.47578472922377,0
480.0141377681139,0,96.28189685683637,0,84.66298203320949,0
3336.408405784475,1,10.008016642200262,1,5.761515994186263,1
324.60993100199113,0,255.46042214420828,0,201.37618238065,0
861.8881934329901,0,490.0605630045268,1,217.409640973786,0
2733.0625319990536,1,716.0931753112478,0,22.480740202802114,0
102.41517772980743,0,248.88625431871168,0,24.41257707014759,0
149.58029988128516,0,294.5080823134696,0,31.118027712269228,0
627.5227315089026,2,99.12257095767876,1,54.17265069369694,0
285.08188036707617,1,235.8113065186593,1,196.30556605977583,0
2727.087668094128,2,60.06857015764139,0,38.871515584839806,0
345.7297611000561,0,691.1009106871762,0,28.61569696890294,0
97.50089105191938,2,111.0733324573254,1,245.8209407592631,0
373.10070203803326,0,47.44779045924073,0,17.630590214672882,0
1242.5361674390936,1,372.50028971464786,0,51.467137073450054,0
182.32030276140782,0,209.47106851245334,0,157.6721175246022,0
262.2526636592984,0,199.156406495762,1,78.26886201965482,0
809.0250818476436,0,366.3470007377278,0,9.05653336865721,0
413.5172474723898,1,1599.5924090001818,0,184.37948297138482,0
3136.905559695259,3,35.78439433325919,1,5.591627051083035,1
1797.7788502185977,0,197.60796119418967,0,47.8871338365131,0
742.730318161291,1,77.78392571233985,0,2.789647799411079,0
893.3662382666563,0,302.02455956273417,1,230.5419645346751,0
1233.8762782719068,0,512.6115602019694,0,90.99120377656578,0
640.1548370306543,1,419.69003098804666,0,162.36232942116757,0
825.7573931908595,0,345.58666592777865,0,50.628109926250225,0
1530.53560017167,0,329.01920736289935,0,31.558550926872563,0
1320.4242671536585,3,71.59264160041765,1,34.22809952039886,1
516.7137338256223,0,95.64787677141706,0,24.797255998955738,0
242.28400811383707,0,162.19689971627017,0,53.77831393195283,0
18614.7017853637,1,32.73257206218863,1,12.778041982927553,1
215.72065806241542,0,967.8065638808152,0,23.85024951799522,0
656.0226845544737,1,67.43265114413543,0,29.436221644582908,0
1917.0173050986004,1,29.527054950261597,1,0.7879904677241366,1
2430.142555301135,3,352.62348331411584,0,27.150681522041307,0
516.4617734325096,1,569.5806579208127,0,11.549972390977793,0
322.68751247062585,0,183.00155931629814,0,57.75484136222803,0
643.3008855050438,1,503.5423840117722,0,91.55267113548686,0
1392.4616583054801,0,70.01914829206918,0,34.13198173562845,0
1134.4994047441853,0,138.62784106993334,1,162.5698563439768,0
3266.6095231031877,1,124.54792118867783,1,52.45982778991752,0
313.63476748570554,0,31.298482173404288,0,170.0206977330287,0
1340.9773845536297,0,498.92323648514804,1,23.441573002249783,0
667.4638504685074,0,348.8880320173877,0,130.71726452297875,0
466.75628471129653,0,97.73944606257837,1,1.536574465353954,0
341.0091718936749,0,72.13279976918949,0,146.47688497741245,0
361.1566463050297,1,42.15655834769331,0,155.49762901221888,0
270.22917801556974,1,78.62530625540904,0,107.88406813211157,0
212.60463017482644,1,142.94917059500057,0,233.8721991539708,0
454.887287107552,0,104.15678065399264,0,9.497409647875463,0
227.60986166228912,0,106.95863665193609,0,67.1406383135023,0
1520.7710732010905,0,142.7600831998954,0,34.87261135581554,0
539.2652366788321,0,257.5570496203129,0,250.0,0
1099.7972541328677,0,107.89997435062844,0,27.635769059206677,0
459.6912521334982,1,113.41277442118957,0,14.218482584635895,0
143.89540243172576,1,435.26296601355426,0,250.0,0
170.1558445107576,0,126.97456514879167,1,250.0,0
250.19064110990124,1,108.09657778278795,0,155.79944414305092,0
228.37365896561607,1,209.4518076940583,0,3.5032938836122027,0
1072.4702422523244,0,629.757364524765,0,38.71543430136729,0
1136.0985340195984,0,113.65387611579592,0,93.69382203484723,0
463.29200208334424,0,124.96560228738919,0,250.0,0
432.8184613683408,1,619.5651622650943,0,39.71215022750306,0
230.65180009322978,0,377.3080727869302,0,191.11396874835003,0
639.1765192703532,1,746.7788476409505,0,121.94486598487522,0
109.47917768065568,1,539.2631346008789,0,50.4032434004556,0
1697.5371002850754,0,142.73995701611935,0,187.35100955864075,0
443.09173259419913,1,149.21519081056104,0,55.737909084992616,0
335.00750242140697,0,280.6354315797381,0,42.83089241760477,0
141.96388103876322,0,65.11776980087019,0,102.84432815681487,0
2594.701311483028,2,927.0893502515669,0,250.0,0
250.9768349086639,0,850.4361877519154,0,68.38822654962684,0
81.35152122066667,1,196.83433111923654,0,72.11916085698441,0
1612.786110091158,0,382.5451940804571,0,4.38378485130458,0
3146.3861536593504,0,116.42264139372546,0,60.62543746250279,0
57.0029361404135,0,275.585045302744,0,190.88190602244646,0
154.05120243141064,0,42.63829306447818,0,250.0,0
120.16002978816402,0,643.4520571422953,0,111.6135096363706,0
184.00529987861884,1,99.00194812156462,0,148.5550296830231,0
1517.8906844920734,2,75.15618839764583,0,8.610330472801387,0
345.5618395181619,2,243.54744169552595,0,86.13008093559841,0
1772.2267579872514,1,250.052607547858,1,15.040581190273514,0
5257.922093901119,0,847.1107248167297,0,22.308301442390523,0
1345.3394832314127,0,200.32345590024428,0,250.0,0
579.6660101212352,0,822.2075435692389,1,122.71820989525172,0
252.74955812147186,0,118.5703971751039,0,96.34688522828179,0
144.16862169314055,0,77.79448570923292,0,76.26266527488727,0
576.6267308799197,1,247.51217076437746,0,205.68320567284096,0
275.7507560329584,0,249.08650890916826,0,8.924768753673096,0
152.88268497782772,1,55.55809030195402,1,124.38044563660804,0
249.54813112886728,0,256.99616770495214,0,61.12869264863488,0
1620.4807549676946,0,356.1381189258945,0,72.46676691427152,0
5349.004363882109,1,212.8566194764175,1,111.54243835798643,0
485.24170416961334,2,175.9643713692478,0,4.319784899793957,0
3295.240595569049,0,262.84889609359936,1,250.0,0
2261.4116670415583,2,180.1183709618214,0,69.79331241340766,1
1415.781508483163,0,300.9173514657129,0,230.65744280414037,0
448.9885284291082,0,452.8087827983096,0,250.0,0
961.7757626414889,0,81.3704170213306,0,250.0,0
130.79398914728313,0,477.2113435400434,0,88.7780423715545,0
1194.1998196107602,0,137.67456315468505,0,76.33398369997089,0
345.32148090533997,2,563.2114111441695,1,238.41957433808787,0
313.2671837791301,0,325.3173061126814,0,68.19743033753338,0
117.33242973141655,1,236.43986819013148,0,34.51626727551802,0
387.61574368899886,0,232.27928607579378,0,31.27888662369927,0
872.5263587787917,1,60.10979400079889,0,57.37489263676759,0
340.0793442695837,0,227.6748390738313,0,205.6682117800305,0
435.6574659311715,0,91.82097313591692,0,30.44999993830989,0
322.81488675900437,0,228.27280747444672,0,199.78286536064815,0
502.41584865478194,1,69.035448511903,0,12.395597782259019,0
9114.535588376071,1,147.3242317472246,0,3.7389367962602864,1
1247.327448756684,1,118.27991022695775,1,205.75738557740442,0
406.6830051084991,0,157.9609904684051,0,49.48627455157889,0
375.4091689060677,0,518.6973594932098,0,100.16975240787485,0
339.89853137148896,0,80.05999765002862,0,138.9856828516433,0
1948.680490764825,0,625.6663546265952,0,22.204558613726665,0
401.5496510840448,1,488.4151928750719,0,167.8188256583801,0
198.88439893149945,2,29.02598737149878,1,59.0494429898054,0
210.23241968986125,0,33.019818077070575,1,81.83705025305775,0
40.42003657967256,0,214.67293404135845,0,57.59940549480095,0
361.28011291602536,0,155.60950767344912,1,232.4129455428125,0
983.7539567758778,1,135.9109493581644,0,62.27557114317075,0
7433.187691381368,1,70.06659510278193,0,40.60739305325641,0
793.4720294732484,1,69.1030554112545,0,185.79758282721656,0
185.01747304930086,0,278.46272571096057,0,148.51487368282204,0
629.6053884842471,1,522.8381007960201,1,14.45711587077908,0
1063.1714430031307,0,651.3111895389322,0,33.41004145005886,0
497.06711428379566,0,208.00308796550854,0,250.0,0
386.8356539424774,1,251.53829591104056,0,200.83314520812812,0
1481.2435094319972,0,156.69152903785871,0,78.8108919704597,0
282.18391382222455,2,279.5164782405122,0,9.876455024004109,0
300.56242341883393,0,307.9999085246088,0,205.1045458742754,0
289.48226166577814,2,52.322689096853594,0,9.760589853587858,1
540.9384026444443,0,248.5275452945642,0,160.97056250341328,0
1488.5936112533327,0,21.143806208183776,1,182.07784481132322,0
11130.100753793466,0,90.27474137330996,0,65.38672967949164,0
270.982959718047,0,256.1632362561116,0,68.57026794496623,0
166.62764426959973,0,556.269876859666,1,2.3254107682140432,0
2123.357734267812,1,4.596181103008928,0,18.284782292479658,1
1813.0523631324531,0,66.5099791853941,0,0.07278594115004294,0
668.596980080485,1,167.24802499308237,0,28.860928701336185,0
508.5837522091914,1,77.63566397619162,1,138.97011314786312,0
745.8429824028585,1,90.78213028926947,0,81.76396586852296,0
2010.194562701998,3,133.29590259178872,1,8.025065480310912,1
337.99281333135264,2,349.6237383184864,1,14.928934054081129,0
771.0439967065502,0,112.72826387358886,1,110.89288102523321,0
2057.7196964148216,0,46.53084798996302,0,33.393715556369905,0
420.17450526231755,0,101.28298440310394,0,161.5073549588384,0
630.0453538549425,1,196.90063294789238,1,139.18700583264294,0
1907.58111186569,0,266.30033699462876,0,250.0,0
598.4670230250421,1,32.836652997411605,1,65.45420305835623,0
547.9734776659452,0,131.598715546584,0,4.824211846661807,0
2163.419397472847,0,430.2685425740891,0,250.0,0
444.49032550993013,2,180.67491660895791,0,20.527187782688824,0
495.1907096351129,1,186.0455864656221,0,0.48925005945956157,0
1315.2485622531929,0,125.50093330806293,0,148.1096447997804,0
1742.5121747555013,1,113.71577095888263,1,46.76203004976621,0
63.95709027920755,0,494.13798007468034,0,49.449351149154474,0
176.79812034538602,0,583.5832864612161,0,2.5862690283127905,0
316.5649460244823,0,114.66683727783683,0,2.484965524803785,0
573.5768068398091,1,128.88030456782275,0,36.26186265066782,0
223.06888754128343,1,324.03301235614265,0,42.29877664798413,0
493.1305873366762,1,48.341957285705966,0,72.3587456209647,0
121.90782299938591,0,129.7650455594269,0,31.57240995658496,0
207.71232875813715,0,229.30589946635806,0,25.78033519683306,0
586.7927132421468,3,777.7286416218992,0,86.67910497398806,0
257.2491599063459,0,549.6674382277455,0,250.0,0
1246.7448030330672,0,134.11979381772218,0,55.541272634789735,0
544.0771059016835,1,79.09784547778521,0,5.028963735353848,0
953.0535920454149,1,213.86410307359108,0,227.52686545091896,0
494.51018091169544,0,187.2237092377541,1,22.067812193592957,0
464.20820559442694,0,124.51978730363197,0,130.05884464323665,0
335.32330229763187,1,50.80840417539186,0,197.04889445726585,0
3081.6963029778567,1,22.72828878147352,0,14.456047846736915,1
2423.567010953274,0,24.29174587554455,0,21.178769858113352,0
1067.7311000494715,0,94.6057212387964,0,203.65034971182092,0
335.692774261655,1,591.8164918473379,1,21.92962890958827,0
113.99982612747264,0,228.7023403530075,0,39.431110539578405,0
406.2629011752049,0,132.4263674565337,1,107.41275410255544,0
1779.6202791922178,0,281.8683942831165,0,7.506830717504651,0
186.0560461309696,1,275.6674960362043,0,206.21963468239062,0
317.6223923290569,1,663.7806650586259,0,213.80777680465047,0
6412.837208609552,0,556.2078783930452,0,100.53712832248935,0
139.71038225791764,2,310.17493363622896,0,50.80115945700235,0
1537.7300053702984,0,530.8894684080668,0,170.71682746931026,0
1871.1844693286996,1,165.4916991933846,1,8.911806674248036,0
250.64411906670537,0,133.7901270179476,0,14.087144726244388,0
454.9707341313672,0,233.07448838716468,0,34.43263531264829,0
382.946341328361,0,41.427449397118444,0,250.0,0
1418.081588970649,2,206.0887428730601,0,12.84616197308915,0
2528.4960477397285,0,345.42669049812616,0,29.231250714321163,0
111.62351537664284,0,155.94520381455192,0,136.97557406901134,0
372.7936544988251,1,122.19221517834987,0,13.414160343892284,0
1634.5995168842453,2,122.90048863916115,0,6.664932655852328,0
474.192760122928,1,280.2704145892825,0,70.28021494128147,0
680.7233572935405,0,276.13554477457996,0,89.12666935124888,0
363.4120624836966,1,1355.236474711096,0,34.978201399401016,0
455.18003493054385,0,116.65626422107991,0,156.98454114713869,0
751.7827559442488,0,1200.1038275051862,0,70.41576292786993,0
426.4371662575216,2,150.69030082617684,0,157.91964377306215,0
127.56851131963955,1,67.91213809703655,1,209.51742517699256,0
942.8232089000055,0,731.2062950422544,0,103.09374641795542,0
262.6786389481241,0,276.8707750223718,1,250.0,0
533.8969991945085,0,81.4478902808112,0,11.608547152012722,0
631.2665489809638,0,362.7438204005167,0,250.0,0
2326.178065891526,0,127.78844495135877,0,143.64597857711328,0
283.41375940018037,1,442.8947364327438,0,250.0,0
251.55298630497973,1,148.55914279122123,0,40.113743212752055,0
931.7212976179702,0,448.0950994958358,1,23.25611057343363,0
543.0607381186039,0,161.57421986768972,1,207.56746729873313,0
2016.4108034660112,0,250.1534639718585,1,119.54154100832253,0
193.98627898288493,0,174.275671248332,0,63.14856439942189,0
874.4553688851007,1,174.58062372987294,0,143.89163104077343,0
763.4144482463201,0,85.37756664916068,0,29.785963081619833,0
806.7663748719705,1,383.4707262929552,0,9.129956405135763,0
479.8072137210047,0,300.70665589636656,0,142.2438244334738,0
1547.8451500322396,1,14.70100344984254,0,3.1003677529555826,1
257.060582940977,0,247.4697674026579,0,49.3345628679944,0
618.4685100880765,0,332.39303153248267,0,39.821822237450576,0
715.2394550517351,0,476.4336344545676,1,250.0,0
2522.266808983712,0,459.0371848639769,0,250.0,0
2146.169297317257,4,54.88757193460725,1,14.43021201653372,1
107.01919002951023,0,403.7535965658944,0,2.956348254217418,0
368.0220770103846,1,194.56477269347985,0,29.31201187496128,0
1276.093405591641,1,86.19209584755323,1,24.271525669534793,1
965.044356050013,1,847.6447218394728,0,168.02479273885234,0
97.06551645229374,0,75.11596202610643,0,75.06328928034668,0
453.61173020214534,2,2108.208040015422,0,250.0,0
3104.304319135351,1,114.70972615635293,1,10.89795208764812,1
385.8939066326088,0,272.2736548830365,0,95.86116251213963,0
1360.0188980616924,1,383.88126483996166,1,197.81558082059522,0
416.5020580717845,0,236.19311330382357,0,56.527207725909896,0
335.2578238457961,1,112.72815698907827,1,52.59219987935387,0
1100.586076092526,2,92.33857553197515,1,40.96667291910768,1
160.17522256984412,0,128.93940957985254,0,94.59772679018799,0
180.01003182271555,0,285.030384153279,0,250.0,0
212.5872625538189,0,328.0373378783149,0,190.9934158249234,0
1085.9072003452077,0,169.919712086203,0,14.857128424876386,0
69.74699832503849,1,122.46533947865873,1,33.26778991498583,0
238.48375559663458,1,195.14538619100443,1,210.9969279633305,0
3462.4821563753117,0,69.52018261847765,0,161.51449289827534,0
2438.3337683790155,0,189.08079363056208,0,3.7293613009402695,0
375.82099490426367,0,338.066225814893,0,250.0,0
246.870807651902,0,204.19503526678088,0,46.333129168832976,0
195.5178539277994,0,55.698965358179045,1,3.9097892661060705,0
565.3674721415048,0,196.24181295742892,0,134.75272136610954,0
318.6491695230772,0,36.58553890126013,0,177.034541677881,0
362.32961228162725,0,54.15631853754117,0,60.435018511505646,0
1067.4688850424905,1,438.09422461665457,0,165.81041602945265,0
234.5979722383706,0,94.68327477522708,0,250.0,0
264.3754068790073,1,1187.3525293853727,1,43.190702218301915,0
1153.5847341938447,1,22.41867025585056,0,42.34209976476273,0
190.574189355602,0,158.01355809639614,0,50.188403439987155,0
295.2759397498389,0,319.34959553590704,0,97.96074653738353,0
654.2999007157225,1,81.66811435619219,1,107.60066453499705,0
296.6572417253487,1,93.66742873164432,0,197.87667022338428,0
2768.430012937488,1,45.918928125386394,1,23.250511542602844,1
448.3429967012248,0,294.9597982607516,0,250.0,0
278.8625722833532,1,125.05794394532025,0,43.44031689194471,0
136.16788983476624,0,637.9160384364868,0,250.0,0
168.9950760289216,1,175.08043590917748,0,211.17377193129244,0
572.9562881392853,2,10.787291060791919,1,6.7112490460925605,1
698.6651244869079,0,376.11867642032496,0,27.72722420813504,0
742.2692943756615,0,1722.2030475348877,0,3.120091619115571,0
1878.5472102408437,1,45.63640409260462,1,0.29083548369687984,1
170.6184060791574,1,1633.7555671909213,1,12.912954089690185,0
515.690040877625,0,192.10258637515048,1,250.0,0
70.9695850422382,0,95.85948289068689,0,101.32602760702346,0
1040.4792342786823,1,262.6673484722174,1,250.0,0
277.332584267714,0,107.24567410109829,0,245.7930172941067,0
797.5065142399858,0,153.23387039833412,0,3.4320664276804154,0
656.6887807713503,0,73.04306882440052,0,105.06620457675369,0
40.0,0,158.51537810681214,0,89.82735895210574,0
437.82278523365125,1,375.23724429889353,0,14.672579543926252,0
262.35863426698,2,50.49729103181016,0,172.52296330120237,0
671.1695646795815,0,71.57339529189859,0,196.0050056467599,0
2892.201764766254,0,62.686401577554,1,12.79647186017086,1
1041.9150296414296,0,93.17442945856605,0,38.82496158612911,0
969.4188725574431,2,85.30745970791364,0,17.119160544264314,0
618.6494436838749,1,632.8077879330668,1,250.0,0
3262.756065141661,0,58.29736008697219,0,6.7189743512377955,1
133.89254282397198,0,242.78599332502316,0,49.32629985390153,0
376.37741895054415,1,878.3316187712185,0,7.481584790963194,0
783.2164290691152,0,1744.320843950564,0,142.31260009886626,0
69.23774046265021,1,47.3118348407465,1,206.20102581326276,0
272.88015987981476,0,247.27384558939244,0,1.125180594290633,0
904.21252045716,0,162.0637491279969,0,80.56397884553579,0
137.9369932931762,0,35.830764007994205,0,73.94578403475037,0
1304.346035097619,0,3103.8902468925394,0,59.81748179547404,0
540.9866249300743,1,24.280893091797925,0,239.54554868539074,0
516.195057123453,0,137.27939222505597,1,250.0,0
123.43845890702663,0,365.7445426778518,0,250.0,0
515.8954295422468,1,104.88987640971385,1,129.06276136160255,0
432.3016139031775,0,200.39584653048877,0,48.37325307340214,0
146.392377462282,0,182.59896167511806,0,29.275363519194812,0
40.0,0,45.47590733706142,1,250.0,0
287.2020449705674,0,216.58981482134507,0,45.32162366910533,0
2220.16448005242,2,137.90495475679165,1,3.0839994981106154,1
567.6002991847258,1,284.5469052789146,0,12.765152167975767,0
1303.4325819110045,1,120.67267379235663,0,182.26838031906678,0
643.1574147058952,1,312.75596946180644,1,250.0,0
488.2257307889133,2,318.03598603138096,1,54.08135258172088,0
579.269306590488,2,309.0341708856624,0,250.0,0
162.49280508100162,1,72.86334794286125,0,105.21578800574126,0
331.8957189098399,0,575.6506023068905,0,73.56138869737067,0
206.04716326669455,0,72.96176790461928,0,201.43903744156253,0
243.51116835862123,1,395.14698206945275,0,26.313725904066196,0
273.4326008035165,1,164.1879194293852,1,141.2811115048168,0
40.0,1,300.7179262825472,0,131.74248853887326,0
250.43413273829498,0,91.83900611134429,0,69.16434212437424,0
205.40611615431908,0,760.2401530864014,0,84.56152055685575,0
524.3284463042334,1,184.14960620591782,0,111.76647737222343,0
100.67267503158205,1,583.2788287106413,0,139.07462198744872,0
268.46937305365606,0,216.42113878428844,0,6.340625040522252,0
2972.538421977456,0,379.76683750620583,0,15.744886158266727,0
95.17621237071285,0,68.336163869529,1,56.74882879971785,0
548.7421962825199,1,111.12828231943482,0,0.8754499837969097,0
6586.160371228478,2,40.908396973720265,1,9.454114023214764,1
436.51398681115717,0,166.90310150484433,0,0.0731749035040432,0
379.3857268780002,0,290.329309380917,0,124.84624327422672,0
312.5670995538755,0,418.4543794329967,0,134.92152105153923,0
325.5304085982007,1,31.414652936680977,0,138.8849179924589,0
2480.003432382666,0,152.33931880658983,0,66.72221208628574,0
999.3517142895427,0,34.16838265587878,0,240.1008852336957,0
4857.9763367071055,3,141.7744663637526,0,13.343978538366294,1
969.1044666323318,0,176.85213537787277,0,19.442620823113955,0
173.01269870732668,1,84.98963178685544,0,8.131037314912057,0
80.64739055638957,0,57.80407169349249,0,232.04863669348063,0
754.2032285067123,1,190.23997389388632,0,26.326415652282556,0
303.27575068170347,0,366.6398380416042,0,38.19970107203149,0
153.0331889985692,0,474.09228063158935,0,90.18985513673158,0
1073.7616676031112,1,62.598110219332966,0,121.9381783040849,0
546.3528608280893,0,98.49190815232382,0,183.10193669286573,0
1957.0329685054298,0,634.4447941700739,1,131.4778745788169,0
2222.2499277625743,1,530.7591625113138,0,46.747895996085006,0
375.83427257071963,0,248.9591028991375,0,250.0,0
2510.7998652803108,3,375.71057193970233,0,6.3710340929578795,0
492.6665074496713,0,49.655224783962126,1,238.35534626236708,0
749.9117492781766,1,66.46914418319807,0,63.554560506076896,0
180.89849883099512,1,108.46193667875237,0,20.57583348374442,0
141.83465366494647,0,699.1113404573285,0,21.07303608674051,0
462.84743835235355,1,314.21764716668616,0,135.55167701562277,0
583.5064114417687,1,147.65664532642828,0,245.83143252655708,0
292.15608791726737,1,148.36708150922942,1,81.4878321796888,0
187.41458007694442,0,288.3761444395737,0,18.478559035577927,0
1604.1021222284505,0,126.47165715495883,1,81.96207896700717,0
7311.77968215913,1,90.0582745175815,0,4.784607198876117,1
341.85732741930775,1,71.17377698776707,0,9.323464256980166,0
4007.63168545775,1,137.55885082962274,0,20.768857663656856,0
594.5611065311474,0,86.38692825964478,0,250.0,0
1106.6286440794488,0,283.1084930367591,0,17.4832563530151,0
180.20434679073102,0,78.87719069102434,0,250.0,0
223.6305778968262,0,56.88934249938608,0,114.18804135123928,0
77.01708400673898,0,704.6871967525055,0,227.42218420220047,0
174.43820972229537,0,149.6414218903225,0,53.98421201923108,0
955.6195596030026,1,554.1460210805889,0,250.0,0
3511.479288482856,0,379.8577762416822,1,93.80548659485956,0
290.0907115911545,0,179.4123416165545,1,211.39524279201757,0
312.15219199026103,0,174.01593266936533,0,120.19916405903662,0
881.2681043518377,0,151.8888384279203,0,197.29190916277594,0
261.82379019086585,1,154.86239533046364,0,42.32373550844906,0
812.0550681255486,1,244.5757139318047,0,40.40779876607919,0
9874.98210508756,0,812.0359956570854,0,81.09241025666189,0
149.19571199737783,0,164.04523819073512,0,107.83645307159495,0
250.76381136133358,0,159.90607133499185,0,70.30338429891293,0
264.65464632371163,0,139.19227850124477,0,125.59963161045856,0
319.547727369821,1,279.136519945378,0,14.220404283561237,0
217.52692236004006,0,518.2382477028541,0,144.30069754387802,0
212.13415058011947,0,288.24859052399165,1,105.34384785563468,0
219.2389221525964,0,89.09823693399645,0,69.73933141462457,0
414.32725020916166,0,584.0600551600439,0,31.19263162019744,0
97.76356555005718,1,141.56007017370067,0,216.96051282089286,0
284.11235241583023,0,64.4113520414708,0,30.45559255561196,0
1790.791872019243,3,39.437293878870264,1,9.284859443834083,1
245.11280712206496,0,55.16335975334618,0,68.97071544443457,0
208.32919567762775,0,938.1001562332463,0,152.14437353554985,0
166.1396926996077,0,137.29197774440706,0,2.52141287517041,0
213.60249025893145,0,323.19474526175327,0,146.65275577449054,0
1145.8816797588518,1,313.58318251732993,0,13.839454601762974,0
3244.6333179576723,0,75.57263459236401,0,15.46963751866817,1
2717.683885021875,0,223.90301754224626,0,149.68567121912486,0
368.5505144800206,1,290.6387098177551,0,57.93643680980404,0
2091.261031610796,2,22.718535718295048,1,50.58279913964173,1
178.24687764339222,0,363.78166580427114,1,214.14274573748168,0
312.16465753791147,0,83.32934192932088,0,47.7993208263301,0
1897.7123568229317,1,73.51868283721598,1,32.39217893118468,1
615.978915746558,0,206.9604293145919,0,16.17703394157939,0
345.76879618638475,1,347.42233533643144,0,140.86688511755756,0
402.09069627486974,0,538.265700297314,1,68.72159278531447,0
702.0287804374693,0,478.86292211890935,0,250.0,0
40.0,0,230.02267513239246,0,187.5082005243093,0
583.3511661563388,0,190.62435126459468,0,52.02255133512463,0
217.72493173986715,2,121.0764255279278,0,25.37892727658084,0
113.02581668188571,1,350.5271708323262,1,28.64257905302222,0
232.4257081188536,0,111.98939591175026,0,250.0,0
443.68387852831665,0,188.6637666410193,0,55.60186595802789,0
4345.481230896555,1,331.84187653622394,1,24.839577654180275,0
381.47618480830675,1,68.83025779540736,1,250.0,0
1004.8180972889085,1,72.64431916599015,0,1.3756469209402922,0
278.47970246828993,1,26.852712833532383,1,195.60739799193223,0
40.0,1,77.7512185800269,0,188.6699635073032,0
1976.015962404868,0,441.1667231890839,0,192.0344650931363,0
489.42370469744424,0,760.3890732408541,1,78.48139662980678,0
356.0835910765832,0,288.3761442217243,0,11.325462124864384,0
979.3186874905078,0,612.519593064355,1,36.34148521368942,0
133.78205191670642,0,86.66284116035057,0,34.416535576232995,0
533.723029549952,0,310.85015867299376,0,250.0,0
255.88814544733415,0,387.35360174288127,0,71.65267245985433,0
262.3606576241191,0,305.498423438392,0,95.77428403193713,0
193.64320426504725,0,60.886387169804465,0,191.3076012451257,0
690.1326335423797,0,525.1748941579339,0,142.68968639525897,0
371.1925806506959,1,241.52427206120663,0,122.91844681503741,0
690.7265825587315,0,130.64872585117186,1,243.01503472452987,0
845.2841734353582,1,474.43474305473694,0,250.0,0
219.15239370409668,0,131.49717701059754,0,87.4099479390106,0
382.8417884074794,0,111.38505218149801,0,250.0,0
447.91998454648353,1,83.25467729164686,0,34.86537755193131,0
112.90078367663271,0,246.63770481652517,0,250.0,0
402.94237895224654,1,669.4287490211985,0,14.201744540737572,0
342.5732608405717,2,181.4981310145622,0,250.0,0
751.1670491992934,4,17.80093112381843,0,12.510658818662165,1
638.4098015853195,0,235.20799856095465,0,113.08526615835466,0
122.40228186604041,1,292.2132233875404,0,0.934664441985887,0
87.13418172782924,0,281.051786944425,0,242.34575326908794,0
298.48318355584075,0,214.5646600879928,1,49.8842661590538,0
102.52585684032336,0,76.34734483147285,0,71.8506868796407,0
419.2770803731691,0,133.57745835389488,1,148.17438913578926,0
359.07252577596836,0,418.5622291892252,0,37.47841348503527,0
1192.986883157107,0,1275.59646091907,0,248.70960916453876,0
812.8676560550817,0,486.9664035512064,1,37.09561758535377,0
1235.132241272627,1,261.75252306163867,0,204.8835775681773,0
504.02109421140494,0,53.59619033928053,0,27.87222027416426,0
3319.390849817913,0,147.29237923163964,0,10.851516410223702,0
475.13604243495706,3,148.68347194279121,0,20.237937647925975,0
2682.1537390294952,0,264.142120046158,0,6.921302032381403,0
464.4350427271643,1,65.83921691186976,0,128.3543886458136,0
101.6744852807985,1,300.0359431874474,0,84.26563769679886,0
2425.2609746627986,4,25.328384471154287,1,2.4913444519517434,1
1168.6399454590685,0,188.44933001700215,1,8.871704502658796,0
40.0,0,193.67253603450425,0,99.35348033879833,0
391.1816935901064,0,128.0194119969402,0,201.9479424195587,0
73.67257504374103,0,96.24810587419488,1,50.71969007460067,0
496.8760463590829,1,216.82655195562234,0,68.95658705387606,0
916.4194388626966,0,296.0771251036069,0,230.2148762961731,0
591.1738288388018,0,406.33738626376254,0,165.34294072145184,0
509.0554690862536,1,153.63527028558025,0,1.1773179672543717,0
224.96466728040735,0,248.11909628335806,0,250.0,0
4401.33813247318,1,88.01954572636343,0,30.611846157282233,0
709.320478828967,1,278.00657257062073,0,149.2866090967105,0
530.5611407461898,0,180.18977426393874,1,58.58686710171601,0
359.9473823793529,0,478.2030474769961,0,0.07875339090055922,0
2212.7160875094296,1,497.3827083698001,0,0.06242467843031024,0
144.71823637052643,0,66.75905835864748,0,68.8956386312108,0
405.78662578203205,0,424.67938397685646,0,204.42018645097414,0
784.7808038009886,0,90.4950252084268,0,0.672524587878591,0
229.73396892154662,0,222.2305512674435,1,155.28015976707303,0
485.6821480659964,0,391.30763572115575,0,67.5963614411909,0
305.60242285730754,3,249.49752891629387,0,69.1307297253503,0
1860.7056111088164,0,150.72672852663143,0,140.98843494307948,0
424.0057661193718,1,273.9121473641328,1,149.7374626142424,0
474.1012476023464,1,282.8084398009846,0,26.26871278071631,0
3723.556726031095,3,98.85806720145544,1,0.6280341672666935,1
332.3509195841719,0,130.36966013910816,0,2.8505934957920105,0
640.3198043152541,1,593.7321402019269,0,244.04389595465673,0
232.69995724902319,0,248.31139800774557,0,54.94887361614189,0
217.8967917246035,1,175.74454633895292,0,250.0,0
270.7312388846353,1,92.34530663628857,1,23.166071063682843,0
392.7007509987934,0,260.4065995041446,0,20.565693311131696,0
3744.187209846181,2,79.80937091706116,1,11.484271968118696,1
311.54629959551414,0,215.04109140874937,0,90.35568799716481,0
2863.244829920881,1,151.6880625016033,0,142.72338112802512,0
617.2631631097834,1,606.7017742220147,0,50.209260849921385,0
972.574194239028,0,144.17891561108829,0,38.06975709265693,0
529.5175546751386,0,449.923264629681,0,45.3000129301912,0
908.9345067572583,0,348.52496397026545,0,163.91742070158037,0
88.97309889682016,0,125.51829478253765,0,35.69368030868832,0
683.8555132121634,1,289.15937127623016,0,2.340717660311342,0
800.6647115499756,1,1150.9174950550419,0,34.761437745250014,0
551.1708643175017,2,216.79005774725655,0,29.638946981818137,0
1960.5133014484127,8,32.24019704693611,1,14.70264153812031,1
657.8588919425622,0,497.64523569618933,0,18.58083597476623,0
3035.2162142048824,1,594.9605892410133,0,105.87139179134164,0
354.8034394207856,0,416.8594873741175,0,134.4119622542654,0
1357.7861993078047,1,52.0159101460922,1,2.1330924920947267,1
1421.5048475660076,1,119.572617357423,0,141.2165717953679,0
246.23079082250885,0,219.17147611100717,0,87.21523901404927,0
527.1813568474312,1,81.74011444924585,0,250.0,0
378.52269691138036,0,214.88005456858858,0,25.483271981709844,0
1239.0544047970252,1,234.86786222940722,0,114.69522139465522,0
196.50609120562157,0,146.9570052075466,0,179.06753510061378,0
99.94723073910858,1,458.8139543078107,1,159.61611882149856,0
133.45238184594857,0,315.0101356768226,0,250.0,0
364.1992032734293,2,106.99944411082335,1,105.89826228009767,0
53.22636814002012,1,143.55041960242878,0,136.89921299720717,0
872.4707396933205,2,121.4707034184565,0,201.73838741209204,0
2030.4570102148193,0,142.33317458915948,0,250.0,0
153.4710000033619,0,66.9934190226586,1,59.280129938069244,0
241.8302002337201,2,240.14193185323356,0,113.56519469966823,0
283.36227391277276,0,86.69703481978479,0,78.89719849854089,0
438.6090731633168,1,772.8996364263932,0,164.91280710066678,0
2345.3162073175154,0,160.21778669196402,0,105.45713669684345,0
309.54113412275626,0,1044.6866139594592,0,22.531243400370023,0
281.28892207531516,1,179.22015830665413,0,31.4174356463015,1
740.3851450110141,0,95.39307950206155,1,58.23587209799763,0
812.3170038136957,0,250.11748529815213,1,16.48091581257016,0
1889.8519294028094,0,108.88940124783981,1,43.45186313353079,0
327.63836945438413,0,455.3781924521395,0,250.0,0
353.80595894659587,0,293.325565880507,1,109.82572219278448,0
1447.0046903994585,0,320.4669446965029,0,36.30542088141572,0
689.0897540003085,1,98.41700303772434,0,70.41793438663998,0
2282.062140425404,0,222.93262507750197,0,92.65825814899337,0
445.23797127797775,0,75.01036101557808,0,68.21345510726803,0
434.09737989635164,0,91.5516955791536,0,250.0,0
521.8972236551597,0,341.4157122816455,0,45.13272464455339,0
160.07011167877272,0,190.11566536083092,0,226.86364619976126,0
498.5580090670316,0,142.041865476809,0,42.056785924252026,0
968.7648165244856,0,370.995090201807,0,2.8975599813573116,0
2418.8904011129403,0,3383.5096576772653,0,40.0675046273587,0
853.5987555422308,0,150.40000762611987,1,61.130007237613995,0
70.37894024836754,0,289.13804827304864,1,1.9352176431886552,0
193.1514870533162,1,222.64137041244845,0,148.54627787870865,0
533.735033844659,0,533.5865707680268,0,250.0,0
335.6456519277206,0,79.53626892329632,0,6.19542009120611,0
142.9199744663048,1,107.90723158988513,0,24.80618507773662,0
321.5403303513973,0,137.0340248782887,0,16.27748089908599,0
750.4301526133215,1,44.729233217013984,1,8.816770167616937,0
2238.7155804343606,0,86.39382248788817,0,120.91780609449958,0
168.5492788189038,1,164.67857285922338,0,91.41951565618488,0
792.8261460390381,1,230.05915236256817,0,234.31528446418145,0
